date,time,timezone,MACB,source,sourcetype,type,user,host,short,desc,version,filename,inode,notes,format,extra
2018-05-17,10:22:20.718,UTC+2,...B,CLOUD,Home,Created,A2F07N8TDIAK5U,B0F00712518400WN,TextCard,Mode Changed (iSmartAlarm),2,/Users/francesco/Switchdrive/PycharmProjects/pycift/dfrws2018/(2018-07-01_13.17.01)_CIFT_RESULT/Evidence_Library/AmazonAlexaCloud/1840d4712abb8ed67fd2acf76f7c3e1d2b56a11d.json,,"Alexa heard: ""yes"" | Alexa's answer: ""Your system will set to Arm in 30 seconds.""",JSON,"User's voice: ""https://alexa.amazon.com/api/utterance/audio/data?id=AB72C64C86AW2:1.0/2018/05/17/08/B0F00712518400WN/22:18::TNIH_2V.2a142d91-50a8-406d-85f8-5cdac2868f08ZXV/0"""
2018-05-17,10:22:13.528,UTC+2,...B,CLOUD,Home,Created,A2F07N8TDIAK5U,B0F00712518400WN,TextCard,Mode Changed (iSmartAlarm),2,/Users/francesco/Switchdrive/PycharmProjects/pycift/dfrws2018/(2018-07-01_13.17.01)_CIFT_RESULT/Evidence_Library/AmazonAlexaCloud/1840d4712abb8ed67fd2acf76f7c3e1d2b56a11d.json,,"Alexa heard: ""tell i. smart alarm to arm my system"" | Alexa's answer: ""Your Door is open, Are you sure you want to arm your system?""",JSON,"User's voice: ""https://alexa.amazon.com/api/utterance/audio/data?id=AB72C64C86AW2:1.0/2018/05/17/08/B0F00712518400WN/22:08::TNIH_2V.072f16a3-5c46-45db-99e7-967463fe9020ZXV/1"""
2018-05-17,10:16:09.456,UTC+2,...B,CLOUD,Home,Created,A2F07N8TDIAK5U,B0F00712518400WN,SalmonCard,Link Spotify,2,/Users/francesco/Switchdrive/PycharmProjects/pycift/dfrws2018/(2018-07-01_13.17.01)_CIFT_RESULT/Evidence_Library/AmazonAlexaCloud/1840d4712abb8ed67fd2acf76f7c3e1d2b56a11d.json,,"Alexa heard: ""alexa play led zeppelin"" | Alexa's answer: ""To ask Alexa to play Spotify, link your Spotify Premium account. You can also ask Alexa to ""Spotify Connect"" and control the music directly from your Spotify App.""",JSON,"User's voice: ""https://alexa.amazon.com/api/utterance/audio/data?id=AB72C64C86AW2:1.0/2018/05/17/08/B0F00712518400WN/16:07::TNIH_2V.d1cb4dd8-937c-4abf-894b-5840404fa0feZXV/0"""
2018-05-16,15:36:06.598,UTC+2,...B,CLOUD,Home,Created,A2F07N8TDIAK5U,B0F00712518400WN,TextCard,What's four and six?,2,/Users/francesco/Switchdrive/PycharmProjects/pycift/dfrws2018/(2018-07-01_13.17.01)_CIFT_RESULT/Evidence_Library/AmazonAlexaCloud/1840d4712abb8ed67fd2acf76f7c3e1d2b56a11d.json,,"Alexa heard: ""what's four and six"" | Alexa's answer: ""4 + 6 = 10""",JSON,"User's voice: ""https://alexa.amazon.com/api/utterance/audio/data?id=AB72C64C86AW2:1.0/2018/05/16/13/B0F00712518400WN/36:00::TNIH_2V.9d77a155-5b7f-4129-9512-5ea08e079c72ZXV/1"""
2018-05-16,15:35:21.505,UTC+2,...B,CLOUD,Home,Created,A2F07N8TDIAK5U,B0F00712518400WN,TextCard,What's friendsgiving?,2,/Users/francesco/Switchdrive/PycharmProjects/pycift/dfrws2018/(2018-07-01_13.17.01)_CIFT_RESULT/Evidence_Library/AmazonAlexaCloud/1840d4712abb8ed67fd2acf76f7c3e1d2b56a11d.json,,"Alexa heard: ""what's friendsgiving"" | Alexa's answer: ""'Friendsgiving' is usually defined as a thanksgiving feast held by and for someone's friends.""",JSON,"User's voice: ""https://alexa.amazon.com/api/utterance/audio/data?id=AB72C64C86AW2:1.0/2018/05/16/13/B0F00712518400WN/35:18::TNIH_2V.428d7080-bcd8-4cbd-b850-bad5e067cd4dZXV/1"""
2018-05-15,15:07:50.603,UTC+2,...B,CLOUD,Home,Created,A2F07N8TDIAK5U,B0F00712518400WN,TextCard,Bye,2,/Users/francesco/Switchdrive/PycharmProjects/pycift/dfrws2018/(2018-07-01_13.17.01)_CIFT_RESULT/Evidence_Library/AmazonAlexaCloud/1840d4712abb8ed67fd2acf76f7c3e1d2b56a11d.json,,"Alexa heard: ""bye"" | Alexa's answer: ""Goodbye.""",JSON,"User's voice: ""https://alexa.amazon.com/api/utterance/audio/data?id=AB72C64C86AW2:1.0/2018/05/15/13/B0F00712518400WN/07:48::TNIH_2V.01f4c36b-3ffe-46c8-8773-0a05a80bf4c1ZXV/1"""
2018-05-15,15:06:15.122,UTC+2,...B,CLOUD,Home,Created,A2F07N8TDIAK5U,B0F00712518400WN,WeatherCard,"Weather in Le Pigeon, Switzerland (AccuWeather.com)",2,/Users/francesco/Switchdrive/PycharmProjects/pycift/dfrws2018/(2018-07-01_13.17.01)_CIFT_RESULT/Evidence_Library/AmazonAlexaCloud/1840d4712abb8ed67fd2acf76f7c3e1d2b56a11d.json,,"Alexa heard: ""what's the weather for today""",JSON,"User's voice: ""https://alexa.amazon.com/api/utterance/audio/data?id=AB72C64C86AW2:1.0/2018/05/15/13/B0F00712518400WN/06:12::TNIH_2V.09c4df90-bf20-4f1e-b559-0e73ab62add0ZXV/1"""
2018-05-15,15:06:06.154,UTC+2,...B,CLOUD,Home,Created,A2F07N8TDIAK5U,B0F00712518400WN,TextCard,How are you?,2,/Users/francesco/Switchdrive/PycharmProjects/pycift/dfrws2018/(2018-07-01_13.17.01)_CIFT_RESULT/Evidence_Library/AmazonAlexaCloud/1840d4712abb8ed67fd2acf76f7c3e1d2b56a11d.json,,"Alexa heard: ""alexa how are you"" | Alexa's answer: ""All systems go!""",JSON,"User's voice: ""https://alexa.amazon.com/api/utterance/audio/data?id=AB72C64C86AW2:1.0/2018/05/15/13/B0F00712518400WN/06:03::TNIH_2V.e59c1388-41bb-4e9f-aedd-1bc8eb9c666dZXV/0"""
2018-05-15,15:06:01.194,UTC+2,...B,CLOUD,Home,Created,A2F07N8TDIAK5U,B0F00712518400WN,TextCard,Say hello,2,/Users/francesco/Switchdrive/PycharmProjects/pycift/dfrws2018/(2018-07-01_13.17.01)_CIFT_RESULT/Evidence_Library/AmazonAlexaCloud/1840d4712abb8ed67fd2acf76f7c3e1d2b56a11d.json,,"Alexa heard: ""alexa say hello"" | Alexa's answer: ""Hi!""",JSON,"User's voice: ""https://alexa.amazon.com/api/utterance/audio/data?id=AB72C64C86AW2:1.0/2018/05/15/13/B0F00712518400WN/05:54::TNIH_2V.d9e382ee-4be6-4125-9fb2-293c8fe36ce7ZXV/0"""
2018-05-15,13:38:46.440,UTC+2,...B,CLOUD,Home,Created,A2F07N8TDIAK5U,515cefc2f44e41dc9b6a4f7d54820900,TextCard,Welcome!,2,/Users/francesco/Switchdrive/PycharmProjects/pycift/dfrws2018/(2018-07-01_13.17.01)_CIFT_RESULT/Evidence_Library/AmazonAlexaCloud/1840d4712abb8ed67fd2acf76f7c3e1d2b56a11d.json,,"Alexa's answer: ""Amazon is excited to bring you Alexa on your mobile device so you can use voice to ask for weather, check traffic, control your smart home, and more. Follow the link below to customize your settings.""",JSON,-
2018-05-15,11:28:58.125,UTC+2,...B,CLOUD,Home,Created,A2F07N8TDIAK5U,B0F00712518400WN,TextCard,Mode Changed (iSmartAlarm),2,/Users/francesco/Switchdrive/PycharmProjects/pycift/dfrws2018/(2018-07-01_13.17.01)_CIFT_RESULT/Evidence_Library/AmazonAlexaCloud/1840d4712abb8ed67fd2acf76f7c3e1d2b56a11d.json,,"Alexa heard: ""tell i. smart alarm to arm my system"" | Alexa's answer: ""Your Door is open, Are you sure you want to arm your system?""",JSON,"User's voice: ""https://alexa.amazon.com/api/utterance/audio/data?id=AB72C64C86AW2:1.0/2018/05/15/09/B0F00712518400WN/28:54::TNIH_2V.cd527bb3-9528-4a38-b233-3f8c4f601eddZXV/1"""
2018-05-30,11:10:01.989,UTC+2,...B,CLOUD,Activity History,Created,A2F07N8TDIAK5U,B0F00712518400WN,History,-,2,/Users/francesco/Switchdrive/PycharmProjects/pycift/dfrws2018/(2018-07-01_13.17.01)_CIFT_RESULT/Evidence_Library/AmazonAlexaCloud/ce9240f8f4e8944dfec2ca8f607e451e4d03a474.json,,DISCARDED_NON_DEVICE_DIRECTED_INTENT,JSON,"User's voice: ""https://alexa.amazon.com/api/utterance/audio/data?id=AB72C64C86AW2:1.0/2018/05/30/09/B0F00712518400WN/09:58::TNIH_2V.24f8b8e7-0783-48c9-bd96-aaeb3e1d4caaZXV"""
2018-05-17,10:22:25.439,UTC+2,...B,CLOUD,Activity History,Created,A2F07N8TDIAK5U,B0F00712518400WN,History,-,2,/Users/francesco/Switchdrive/PycharmProjects/pycift/dfrws2018/(2018-07-01_13.17.01)_CIFT_RESULT/Evidence_Library/AmazonAlexaCloud/ce9240f8f4e8944dfec2ca8f607e451e4d03a474.json,,DISCARDED_NON_DEVICE_DIRECTED_INTENT,JSON,"User's voice: ""https://alexa.amazon.com/api/utterance/audio/data?id=AB72C64C86AW2:1.0/2018/05/17/08/B0F00712518400WN/22:24::TNIH_2V.9f80b65c-455f-4c91-ae96-f1758bcc6230ZXV"""
2018-05-17,10:22:20.718,UTC+2,...B,CLOUD,Activity History,Created,A2F07N8TDIAK5U,B0F00712518400WN,History,yes,2,/Users/francesco/Switchdrive/PycharmProjects/pycift/dfrws2018/(2018-07-01_13.17.01)_CIFT_RESULT/Evidence_Library/AmazonAlexaCloud/ce9240f8f4e8944dfec2ca8f607e451e4d03a474.json,,SUCCESS,JSON,"User's voice: ""https://alexa.amazon.com/api/utterance/audio/data?id=AB72C64C86AW2:1.0/2018/05/17/08/B0F00712518400WN/22:18::TNIH_2V.2a142d91-50a8-406d-85f8-5cdac2868f08ZXV/0"""
2018-05-17,10:22:13.528,UTC+2,...B,CLOUD,Activity History,Created,A2F07N8TDIAK5U,B0F00712518400WN,History,tell i. smart alarm to arm my system,2,/Users/francesco/Switchdrive/PycharmProjects/pycift/dfrws2018/(2018-07-01_13.17.01)_CIFT_RESULT/Evidence_Library/AmazonAlexaCloud/ce9240f8f4e8944dfec2ca8f607e451e4d03a474.json,,SUCCESS,JSON,"User's voice: ""https://alexa.amazon.com/api/utterance/audio/data?id=AB72C64C86AW2:1.0/2018/05/17/08/B0F00712518400WN/22:08::TNIH_2V.072f16a3-5c46-45db-99e7-967463fe9020ZXV/1"""
2018-05-17,10:22:09.229,UTC+2,...B,CLOUD,Activity History,Created,A2F07N8TDIAK5U,B0F00712518400WN,History,alexa,2,/Users/francesco/Switchdrive/PycharmProjects/pycift/dfrws2018/(2018-07-01_13.17.01)_CIFT_RESULT/Evidence_Library/AmazonAlexaCloud/ce9240f8f4e8944dfec2ca8f607e451e4d03a474.json,,SUCCESS,JSON,"User's voice: ""https://alexa.amazon.com/api/utterance/audio/data?id=AB72C64C86AW2:1.0/2018/05/17/08/B0F00712518400WN/22:08::TNIH_2V.072f16a3-5c46-45db-99e7-967463fe9020ZXV"""
2018-05-17,10:16:20.470,UTC+2,...B,CLOUD,Activity History,Created,A2F07N8TDIAK5U,B0F00712518400WN,History,Unknown,2,/Users/francesco/Switchdrive/PycharmProjects/pycift/dfrws2018/(2018-07-01_13.17.01)_CIFT_RESULT/Evidence_Library/AmazonAlexaCloud/ce9240f8f4e8944dfec2ca8f607e451e4d03a474.json,,SUCCESS,JSON,"User's voice: ""https://alexa.amazon.com/api/utterance/audio/data?id=AB72C64C86AW2:1.0/2018/05/17/08/B0F00712518400WN/16:15::TNIH_2V.0beae27e-6b90-4e8d-9a2e-689e3f1b3c6eZXV"""
2018-05-17,10:16:09.456,UTC+2,...B,CLOUD,Activity History,Created,A2F07N8TDIAK5U,B0F00712518400WN,History,alexa play led zeppelin,2,/Users/francesco/Switchdrive/PycharmProjects/pycift/dfrws2018/(2018-07-01_13.17.01)_CIFT_RESULT/Evidence_Library/AmazonAlexaCloud/ce9240f8f4e8944dfec2ca8f607e451e4d03a474.json,,INVALID,JSON,"User's voice: ""https://alexa.amazon.com/api/utterance/audio/data?id=AB72C64C86AW2:1.0/2018/05/17/08/B0F00712518400WN/16:07::TNIH_2V.d1cb4dd8-937c-4abf-894b-5840404fa0feZXV"""
2018-05-16,15:36:12.761,UTC+2,...B,CLOUD,Activity History,Created,A2F07N8TDIAK5U,B0F00712518400WN,History,-,2,/Users/francesco/Switchdrive/PycharmProjects/pycift/dfrws2018/(2018-07-01_13.17.01)_CIFT_RESULT/Evidence_Library/AmazonAlexaCloud/ce9240f8f4e8944dfec2ca8f607e451e4d03a474.json,,DISCARDED_NON_DEVICE_DIRECTED_INTENT,JSON,"User's voice: ""https://alexa.amazon.com/api/utterance/audio/data?id=AB72C64C86AW2:1.0/2018/05/16/13/B0F00712518400WN/36:10::TNIH_2V.4c169b61-ad88-4c44-94d9-56483e880172ZXV"""
2018-05-16,15:36:06.598,UTC+2,...B,CLOUD,Activity History,Created,A2F07N8TDIAK5U,B0F00712518400WN,History,what's four and six,2,/Users/francesco/Switchdrive/PycharmProjects/pycift/dfrws2018/(2018-07-01_13.17.01)_CIFT_RESULT/Evidence_Library/AmazonAlexaCloud/ce9240f8f4e8944dfec2ca8f607e451e4d03a474.json,,SUCCESS,JSON,"User's voice: ""https://alexa.amazon.com/api/utterance/audio/data?id=AB72C64C86AW2:1.0/2018/05/16/13/B0F00712518400WN/36:00::TNIH_2V.9d77a155-5b7f-4129-9512-5ea08e079c72ZXV"""
2018-05-16,15:36:00.557,UTC+2,...B,CLOUD,Activity History,Created,A2F07N8TDIAK5U,B0F00712518400WN,History,alexa,2,/Users/francesco/Switchdrive/PycharmProjects/pycift/dfrws2018/(2018-07-01_13.17.01)_CIFT_RESULT/Evidence_Library/AmazonAlexaCloud/ce9240f8f4e8944dfec2ca8f607e451e4d03a474.json,,SUCCESS,JSON,"User's voice: ""https://alexa.amazon.com/api/utterance/audio/data?id=AB72C64C86AW2:1.0/2018/05/16/13/B0F00712518400WN/36:00::TNIH_2V.9d77a155-5b7f-4129-9512-5ea08e079c72ZXV"""
2018-05-16,15:35:31.821,UTC+2,...B,CLOUD,Activity History,Created,A2F07N8TDIAK5U,B0F00712518400WN,History,-,2,/Users/francesco/Switchdrive/PycharmProjects/pycift/dfrws2018/(2018-07-01_13.17.01)_CIFT_RESULT/Evidence_Library/AmazonAlexaCloud/ce9240f8f4e8944dfec2ca8f607e451e4d03a474.json,,DISCARDED_NON_DEVICE_DIRECTED_INTENT,JSON,"User's voice: ""https://alexa.amazon.com/api/utterance/audio/data?id=AB72C64C86AW2:1.0/2018/05/16/13/B0F00712518400WN/35:27::TNIH_2V.fd90f6ff-ff72-44e6-b258-c523b0a2e9d4ZXV"""
2018-05-16,15:35:21.505,UTC+2,...B,CLOUD,Activity History,Created,A2F07N8TDIAK5U,B0F00712518400WN,History,what's friendsgiving,2,/Users/francesco/Switchdrive/PycharmProjects/pycift/dfrws2018/(2018-07-01_13.17.01)_CIFT_RESULT/Evidence_Library/AmazonAlexaCloud/ce9240f8f4e8944dfec2ca8f607e451e4d03a474.json,,SUCCESS,JSON,"User's voice: ""https://alexa.amazon.com/api/utterance/audio/data?id=AB72C64C86AW2:1.0/2018/05/16/13/B0F00712518400WN/35:18::TNIH_2V.428d7080-bcd8-4cbd-b850-bad5e067cd4dZXV"""
2018-05-16,15:35:18.930,UTC+2,...B,CLOUD,Activity History,Created,A2F07N8TDIAK5U,B0F00712518400WN,History,alexa,2,/Users/francesco/Switchdrive/PycharmProjects/pycift/dfrws2018/(2018-07-01_13.17.01)_CIFT_RESULT/Evidence_Library/AmazonAlexaCloud/ce9240f8f4e8944dfec2ca8f607e451e4d03a474.json,,SUCCESS,JSON,"User's voice: ""https://alexa.amazon.com/api/utterance/audio/data?id=AB72C64C86AW2:1.0/2018/05/16/13/B0F00712518400WN/35:18::TNIH_2V.428d7080-bcd8-4cbd-b850-bad5e067cd4dZXV"""
2018-05-16,15:35:02.487,UTC+2,...B,CLOUD,Activity History,Created,A2F07N8TDIAK5U,B0F00712518400WN,History,incredible,2,/Users/francesco/Switchdrive/PycharmProjects/pycift/dfrws2018/(2018-07-01_13.17.01)_CIFT_RESULT/Evidence_Library/AmazonAlexaCloud/ce9240f8f4e8944dfec2ca8f607e451e4d03a474.json,,SUCCESS,JSON,"User's voice: ""https://alexa.amazon.com/api/utterance/audio/data?id=AB72C64C86AW2:1.0/2018/05/16/13/B0F00712518400WN/34:58::TNIH_2V.4ebe6e51-a847-40d1-a8e0-d519e71873dfZXV/0"""
2018-05-16,15:34:19.228,UTC+2,...B,CLOUD,Activity History,Created,A2F07N8TDIAK5U,B0F00712518400WN,History,what's up,2,/Users/francesco/Switchdrive/PycharmProjects/pycift/dfrws2018/(2018-07-01_13.17.01)_CIFT_RESULT/Evidence_Library/AmazonAlexaCloud/ce9240f8f4e8944dfec2ca8f607e451e4d03a474.json,,SUCCESS,JSON,"User's voice: ""https://alexa.amazon.com/api/utterance/audio/data?id=AB72C64C86AW2:1.0/2018/05/16/13/B0F00712518400WN/34:16::TNIH_2V.afa548d0-087c-4c04-a0f2-f55f3beec9f6ZXV"""
2018-05-16,15:34:17.369,UTC+2,...B,CLOUD,Activity History,Created,A2F07N8TDIAK5U,B0F00712518400WN,History,alexa,2,/Users/francesco/Switchdrive/PycharmProjects/pycift/dfrws2018/(2018-07-01_13.17.01)_CIFT_RESULT/Evidence_Library/AmazonAlexaCloud/ce9240f8f4e8944dfec2ca8f607e451e4d03a474.json,,SUCCESS,JSON,"User's voice: ""https://alexa.amazon.com/api/utterance/audio/data?id=AB72C64C86AW2:1.0/2018/05/16/13/B0F00712518400WN/34:16::TNIH_2V.afa548d0-087c-4c04-a0f2-f55f3beec9f6ZXV"""
2018-05-15,15:07:50.603,UTC+2,...B,CLOUD,Activity History,Created,A2F07N8TDIAK5U,B0F00712518400WN,History,bye,2,/Users/francesco/Switchdrive/PycharmProjects/pycift/dfrws2018/(2018-07-01_13.17.01)_CIFT_RESULT/Evidence_Library/AmazonAlexaCloud/ce9240f8f4e8944dfec2ca8f607e451e4d03a474.json,,SUCCESS,JSON,"User's voice: ""https://alexa.amazon.com/api/utterance/audio/data?id=AB72C64C86AW2:1.0/2018/05/15/13/B0F00712518400WN/07:48::TNIH_2V.01f4c36b-3ffe-46c8-8773-0a05a80bf4c1ZXV"""
2018-05-15,15:07:49.248,UTC+2,...B,CLOUD,Activity History,Created,A2F07N8TDIAK5U,B0F00712518400WN,History,alexa,2,/Users/francesco/Switchdrive/PycharmProjects/pycift/dfrws2018/(2018-07-01_13.17.01)_CIFT_RESULT/Evidence_Library/AmazonAlexaCloud/ce9240f8f4e8944dfec2ca8f607e451e4d03a474.json,,SUCCESS,JSON,"User's voice: ""https://alexa.amazon.com/api/utterance/audio/data?id=AB72C64C86AW2:1.0/2018/05/15/13/B0F00712518400WN/07:48::TNIH_2V.01f4c36b-3ffe-46c8-8773-0a05a80bf4c1ZXV"""
2018-05-15,15:07:43.789,UTC+2,...B,CLOUD,Activity History,Created,A2F07N8TDIAK5U,B0F00712518400WN,History,well i see you soon,2,/Users/francesco/Switchdrive/PycharmProjects/pycift/dfrws2018/(2018-07-01_13.17.01)_CIFT_RESULT/Evidence_Library/AmazonAlexaCloud/ce9240f8f4e8944dfec2ca8f607e451e4d03a474.json,,SUCCESS,JSON,"User's voice: ""https://alexa.amazon.com/api/utterance/audio/data?id=AB72C64C86AW2:1.0/2018/05/15/13/B0F00712518400WN/07:41::TNIH_2V.e11a98f6-cd12-46de-9cd3-e9175e9d27a4ZXV"""
2018-05-15,15:07:41.753,UTC+2,...B,CLOUD,Activity History,Created,A2F07N8TDIAK5U,B0F00712518400WN,History,alexa,2,/Users/francesco/Switchdrive/PycharmProjects/pycift/dfrws2018/(2018-07-01_13.17.01)_CIFT_RESULT/Evidence_Library/AmazonAlexaCloud/ce9240f8f4e8944dfec2ca8f607e451e4d03a474.json,,SUCCESS,JSON,"User's voice: ""https://alexa.amazon.com/api/utterance/audio/data?id=AB72C64C86AW2:1.0/2018/05/15/13/B0F00712518400WN/07:41::TNIH_2V.e11a98f6-cd12-46de-9cd3-e9175e9d27a4ZXV"""
2018-05-15,15:07:36.174,UTC+2,...B,CLOUD,Activity History,Created,A2F07N8TDIAK5U,B0F00712518400WN,History,-,2,/Users/francesco/Switchdrive/PycharmProjects/pycift/dfrws2018/(2018-07-01_13.17.01)_CIFT_RESULT/Evidence_Library/AmazonAlexaCloud/ce9240f8f4e8944dfec2ca8f607e451e4d03a474.json,,DISCARDED_NON_DEVICE_DIRECTED_INTENT,JSON,"User's voice: ""https://alexa.amazon.com/api/utterance/audio/data?id=AB72C64C86AW2:1.0/2018/05/15/13/B0F00712518400WN/07:34::TNIH_2V.0447e3ca-7189-4f37-b914-fc611a10d637ZXV"""
2018-05-15,15:07:31.388,UTC+2,...B,CLOUD,Activity History,Created,A2F07N8TDIAK5U,B0F00712518400WN,History,did you have another story,2,/Users/francesco/Switchdrive/PycharmProjects/pycift/dfrws2018/(2018-07-01_13.17.01)_CIFT_RESULT/Evidence_Library/AmazonAlexaCloud/ce9240f8f4e8944dfec2ca8f607e451e4d03a474.json,,SUCCESS,JSON,"User's voice: ""https://alexa.amazon.com/api/utterance/audio/data?id=AB72C64C86AW2:1.0/2018/05/15/13/B0F00712518400WN/07:28::TNIH_2V.0e3693f7-962b-45e3-9842-d897b692c9d7ZXV"""
2018-05-15,15:07:29.457,UTC+2,...B,CLOUD,Activity History,Created,A2F07N8TDIAK5U,B0F00712518400WN,History,alexa,2,/Users/francesco/Switchdrive/PycharmProjects/pycift/dfrws2018/(2018-07-01_13.17.01)_CIFT_RESULT/Evidence_Library/AmazonAlexaCloud/ce9240f8f4e8944dfec2ca8f607e451e4d03a474.json,,SUCCESS,JSON,"User's voice: ""https://alexa.amazon.com/api/utterance/audio/data?id=AB72C64C86AW2:1.0/2018/05/15/13/B0F00712518400WN/07:28::TNIH_2V.0e3693f7-962b-45e3-9842-d897b692c9d7ZXV"""
2018-05-15,15:07:25.106,UTC+2,...B,CLOUD,Activity History,Created,A2F07N8TDIAK5U,B0F00712518400WN,History,-,2,/Users/francesco/Switchdrive/PycharmProjects/pycift/dfrws2018/(2018-07-01_13.17.01)_CIFT_RESULT/Evidence_Library/AmazonAlexaCloud/ce9240f8f4e8944dfec2ca8f607e451e4d03a474.json,,DISCARDED_NON_DEVICE_DIRECTED_INTENT,JSON,"User's voice: ""https://alexa.amazon.com/api/utterance/audio/data?id=AB72C64C86AW2:1.0/2018/05/15/13/B0F00712518400WN/07:18::TNIH_2V.5f36e530-da6b-42dc-a0f5-5e3a10c8872cZXV"""
2018-05-15,15:06:50.541,UTC+2,...B,CLOUD,Activity History,Created,A2F07N8TDIAK5U,B0F00712518400WN,History,what's up,2,/Users/francesco/Switchdrive/PycharmProjects/pycift/dfrws2018/(2018-07-01_13.17.01)_CIFT_RESULT/Evidence_Library/AmazonAlexaCloud/ce9240f8f4e8944dfec2ca8f607e451e4d03a474.json,,SUCCESS,JSON,"User's voice: ""https://alexa.amazon.com/api/utterance/audio/data?id=AB72C64C86AW2:1.0/2018/05/15/13/B0F00712518400WN/06:47::TNIH_2V.a1ba6bee-35f3-4781-a64e-80c704c42cd6ZXV"""
2018-05-15,15:06:49.196,UTC+2,...B,CLOUD,Activity History,Created,A2F07N8TDIAK5U,B0F00712518400WN,History,-,2,/Users/francesco/Switchdrive/PycharmProjects/pycift/dfrws2018/(2018-07-01_13.17.01)_CIFT_RESULT/Evidence_Library/AmazonAlexaCloud/ce9240f8f4e8944dfec2ca8f607e451e4d03a474.json,,DISCARDED_NON_DEVICE_DIRECTED_INTENT,JSON,"User's voice: ""https://alexa.amazon.com/api/utterance/audio/data?id=AB72C64C86AW2:1.0/2018/05/15/13/B0F00712518400WN/06:47::TNIH_2V.a1ba6bee-35f3-4781-a64e-80c704c42cd6ZXV"""
2018-05-15,15:06:47.853,UTC+2,...B,CLOUD,Activity History,Created,A2F07N8TDIAK5U,B0F00712518400WN,History,alexa,2,/Users/francesco/Switchdrive/PycharmProjects/pycift/dfrws2018/(2018-07-01_13.17.01)_CIFT_RESULT/Evidence_Library/AmazonAlexaCloud/ce9240f8f4e8944dfec2ca8f607e451e4d03a474.json,,SUCCESS,JSON,"User's voice: ""https://alexa.amazon.com/api/utterance/audio/data?id=AB72C64C86AW2:1.0/2018/05/15/13/B0F00712518400WN/06:47::TNIH_2V.a1ba6bee-35f3-4781-a64e-80c704c42cd6ZXV"""
2018-05-15,15:06:29.681,UTC+2,...B,CLOUD,Activity History,Created,A2F07N8TDIAK5U,B0F00712518400WN,History,-,2,/Users/francesco/Switchdrive/PycharmProjects/pycift/dfrws2018/(2018-07-01_13.17.01)_CIFT_RESULT/Evidence_Library/AmazonAlexaCloud/ce9240f8f4e8944dfec2ca8f607e451e4d03a474.json,,DISCARDED_NON_DEVICE_DIRECTED_INTENT,JSON,"User's voice: ""https://alexa.amazon.com/api/utterance/audio/data?id=AB72C64C86AW2:1.0/2018/05/15/13/B0F00712518400WN/06:28::TNIH_2V.865aaa86-2b46-4ded-868a-8c8b0db9a14cZXV"""
2018-05-15,15:06:15.122,UTC+2,...B,CLOUD,Activity History,Created,A2F07N8TDIAK5U,B0F00712518400WN,History,what's the weather for today,2,/Users/francesco/Switchdrive/PycharmProjects/pycift/dfrws2018/(2018-07-01_13.17.01)_CIFT_RESULT/Evidence_Library/AmazonAlexaCloud/ce9240f8f4e8944dfec2ca8f607e451e4d03a474.json,,SUCCESS,JSON,"User's voice: ""https://alexa.amazon.com/api/utterance/audio/data?id=AB72C64C86AW2:1.0/2018/05/15/13/B0F00712518400WN/06:12::TNIH_2V.09c4df90-bf20-4f1e-b559-0e73ab62add0ZXV"""
2018-05-15,15:06:13.439,UTC+2,...B,CLOUD,Activity History,Created,A2F07N8TDIAK5U,B0F00712518400WN,History,alexa,2,/Users/francesco/Switchdrive/PycharmProjects/pycift/dfrws2018/(2018-07-01_13.17.01)_CIFT_RESULT/Evidence_Library/AmazonAlexaCloud/ce9240f8f4e8944dfec2ca8f607e451e4d03a474.json,,SUCCESS,JSON,"User's voice: ""https://alexa.amazon.com/api/utterance/audio/data?id=AB72C64C86AW2:1.0/2018/05/15/13/B0F00712518400WN/06:12::TNIH_2V.09c4df90-bf20-4f1e-b559-0e73ab62add0ZXV"""
2018-05-15,15:06:10.358,UTC+2,...B,CLOUD,Activity History,Created,A2F07N8TDIAK5U,B0F00712518400WN,History,-,2,/Users/francesco/Switchdrive/PycharmProjects/pycift/dfrws2018/(2018-07-01_13.17.01)_CIFT_RESULT/Evidence_Library/AmazonAlexaCloud/ce9240f8f4e8944dfec2ca8f607e451e4d03a474.json,,DISCARDED_NON_DEVICE_DIRECTED_INTENT,JSON,"User's voice: ""https://alexa.amazon.com/api/utterance/audio/data?id=AB72C64C86AW2:1.0/2018/05/15/13/B0F00712518400WN/06:08::TNIH_2V.4b593494-b1a7-430b-83c7-8cb664c5d8b1ZXV"""
2018-05-15,15:06:06.154,UTC+2,...B,CLOUD,Activity History,Created,A2F07N8TDIAK5U,B0F00712518400WN,History,alexa how are you,2,/Users/francesco/Switchdrive/PycharmProjects/pycift/dfrws2018/(2018-07-01_13.17.01)_CIFT_RESULT/Evidence_Library/AmazonAlexaCloud/ce9240f8f4e8944dfec2ca8f607e451e4d03a474.json,,SUCCESS,JSON,"User's voice: ""https://alexa.amazon.com/api/utterance/audio/data?id=AB72C64C86AW2:1.0/2018/05/15/13/B0F00712518400WN/06:03::TNIH_2V.e59c1388-41bb-4e9f-aedd-1bc8eb9c666dZXV"""
2018-05-15,15:06:01.194,UTC+2,...B,CLOUD,Activity History,Created,A2F07N8TDIAK5U,B0F00712518400WN,History,alexa say hello,2,/Users/francesco/Switchdrive/PycharmProjects/pycift/dfrws2018/(2018-07-01_13.17.01)_CIFT_RESULT/Evidence_Library/AmazonAlexaCloud/ce9240f8f4e8944dfec2ca8f607e451e4d03a474.json,,SUCCESS,JSON,"User's voice: ""https://alexa.amazon.com/api/utterance/audio/data?id=AB72C64C86AW2:1.0/2018/05/15/13/B0F00712518400WN/05:54::TNIH_2V.d9e382ee-4be6-4125-9fb2-293c8fe36ce7ZXV"""
2018-05-15,15:05:50.980,UTC+2,...B,CLOUD,Activity History,Created,A2F07N8TDIAK5U,B0F00712518400WN,History,what time is it,2,/Users/francesco/Switchdrive/PycharmProjects/pycift/dfrws2018/(2018-07-01_13.17.01)_CIFT_RESULT/Evidence_Library/AmazonAlexaCloud/ce9240f8f4e8944dfec2ca8f607e451e4d03a474.json,,SUCCESS,JSON,"User's voice: ""https://alexa.amazon.com/api/utterance/audio/data?id=AB72C64C86AW2:1.0/2018/05/15/13/B0F00712518400WN/05:43::TNIH_2V.1c3c78aa-5535-464c-82a4-af1b8b60454bZXV"""
2018-05-15,15:05:47.552,UTC+2,...B,CLOUD,Activity History,Created,A2F07N8TDIAK5U,B0F00712518400WN,History,alexa,2,/Users/francesco/Switchdrive/PycharmProjects/pycift/dfrws2018/(2018-07-01_13.17.01)_CIFT_RESULT/Evidence_Library/AmazonAlexaCloud/ce9240f8f4e8944dfec2ca8f607e451e4d03a474.json,,SUCCESS,JSON,"User's voice: ""https://alexa.amazon.com/api/utterance/audio/data?id=AB72C64C86AW2:1.0/2018/05/15/13/B0F00712518400WN/05:43::TNIH_2V.1c3c78aa-5535-464c-82a4-af1b8b60454bZXV"""
2018-05-15,15:05:44.382,UTC+2,...B,CLOUD,Activity History,Created,A2F07N8TDIAK5U,B0F00712518400WN,History,alexa,2,/Users/francesco/Switchdrive/PycharmProjects/pycift/dfrws2018/(2018-07-01_13.17.01)_CIFT_RESULT/Evidence_Library/AmazonAlexaCloud/ce9240f8f4e8944dfec2ca8f607e451e4d03a474.json,,SUCCESS,JSON,"User's voice: ""https://alexa.amazon.com/api/utterance/audio/data?id=AB72C64C86AW2:1.0/2018/05/15/13/B0F00712518400WN/05:43::TNIH_2V.1c3c78aa-5535-464c-82a4-af1b8b60454bZXV"""
2018-05-15,13:38:46.440,UTC+2,...B,CLOUD,Activity History,Created,A2F07N8TDIAK5U,515cefc2f44e41dc9b6a4f7d54820900,History,Device first run on Alexa,2,/Users/francesco/Switchdrive/PycharmProjects/pycift/dfrws2018/(2018-07-01_13.17.01)_CIFT_RESULT/Evidence_Library/AmazonAlexaCloud/ce9240f8f4e8944dfec2ca8f607e451e4d03a474.json,,SUCCESS,JSON,-
2018-05-15,11:29:12.264,UTC+2,...B,CLOUD,Activity History,Created,A2F07N8TDIAK5U,B0F00712518400WN,History,-,2,/Users/francesco/Switchdrive/PycharmProjects/pycift/dfrws2018/(2018-07-01_13.17.01)_CIFT_RESULT/Evidence_Library/AmazonAlexaCloud/ce9240f8f4e8944dfec2ca8f607e451e4d03a474.json,,SUCCESS,JSON,"User's voice: ""https://alexa.amazon.com/api/utterance/audio/data?id=AB72C64C86AW2:1.0/2018/05/15/09/B0F00712518400WN/29:07::TNIH_2V.f30a33ab-961b-447d-8a96-577942cf3d8eZXV"""
2018-05-15,11:29:04.981,UTC+2,...B,CLOUD,Activity History,Created,A2F07N8TDIAK5U,B0F00712518400WN,History,no,2,/Users/francesco/Switchdrive/PycharmProjects/pycift/dfrws2018/(2018-07-01_13.17.01)_CIFT_RESULT/Evidence_Library/AmazonAlexaCloud/ce9240f8f4e8944dfec2ca8f607e451e4d03a474.json,,SUCCESS,JSON,"User's voice: ""https://alexa.amazon.com/api/utterance/audio/data?id=AB72C64C86AW2:1.0/2018/05/15/09/B0F00712518400WN/29:03::TNIH_2V.92e194f5-07d0-4702-aeb0-3a224a1c0252ZXV/0"""
2018-05-15,11:28:58.125,UTC+2,...B,CLOUD,Activity History,Created,A2F07N8TDIAK5U,B0F00712518400WN,History,tell i. smart alarm to arm my system,2,/Users/francesco/Switchdrive/PycharmProjects/pycift/dfrws2018/(2018-07-01_13.17.01)_CIFT_RESULT/Evidence_Library/AmazonAlexaCloud/ce9240f8f4e8944dfec2ca8f607e451e4d03a474.json,,SUCCESS,JSON,"User's voice: ""https://alexa.amazon.com/api/utterance/audio/data?id=AB72C64C86AW2:1.0/2018/05/15/09/B0F00712518400WN/28:54::TNIH_2V.cd527bb3-9528-4a38-b233-3f8c4f601eddZXV/1"""
2018-05-15,11:28:54.632,UTC+2,...B,CLOUD,Activity History,Created,A2F07N8TDIAK5U,B0F00712518400WN,History,alexa,2,/Users/francesco/Switchdrive/PycharmProjects/pycift/dfrws2018/(2018-07-01_13.17.01)_CIFT_RESULT/Evidence_Library/AmazonAlexaCloud/ce9240f8f4e8944dfec2ca8f607e451e4d03a474.json,,SUCCESS,JSON,"User's voice: ""https://alexa.amazon.com/api/utterance/audio/data?id=AB72C64C86AW2:1.0/2018/05/15/09/B0F00712518400WN/28:54::TNIH_2V.cd527bb3-9528-4a38-b233-3f8c4f601eddZXV"""
2018-05-15,11:27:17.142,UTC+2,...B,CLOUD,Activity History,Created,A2F07N8TDIAK5U,B0F00712518400WN,History,-,2,/Users/francesco/Switchdrive/PycharmProjects/pycift/dfrws2018/(2018-07-01_13.17.01)_CIFT_RESULT/Evidence_Library/AmazonAlexaCloud/ce9240f8f4e8944dfec2ca8f607e451e4d03a474.json,,SUCCESS,JSON,"User's voice: ""https://alexa.amazon.com/api/utterance/audio/data?id=AB72C64C86AW2:1.0/2018/05/15/09/B0F00712518400WN/27:12::TNIH_2V.d04c837c-defa-48b6-8fc4-cd1fed46b5acZXV"""
2018-05-15,11:27:08.891,UTC+2,...B,CLOUD,Activity History,Created,A2F07N8TDIAK5U,B0F00712518400WN,History,alexa tell i smart alarm to arm my system,2,/Users/francesco/Switchdrive/PycharmProjects/pycift/dfrws2018/(2018-07-01_13.17.01)_CIFT_RESULT/Evidence_Library/AmazonAlexaCloud/ce9240f8f4e8944dfec2ca8f607e451e4d03a474.json,,SUCCESS,JSON,"User's voice: ""https://alexa.amazon.com/api/utterance/audio/data?id=AB72C64C86AW2:1.0/2018/05/15/09/B0F00712518400WN/27:05::TNIH_2V.efef303c-ab18-4810-90a0-dde5472685d8ZXV/0"""
2018-03-26,10:49:53.802,UTC+2,...B,CLOUD,Activity History,Created,A2F07N8TDIAK5U,B0F00712518400WN,History,Device first run on Alexa,2,/Users/francesco/Switchdrive/PycharmProjects/pycift/dfrws2018/(2018-07-01_13.17.01)_CIFT_RESULT/Evidence_Library/AmazonAlexaCloud/ce9240f8f4e8944dfec2ca8f607e451e4d03a474.json,,SUCCESS,JSON,-
2018-03-25,20:45:07.295,UTC+2,...B,CLOUD,Activity History,Created,A2F07N8TDIAK5U,6eb18f2fca814f8797c4d970557e435d,History,Device first run on Alexa,2,/Users/francesco/Switchdrive/PycharmProjects/pycift/dfrws2018/(2018-07-01_13.17.01)_CIFT_RESULT/Evidence_Library/AmazonAlexaCloud/ce9240f8f4e8944dfec2ca8f607e451e4d03a474.json,,SUCCESS,JSON,-
1970-01-01,01:00:00.000,UTC+2,...B,CLOUD,Activity History,Created,A2F07N8TDIAK5U,B0F00712518400WN,History (Dialog Items),-,2,/Users/francesco/Switchdrive/PycharmProjects/pycift/dfrws2018/(2018-07-01_13.17.01)_CIFT_RESULT/Evidence_Library/AmazonAlexaCloud/449f72e38f53962c99e69a37696999042de94719.json,,User's command,JSON,"User's voice: ""https://alexa.amazon.com/api/utterance/audio/data?id=AB72C64C86AW2:1.0/2018/05/30/09/B0F00712518400WN/09:58::TNIH_2V.24f8b8e7-0783-48c9-bd96-aaeb3e1d4caaZXV"""
1970-01-01,01:00:00.000,UTC+2,...B,CLOUD,Activity History,Created,A2F07N8TDIAK5U,B0F00712518400WN,History (Dialog Items),-,2,/Users/francesco/Switchdrive/PycharmProjects/pycift/dfrws2018/(2018-07-01_13.17.01)_CIFT_RESULT/Evidence_Library/AmazonAlexaCloud/ab1537414fd9ea14c86eff957fea0034a6f95bcf.json,,User's command,JSON,"User's voice: ""https://alexa.amazon.com/api/utterance/audio/data?id=AB72C64C86AW2:1.0/2018/05/17/08/B0F00712518400WN/22:24::TNIH_2V.9f80b65c-455f-4c91-ae96-f1758bcc6230ZXV"""
2018-05-17,10:22:19.409,UTC+2,...B,CLOUD,Activity History,Created,A2F07N8TDIAK5U,B0F00712518400WN,History (Dialog Items),yes,2,/Users/francesco/Switchdrive/PycharmProjects/pycift/dfrws2018/(2018-07-01_13.17.01)_CIFT_RESULT/Evidence_Library/AmazonAlexaCloud/2b8c27e2807996578e4baa0954d0340e632f3b6d.json,,User's command,JSON,"User's voice: ""https://alexa.amazon.com/api/utterance/audio/data?id=AB72C64C86AW2:1.0/2018/05/17/08/B0F00712518400WN/22:18::TNIH_2V.2a142d91-50a8-406d-85f8-5cdac2868f08ZXV/0"""
2018-05-17,10:22:20.720,UTC+2,...B,CLOUD,Activity History,Created,A2F07N8TDIAK5U,B0F00712518400WN,History (Dialog Items),Your system will set to Arm in 30 seconds.,2,/Users/francesco/Switchdrive/PycharmProjects/pycift/dfrws2018/(2018-07-01_13.17.01)_CIFT_RESULT/Evidence_Library/AmazonAlexaCloud/2b8c27e2807996578e4baa0954d0340e632f3b6d.json,,Alexa's answer,JSON,-
2018-05-17,10:22:12.093,UTC+2,...B,CLOUD,Activity History,Created,A2F07N8TDIAK5U,B0F00712518400WN,History (Dialog Items),tell i. smart alarm to arm my system,2,/Users/francesco/Switchdrive/PycharmProjects/pycift/dfrws2018/(2018-07-01_13.17.01)_CIFT_RESULT/Evidence_Library/AmazonAlexaCloud/0305c1b97c035364db7251e540c2cb39b9976091.json,,User's command,JSON,"User's voice: ""https://alexa.amazon.com/api/utterance/audio/data?id=AB72C64C86AW2:1.0/2018/05/17/08/B0F00712518400WN/22:08::TNIH_2V.072f16a3-5c46-45db-99e7-967463fe9020ZXV/1"""
2018-05-17,10:22:13.530,UTC+2,...B,CLOUD,Activity History,Created,A2F07N8TDIAK5U,B0F00712518400WN,History (Dialog Items),"Your Door is open, Are you sure you want to arm your system?",2,/Users/francesco/Switchdrive/PycharmProjects/pycift/dfrws2018/(2018-07-01_13.17.01)_CIFT_RESULT/Evidence_Library/AmazonAlexaCloud/0305c1b97c035364db7251e540c2cb39b9976091.json,,Alexa's answer,JSON,-
2018-05-17,10:22:08.869,UTC+2,...B,CLOUD,Activity History,Created,A2F07N8TDIAK5U,B0F00712518400WN,History (Dialog Items),alexa,2,/Users/francesco/Switchdrive/PycharmProjects/pycift/dfrws2018/(2018-07-01_13.17.01)_CIFT_RESULT/Evidence_Library/AmazonAlexaCloud/a586bfe14661258f0953aba910cd83519d890bfc.json,,User's command,JSON,"User's voice: ""https://alexa.amazon.com/api/utterance/audio/data?id=AB72C64C86AW2:1.0/2018/05/17/08/B0F00712518400WN/22:08::TNIH_2V.072f16a3-5c46-45db-99e7-967463fe9020ZXV"""
2018-05-17,10:16:20.470,UTC+2,...B,CLOUD,Activity History,Created,A2F07N8TDIAK5U,B0F00712518400WN,History (Dialog Items),Unknown,2,/Users/francesco/Switchdrive/PycharmProjects/pycift/dfrws2018/(2018-07-01_13.17.01)_CIFT_RESULT/Evidence_Library/AmazonAlexaCloud/690f40fd0a6c6c1a38f32b97b16cec05d1c22cc0.json,,User's command,JSON,"User's voice: ""https://alexa.amazon.com/api/utterance/audio/data?id=AB72C64C86AW2:1.0/2018/05/17/08/B0F00712518400WN/16:15::TNIH_2V.0beae27e-6b90-4e8d-9a2e-689e3f1b3c6eZXV"""
2018-05-17,10:16:08.742,UTC+2,...B,CLOUD,Activity History,Created,A2F07N8TDIAK5U,B0F00712518400WN,History (Dialog Items),alexa play led zeppelin,2,/Users/francesco/Switchdrive/PycharmProjects/pycift/dfrws2018/(2018-07-01_13.17.01)_CIFT_RESULT/Evidence_Library/AmazonAlexaCloud/082a17905eb233a9863b97ec9f6b5b8970191fbf.json,,User's command,JSON,"User's voice: ""https://alexa.amazon.com/api/utterance/audio/data?id=AB72C64C86AW2:1.0/2018/05/17/08/B0F00712518400WN/16:07::TNIH_2V.d1cb4dd8-937c-4abf-894b-5840404fa0feZXV"""
2018-05-17,10:16:09.458,UTC+2,...B,CLOUD,Activity History,Created,A2F07N8TDIAK5U,B0F00712518400WN,History (Dialog Items),"To play Spotify, link your premium account first using the Alexa App.",2,/Users/francesco/Switchdrive/PycharmProjects/pycift/dfrws2018/(2018-07-01_13.17.01)_CIFT_RESULT/Evidence_Library/AmazonAlexaCloud/082a17905eb233a9863b97ec9f6b5b8970191fbf.json,,Alexa's answer,JSON,-
1970-01-01,01:00:00.000,UTC+2,...B,CLOUD,Activity History,Created,A2F07N8TDIAK5U,B0F00712518400WN,History (Dialog Items),-,2,/Users/francesco/Switchdrive/PycharmProjects/pycift/dfrws2018/(2018-07-01_13.17.01)_CIFT_RESULT/Evidence_Library/AmazonAlexaCloud/c6177afb7ae9f3705bd933ae959a8d4aea200847.json,,User's command,JSON,"User's voice: ""https://alexa.amazon.com/api/utterance/audio/data?id=AB72C64C86AW2:1.0/2018/05/16/13/B0F00712518400WN/36:10::TNIH_2V.4c169b61-ad88-4c44-94d9-56483e880172ZXV"""
2018-05-16,15:36:05.730,UTC+2,...B,CLOUD,Activity History,Created,A2F07N8TDIAK5U,B0F00712518400WN,History (Dialog Items),what's four and six,2,/Users/francesco/Switchdrive/PycharmProjects/pycift/dfrws2018/(2018-07-01_13.17.01)_CIFT_RESULT/Evidence_Library/AmazonAlexaCloud/3407d82d529e01bdafc6c721d4e88b73de4d0149.json,,User's command,JSON,"User's voice: ""https://alexa.amazon.com/api/utterance/audio/data?id=AB72C64C86AW2:1.0/2018/05/16/13/B0F00712518400WN/36:00::TNIH_2V.9d77a155-5b7f-4129-9512-5ea08e079c72ZXV"""
2018-05-16,15:36:06.600,UTC+2,...B,CLOUD,Activity History,Created,A2F07N8TDIAK5U,B0F00712518400WN,History (Dialog Items),4 plus 6 equals 10.,2,/Users/francesco/Switchdrive/PycharmProjects/pycift/dfrws2018/(2018-07-01_13.17.01)_CIFT_RESULT/Evidence_Library/AmazonAlexaCloud/3407d82d529e01bdafc6c721d4e88b73de4d0149.json,,Alexa's answer,JSON,-
2018-05-16,15:36:00.257,UTC+2,...B,CLOUD,Activity History,Created,A2F07N8TDIAK5U,B0F00712518400WN,History (Dialog Items),alexa,2,/Users/francesco/Switchdrive/PycharmProjects/pycift/dfrws2018/(2018-07-01_13.17.01)_CIFT_RESULT/Evidence_Library/AmazonAlexaCloud/f498518b586fbece8365c2e949ba52404aa52f68.json,,User's command,JSON,"User's voice: ""https://alexa.amazon.com/api/utterance/audio/data?id=AB72C64C86AW2:1.0/2018/05/16/13/B0F00712518400WN/36:00::TNIH_2V.9d77a155-5b7f-4129-9512-5ea08e079c72ZXV"""
1970-01-01,01:00:00.000,UTC+2,...B,CLOUD,Activity History,Created,A2F07N8TDIAK5U,B0F00712518400WN,History (Dialog Items),-,2,/Users/francesco/Switchdrive/PycharmProjects/pycift/dfrws2018/(2018-07-01_13.17.01)_CIFT_RESULT/Evidence_Library/AmazonAlexaCloud/d1f67950cd0d4ed2a07d605cd07e18ea74c4ef22.json,,User's command,JSON,"User's voice: ""https://alexa.amazon.com/api/utterance/audio/data?id=AB72C64C86AW2:1.0/2018/05/16/13/B0F00712518400WN/35:27::TNIH_2V.fd90f6ff-ff72-44e6-b258-c523b0a2e9d4ZXV"""
2018-05-16,15:35:20.133,UTC+2,...B,CLOUD,Activity History,Created,A2F07N8TDIAK5U,B0F00712518400WN,History (Dialog Items),what's friendsgiving,2,/Users/francesco/Switchdrive/PycharmProjects/pycift/dfrws2018/(2018-07-01_13.17.01)_CIFT_RESULT/Evidence_Library/AmazonAlexaCloud/cee9e603b9c1ee58fa32d3e47797da7cfb996fa7.json,,User's command,JSON,"User's voice: ""https://alexa.amazon.com/api/utterance/audio/data?id=AB72C64C86AW2:1.0/2018/05/16/13/B0F00712518400WN/35:18::TNIH_2V.428d7080-bcd8-4cbd-b850-bad5e067cd4dZXV"""
2018-05-16,15:35:21.507,UTC+2,...B,CLOUD,Activity History,Created,A2F07N8TDIAK5U,B0F00712518400WN,History (Dialog Items),'friendsgiving' is usually defined as a thanksgiving feast held by and for someone's friends.,2,/Users/francesco/Switchdrive/PycharmProjects/pycift/dfrws2018/(2018-07-01_13.17.01)_CIFT_RESULT/Evidence_Library/AmazonAlexaCloud/cee9e603b9c1ee58fa32d3e47797da7cfb996fa7.json,,Alexa's answer,JSON,-
2018-05-16,15:35:18.380,UTC+2,...B,CLOUD,Activity History,Created,A2F07N8TDIAK5U,B0F00712518400WN,History (Dialog Items),alexa,2,/Users/francesco/Switchdrive/PycharmProjects/pycift/dfrws2018/(2018-07-01_13.17.01)_CIFT_RESULT/Evidence_Library/AmazonAlexaCloud/781617e8e36540434807546e17097fcaae3d177b.json,,User's command,JSON,"User's voice: ""https://alexa.amazon.com/api/utterance/audio/data?id=AB72C64C86AW2:1.0/2018/05/16/13/B0F00712518400WN/35:18::TNIH_2V.428d7080-bcd8-4cbd-b850-bad5e067cd4dZXV"""
2018-05-16,15:35:01.260,UTC+2,...B,CLOUD,Activity History,Created,A2F07N8TDIAK5U,B0F00712518400WN,History (Dialog Items),incredible,2,/Users/francesco/Switchdrive/PycharmProjects/pycift/dfrws2018/(2018-07-01_13.17.01)_CIFT_RESULT/Evidence_Library/AmazonAlexaCloud/a4c633e05a3713bf9065460ad952db9079caf888.json,,User's command,JSON,"User's voice: ""https://alexa.amazon.com/api/utterance/audio/data?id=AB72C64C86AW2:1.0/2018/05/16/13/B0F00712518400WN/34:58::TNIH_2V.4ebe6e51-a847-40d1-a8e0-d519e71873dfZXV/0"""
2018-05-16,15:35:02.489,UTC+2,...B,CLOUD,Activity History,Created,A2F07N8TDIAK5U,B0F00712518400WN,History (Dialog Items),I'm not quite sure how to help you with that.,2,/Users/francesco/Switchdrive/PycharmProjects/pycift/dfrws2018/(2018-07-01_13.17.01)_CIFT_RESULT/Evidence_Library/AmazonAlexaCloud/a4c633e05a3713bf9065460ad952db9079caf888.json,,Alexa's answer,JSON,-
2018-05-16,15:34:18.671,UTC+2,...B,CLOUD,Activity History,Created,A2F07N8TDIAK5U,B0F00712518400WN,History (Dialog Items),what's up,2,/Users/francesco/Switchdrive/PycharmProjects/pycift/dfrws2018/(2018-07-01_13.17.01)_CIFT_RESULT/Evidence_Library/AmazonAlexaCloud/3cc4a8a03e0e06e7a2454ea8455604fc646b9c79.json,,User's command,JSON,"User's voice: ""https://alexa.amazon.com/api/utterance/audio/data?id=AB72C64C86AW2:1.0/2018/05/16/13/B0F00712518400WN/34:16::TNIH_2V.afa548d0-087c-4c04-a0f2-f55f3beec9f6ZXV"""
2018-05-16,15:34:19.230,UTC+2,...B,CLOUD,Activity History,Created,A2F07N8TDIAK5U,B0F00712518400WN,History (Dialog Items),"Good afternoon,",2,/Users/francesco/Switchdrive/PycharmProjects/pycift/dfrws2018/(2018-07-01_13.17.01)_CIFT_RESULT/Evidence_Library/AmazonAlexaCloud/3cc4a8a03e0e06e7a2454ea8455604fc646b9c79.json,,Alexa's answer,JSON,-
2018-05-16,15:34:19.231,UTC+2,...B,CLOUD,Activity History,Created,A2F07N8TDIAK5U,B0F00712518400WN,History (Dialog Items),It's 3:34 PM.,2,/Users/francesco/Switchdrive/PycharmProjects/pycift/dfrws2018/(2018-07-01_13.17.01)_CIFT_RESULT/Evidence_Library/AmazonAlexaCloud/3cc4a8a03e0e06e7a2454ea8455604fc646b9c79.json,,Alexa's answer,JSON,-
2018-05-16,15:34:19.232,UTC+2,...B,CLOUD,Activity History,Created,A2F07N8TDIAK5U,B0F00712518400WN,History (Dialog Items),Here's what's up.,2,/Users/francesco/Switchdrive/PycharmProjects/pycift/dfrws2018/(2018-07-01_13.17.01)_CIFT_RESULT/Evidence_Library/AmazonAlexaCloud/3cc4a8a03e0e06e7a2454ea8455604fc646b9c79.json,,Alexa's answer,JSON,-
2018-05-16,15:34:19.233,UTC+2,...B,CLOUD,Activity History,Created,A2F07N8TDIAK5U,B0F00712518400WN,History (Dialog Items),"By the way, I just read an interesting story. the cost of chicken wings has slumped 37% since fall, and now sits at a seasonal 4-year low. Do you want to hear more about that?",2,/Users/francesco/Switchdrive/PycharmProjects/pycift/dfrws2018/(2018-07-01_13.17.01)_CIFT_RESULT/Evidence_Library/AmazonAlexaCloud/3cc4a8a03e0e06e7a2454ea8455604fc646b9c79.json,,Alexa's answer,JSON,-
2018-05-16,15:34:38.067,UTC+2,...B,CLOUD,Activity History,Created,A2F07N8TDIAK5U,B0F00712518400WN,History (Dialog Items),yes,2,/Users/francesco/Switchdrive/PycharmProjects/pycift/dfrws2018/(2018-07-01_13.17.01)_CIFT_RESULT/Evidence_Library/AmazonAlexaCloud/3cc4a8a03e0e06e7a2454ea8455604fc646b9c79.json,,User's command,JSON,"User's voice: ""https://alexa.amazon.com/api/utterance/audio/data?id=AB72C64C86AW2:1.0/2018/05/16/13/B0F00712518400WN/34:37::TNIH_2V.bedbf7f5-63fe-4756-a980-fec59c68b2c4ZXV"""
2018-05-16,15:34:38.933,UTC+2,...B,CLOUD,Activity History,Created,A2F07N8TDIAK5U,B0F00712518400WN,History (Dialog Items),"Wholesale chicken wing prices in the U.S. reached as high as $2 a pound in September, the highest ever in U.S. Department of Agriculture data for the past 7 years. Since then, the cost has slumped about 37% and sits at a seasonal 4-year low. The popularity of wings tends to peak during Super Bowl season..",2,/Users/francesco/Switchdrive/PycharmProjects/pycift/dfrws2018/(2018-07-01_13.17.01)_CIFT_RESULT/Evidence_Library/AmazonAlexaCloud/3cc4a8a03e0e06e7a2454ea8455604fc646b9c79.json,,Alexa's answer,JSON,-
2018-05-16,15:34:16.981,UTC+2,...B,CLOUD,Activity History,Created,A2F07N8TDIAK5U,B0F00712518400WN,History (Dialog Items),alexa,2,/Users/francesco/Switchdrive/PycharmProjects/pycift/dfrws2018/(2018-07-01_13.17.01)_CIFT_RESULT/Evidence_Library/AmazonAlexaCloud/184e9709ab299e08987e67ec7beb262d4056aa24.json,,User's command,JSON,"User's voice: ""https://alexa.amazon.com/api/utterance/audio/data?id=AB72C64C86AW2:1.0/2018/05/16/13/B0F00712518400WN/34:16::TNIH_2V.afa548d0-087c-4c04-a0f2-f55f3beec9f6ZXV"""
2018-05-15,15:07:49.867,UTC+2,...B,CLOUD,Activity History,Created,A2F07N8TDIAK5U,B0F00712518400WN,History (Dialog Items),bye,2,/Users/francesco/Switchdrive/PycharmProjects/pycift/dfrws2018/(2018-07-01_13.17.01)_CIFT_RESULT/Evidence_Library/AmazonAlexaCloud/7893eada8583fdcdb08b04ccc7d4729b51b2079b.json,,User's command,JSON,"User's voice: ""https://alexa.amazon.com/api/utterance/audio/data?id=AB72C64C86AW2:1.0/2018/05/15/13/B0F00712518400WN/07:48::TNIH_2V.01f4c36b-3ffe-46c8-8773-0a05a80bf4c1ZXV"""
2018-05-15,15:07:50.605,UTC+2,...B,CLOUD,Activity History,Created,A2F07N8TDIAK5U,B0F00712518400WN,History (Dialog Items),Goodbye.,2,/Users/francesco/Switchdrive/PycharmProjects/pycift/dfrws2018/(2018-07-01_13.17.01)_CIFT_RESULT/Evidence_Library/AmazonAlexaCloud/7893eada8583fdcdb08b04ccc7d4729b51b2079b.json,,Alexa's answer,JSON,-
2018-05-15,15:07:48.861,UTC+2,...B,CLOUD,Activity History,Created,A2F07N8TDIAK5U,B0F00712518400WN,History (Dialog Items),alexa,2,/Users/francesco/Switchdrive/PycharmProjects/pycift/dfrws2018/(2018-07-01_13.17.01)_CIFT_RESULT/Evidence_Library/AmazonAlexaCloud/d0197feb4ffd41eff65264a1e5f8b8b248e8b431.json,,User's command,JSON,"User's voice: ""https://alexa.amazon.com/api/utterance/audio/data?id=AB72C64C86AW2:1.0/2018/05/15/13/B0F00712518400WN/07:48::TNIH_2V.01f4c36b-3ffe-46c8-8773-0a05a80bf4c1ZXV"""
2018-05-15,15:07:43.197,UTC+2,...B,CLOUD,Activity History,Created,A2F07N8TDIAK5U,B0F00712518400WN,History (Dialog Items),well i see you soon,2,/Users/francesco/Switchdrive/PycharmProjects/pycift/dfrws2018/(2018-07-01_13.17.01)_CIFT_RESULT/Evidence_Library/AmazonAlexaCloud/0fa8eab961d947113d0b7a946e192bd1230db1a6.json,,User's command,JSON,"User's voice: ""https://alexa.amazon.com/api/utterance/audio/data?id=AB72C64C86AW2:1.0/2018/05/15/13/B0F00712518400WN/07:41::TNIH_2V.e11a98f6-cd12-46de-9cd3-e9175e9d27a4ZXV"""
2018-05-15,15:07:43.791,UTC+2,...B,CLOUD,Activity History,Created,A2F07N8TDIAK5U,B0F00712518400WN,History (Dialog Items),-,2,/Users/francesco/Switchdrive/PycharmProjects/pycift/dfrws2018/(2018-07-01_13.17.01)_CIFT_RESULT/Evidence_Library/AmazonAlexaCloud/0fa8eab961d947113d0b7a946e192bd1230db1a6.json,,Alexa's answer,JSON,-
2018-05-15,15:07:41.402,UTC+2,...B,CLOUD,Activity History,Created,A2F07N8TDIAK5U,B0F00712518400WN,History (Dialog Items),alexa,2,/Users/francesco/Switchdrive/PycharmProjects/pycift/dfrws2018/(2018-07-01_13.17.01)_CIFT_RESULT/Evidence_Library/AmazonAlexaCloud/639f82826aa814e3faa8dad3617c54b9c42589aa.json,,User's command,JSON,"User's voice: ""https://alexa.amazon.com/api/utterance/audio/data?id=AB72C64C86AW2:1.0/2018/05/15/13/B0F00712518400WN/07:41::TNIH_2V.e11a98f6-cd12-46de-9cd3-e9175e9d27a4ZXV"""
1970-01-01,01:00:00.000,UTC+2,...B,CLOUD,Activity History,Created,A2F07N8TDIAK5U,B0F00712518400WN,History (Dialog Items),-,2,/Users/francesco/Switchdrive/PycharmProjects/pycift/dfrws2018/(2018-07-01_13.17.01)_CIFT_RESULT/Evidence_Library/AmazonAlexaCloud/5a293239f1fe9ba165020113bd6e07e3dbc4cf73.json,,User's command,JSON,"User's voice: ""https://alexa.amazon.com/api/utterance/audio/data?id=AB72C64C86AW2:1.0/2018/05/15/13/B0F00712518400WN/07:34::TNIH_2V.0447e3ca-7189-4f37-b914-fc611a10d637ZXV"""
2018-05-15,15:07:30.770,UTC+2,...B,CLOUD,Activity History,Created,A2F07N8TDIAK5U,B0F00712518400WN,History (Dialog Items),did you have another story,2,/Users/francesco/Switchdrive/PycharmProjects/pycift/dfrws2018/(2018-07-01_13.17.01)_CIFT_RESULT/Evidence_Library/AmazonAlexaCloud/a63936fe6724ba5cc86e195f09124cc093e135ea.json,,User's command,JSON,"User's voice: ""https://alexa.amazon.com/api/utterance/audio/data?id=AB72C64C86AW2:1.0/2018/05/15/13/B0F00712518400WN/07:28::TNIH_2V.0e3693f7-962b-45e3-9842-d897b692c9d7ZXV"""
2018-05-15,15:07:31.390,UTC+2,...B,CLOUD,Activity History,Created,A2F07N8TDIAK5U,B0F00712518400WN,History (Dialog Items),"Sorry, I don't know that one.",2,/Users/francesco/Switchdrive/PycharmProjects/pycift/dfrws2018/(2018-07-01_13.17.01)_CIFT_RESULT/Evidence_Library/AmazonAlexaCloud/a63936fe6724ba5cc86e195f09124cc093e135ea.json,,Alexa's answer,JSON,-
2018-05-15,15:07:29.082,UTC+2,...B,CLOUD,Activity History,Created,A2F07N8TDIAK5U,B0F00712518400WN,History (Dialog Items),alexa,2,/Users/francesco/Switchdrive/PycharmProjects/pycift/dfrws2018/(2018-07-01_13.17.01)_CIFT_RESULT/Evidence_Library/AmazonAlexaCloud/70c7f283c560829fd1d221786c7d8d9f59a71c6b.json,,User's command,JSON,"User's voice: ""https://alexa.amazon.com/api/utterance/audio/data?id=AB72C64C86AW2:1.0/2018/05/15/13/B0F00712518400WN/07:28::TNIH_2V.0e3693f7-962b-45e3-9842-d897b692c9d7ZXV"""
1970-01-01,01:00:00.000,UTC+2,...B,CLOUD,Activity History,Created,A2F07N8TDIAK5U,B0F00712518400WN,History (Dialog Items),-,2,/Users/francesco/Switchdrive/PycharmProjects/pycift/dfrws2018/(2018-07-01_13.17.01)_CIFT_RESULT/Evidence_Library/AmazonAlexaCloud/d9d5c9a5892dd94d4e1497ee5932d0a6a02d0a50.json,,User's command,JSON,"User's voice: ""https://alexa.amazon.com/api/utterance/audio/data?id=AB72C64C86AW2:1.0/2018/05/15/13/B0F00712518400WN/07:18::TNIH_2V.5f36e530-da6b-42dc-a0f5-5e3a10c8872cZXV"""
2018-05-15,15:06:49.499,UTC+2,...B,CLOUD,Activity History,Created,A2F07N8TDIAK5U,B0F00712518400WN,History (Dialog Items),what's up,2,/Users/francesco/Switchdrive/PycharmProjects/pycift/dfrws2018/(2018-07-01_13.17.01)_CIFT_RESULT/Evidence_Library/AmazonAlexaCloud/afdd06417c5f1c8e07e7356412191fed05e57779.json,,User's command,JSON,"User's voice: ""https://alexa.amazon.com/api/utterance/audio/data?id=AB72C64C86AW2:1.0/2018/05/15/13/B0F00712518400WN/06:47::TNIH_2V.a1ba6bee-35f3-4781-a64e-80c704c42cd6ZXV"""
2018-05-15,15:06:50.543,UTC+2,...B,CLOUD,Activity History,Created,A2F07N8TDIAK5U,B0F00712518400WN,History (Dialog Items),"Good afternoon,",2,/Users/francesco/Switchdrive/PycharmProjects/pycift/dfrws2018/(2018-07-01_13.17.01)_CIFT_RESULT/Evidence_Library/AmazonAlexaCloud/afdd06417c5f1c8e07e7356412191fed05e57779.json,,Alexa's answer,JSON,-
2018-05-15,15:06:50.544,UTC+2,...B,CLOUD,Activity History,Created,A2F07N8TDIAK5U,B0F00712518400WN,History (Dialog Items),It's 3:06 PM.,2,/Users/francesco/Switchdrive/PycharmProjects/pycift/dfrws2018/(2018-07-01_13.17.01)_CIFT_RESULT/Evidence_Library/AmazonAlexaCloud/afdd06417c5f1c8e07e7356412191fed05e57779.json,,Alexa's answer,JSON,-
2018-05-15,15:06:50.545,UTC+2,...B,CLOUD,Activity History,Created,A2F07N8TDIAK5U,B0F00712518400WN,History (Dialog Items),Here's what's up.,2,/Users/francesco/Switchdrive/PycharmProjects/pycift/dfrws2018/(2018-07-01_13.17.01)_CIFT_RESULT/Evidence_Library/AmazonAlexaCloud/afdd06417c5f1c8e07e7356412191fed05e57779.json,,Alexa's answer,JSON,-
2018-05-15,15:06:50.546,UTC+2,...B,CLOUD,Activity History,Created,A2F07N8TDIAK5U,B0F00712518400WN,History (Dialog Items),"By the way, I just read an interesting story. Canadian actress Margot Kidder, famous for playing Lois Lane, is dead at 69.. Do you want to hear more about that?",2,/Users/francesco/Switchdrive/PycharmProjects/pycift/dfrws2018/(2018-07-01_13.17.01)_CIFT_RESULT/Evidence_Library/AmazonAlexaCloud/afdd06417c5f1c8e07e7356412191fed05e57779.json,,Alexa's answer,JSON,-
2018-05-15,15:07:08.267,UTC+2,...B,CLOUD,Activity History,Created,A2F07N8TDIAK5U,B0F00712518400WN,History (Dialog Items),yes,2,/Users/francesco/Switchdrive/PycharmProjects/pycift/dfrws2018/(2018-07-01_13.17.01)_CIFT_RESULT/Evidence_Library/AmazonAlexaCloud/afdd06417c5f1c8e07e7356412191fed05e57779.json,,User's command,JSON,"User's voice: ""https://alexa.amazon.com/api/utterance/audio/data?id=AB72C64C86AW2:1.0/2018/05/15/13/B0F00712518400WN/07:07::TNIH_2V.4dc31285-e272-416a-b2e6-2276fc0f0c38ZXV"""
2018-05-15,15:07:08.796,UTC+2,...B,CLOUD,Activity History,Created,A2F07N8TDIAK5U,B0F00712518400WN,History (Dialog Items),"Canadian actress Margot Kidder, famous for playing Lois Lane alongside Christopher Reeve's Superman, has passed away. She was 69..",2,/Users/francesco/Switchdrive/PycharmProjects/pycift/dfrws2018/(2018-07-01_13.17.01)_CIFT_RESULT/Evidence_Library/AmazonAlexaCloud/afdd06417c5f1c8e07e7356412191fed05e57779.json,,Alexa's answer,JSON,-
2018-05-15,15:06:47.723,UTC+2,...B,CLOUD,Activity History,Created,A2F07N8TDIAK5U,B0F00712518400WN,History (Dialog Items),-,2,/Users/francesco/Switchdrive/PycharmProjects/pycift/dfrws2018/(2018-07-01_13.17.01)_CIFT_RESULT/Evidence_Library/AmazonAlexaCloud/87aa2640b1a44e216f34f7b17257960676189d88.json,,User's command,JSON,"User's voice: ""https://alexa.amazon.com/api/utterance/audio/data?id=AB72C64C86AW2:1.0/2018/05/15/13/B0F00712518400WN/06:47::TNIH_2V.a1ba6bee-35f3-4781-a64e-80c704c42cd6ZXV"""
2018-05-15,15:06:47.480,UTC+2,...B,CLOUD,Activity History,Created,A2F07N8TDIAK5U,B0F00712518400WN,History (Dialog Items),alexa,2,/Users/francesco/Switchdrive/PycharmProjects/pycift/dfrws2018/(2018-07-01_13.17.01)_CIFT_RESULT/Evidence_Library/AmazonAlexaCloud/7faff2d92632146d6a66994a0dcb69af83a761f5.json,,User's command,JSON,"User's voice: ""https://alexa.amazon.com/api/utterance/audio/data?id=AB72C64C86AW2:1.0/2018/05/15/13/B0F00712518400WN/06:47::TNIH_2V.a1ba6bee-35f3-4781-a64e-80c704c42cd6ZXV"""
1970-01-01,01:00:00.000,UTC+2,...B,CLOUD,Activity History,Created,A2F07N8TDIAK5U,B0F00712518400WN,History (Dialog Items),-,2,/Users/francesco/Switchdrive/PycharmProjects/pycift/dfrws2018/(2018-07-01_13.17.01)_CIFT_RESULT/Evidence_Library/AmazonAlexaCloud/bc300ad077a7e42c57dafe3a3880c10ca3190207.json,,User's command,JSON,"User's voice: ""https://alexa.amazon.com/api/utterance/audio/data?id=AB72C64C86AW2:1.0/2018/05/15/13/B0F00712518400WN/06:28::TNIH_2V.865aaa86-2b46-4ded-868a-8c8b0db9a14cZXV"""
2018-05-15,15:06:14.525,UTC+2,...B,CLOUD,Activity History,Created,A2F07N8TDIAK5U,B0F00712518400WN,History (Dialog Items),what's the weather for today,2,/Users/francesco/Switchdrive/PycharmProjects/pycift/dfrws2018/(2018-07-01_13.17.01)_CIFT_RESULT/Evidence_Library/AmazonAlexaCloud/f907e0abeaa1713c73d8e7e2c992e61696cbb079.json,,User's command,JSON,"User's voice: ""https://alexa.amazon.com/api/utterance/audio/data?id=AB72C64C86AW2:1.0/2018/05/15/13/B0F00712518400WN/06:12::TNIH_2V.09c4df90-bf20-4f1e-b559-0e73ab62add0ZXV"""
2018-05-15,15:06:15.124,UTC+2,...B,CLOUD,Activity History,Created,A2F07N8TDIAK5U,B0F00712518400WN,History (Dialog Items),"Right now in Le Pigeon, it's 16 degrees Celsius with mostly cloudy skies. Today's forecast has lots of clouds and thunderstorms, with a high of 17 degrees and a low of 9 degrees. ",2,/Users/francesco/Switchdrive/PycharmProjects/pycift/dfrws2018/(2018-07-01_13.17.01)_CIFT_RESULT/Evidence_Library/AmazonAlexaCloud/f907e0abeaa1713c73d8e7e2c992e61696cbb079.json,,Alexa's answer,JSON,-
2018-05-15,15:06:12.915,UTC+2,...B,CLOUD,Activity History,Created,A2F07N8TDIAK5U,B0F00712518400WN,History (Dialog Items),alexa,2,/Users/francesco/Switchdrive/PycharmProjects/pycift/dfrws2018/(2018-07-01_13.17.01)_CIFT_RESULT/Evidence_Library/AmazonAlexaCloud/b7aae84f094d1b181eb654bb45657782b696c047.json,,User's command,JSON,"User's voice: ""https://alexa.amazon.com/api/utterance/audio/data?id=AB72C64C86AW2:1.0/2018/05/15/13/B0F00712518400WN/06:12::TNIH_2V.09c4df90-bf20-4f1e-b559-0e73ab62add0ZXV"""
1970-01-01,01:00:00.000,UTC+2,...B,CLOUD,Activity History,Created,A2F07N8TDIAK5U,B0F00712518400WN,History (Dialog Items),-,2,/Users/francesco/Switchdrive/PycharmProjects/pycift/dfrws2018/(2018-07-01_13.17.01)_CIFT_RESULT/Evidence_Library/AmazonAlexaCloud/9fb911aa86480a4600715742cd9999dc3bae4223.json,,User's command,JSON,"User's voice: ""https://alexa.amazon.com/api/utterance/audio/data?id=AB72C64C86AW2:1.0/2018/05/15/13/B0F00712518400WN/06:08::TNIH_2V.4b593494-b1a7-430b-83c7-8cb664c5d8b1ZXV"""
2018-05-15,15:06:05.529,UTC+2,...B,CLOUD,Activity History,Created,A2F07N8TDIAK5U,B0F00712518400WN,History (Dialog Items),alexa how are you,2,/Users/francesco/Switchdrive/PycharmProjects/pycift/dfrws2018/(2018-07-01_13.17.01)_CIFT_RESULT/Evidence_Library/AmazonAlexaCloud/a8bec2729885261ae45b0b306352b7db27303318.json,,User's command,JSON,"User's voice: ""https://alexa.amazon.com/api/utterance/audio/data?id=AB72C64C86AW2:1.0/2018/05/15/13/B0F00712518400WN/06:03::TNIH_2V.e59c1388-41bb-4e9f-aedd-1bc8eb9c666dZXV"""
2018-05-15,15:06:06.156,UTC+2,...B,CLOUD,Activity History,Created,A2F07N8TDIAK5U,B0F00712518400WN,History (Dialog Items),All systems go!,2,/Users/francesco/Switchdrive/PycharmProjects/pycift/dfrws2018/(2018-07-01_13.17.01)_CIFT_RESULT/Evidence_Library/AmazonAlexaCloud/a8bec2729885261ae45b0b306352b7db27303318.json,,Alexa's answer,JSON,-
2018-05-15,15:06:00.501,UTC+2,...B,CLOUD,Activity History,Created,A2F07N8TDIAK5U,B0F00712518400WN,History (Dialog Items),alexa say hello,2,/Users/francesco/Switchdrive/PycharmProjects/pycift/dfrws2018/(2018-07-01_13.17.01)_CIFT_RESULT/Evidence_Library/AmazonAlexaCloud/70877451c52cb6708cb7bb5010a72ae1b2fc2450.json,,User's command,JSON,"User's voice: ""https://alexa.amazon.com/api/utterance/audio/data?id=AB72C64C86AW2:1.0/2018/05/15/13/B0F00712518400WN/05:54::TNIH_2V.d9e382ee-4be6-4125-9fb2-293c8fe36ce7ZXV"""
2018-05-15,15:06:01.196,UTC+2,...B,CLOUD,Activity History,Created,A2F07N8TDIAK5U,B0F00712518400WN,History (Dialog Items),Hi!,2,/Users/francesco/Switchdrive/PycharmProjects/pycift/dfrws2018/(2018-07-01_13.17.01)_CIFT_RESULT/Evidence_Library/AmazonAlexaCloud/70877451c52cb6708cb7bb5010a72ae1b2fc2450.json,,Alexa's answer,JSON,-
2018-05-15,15:05:50.362,UTC+2,...B,CLOUD,Activity History,Created,A2F07N8TDIAK5U,B0F00712518400WN,History (Dialog Items),what time is it,2,/Users/francesco/Switchdrive/PycharmProjects/pycift/dfrws2018/(2018-07-01_13.17.01)_CIFT_RESULT/Evidence_Library/AmazonAlexaCloud/e880a49c888ede11b80bd5269f92bf68b33d562b.json,,User's command,JSON,"User's voice: ""https://alexa.amazon.com/api/utterance/audio/data?id=AB72C64C86AW2:1.0/2018/05/15/13/B0F00712518400WN/05:43::TNIH_2V.1c3c78aa-5535-464c-82a4-af1b8b60454bZXV"""
2018-05-15,15:05:50.982,UTC+2,...B,CLOUD,Activity History,Created,A2F07N8TDIAK5U,B0F00712518400WN,History (Dialog Items),The time is 3:05 PM.,2,/Users/francesco/Switchdrive/PycharmProjects/pycift/dfrws2018/(2018-07-01_13.17.01)_CIFT_RESULT/Evidence_Library/AmazonAlexaCloud/e880a49c888ede11b80bd5269f92bf68b33d562b.json,,Alexa's answer,JSON,-
2018-05-15,15:05:46.246,UTC+2,...B,CLOUD,Activity History,Created,A2F07N8TDIAK5U,B0F00712518400WN,History (Dialog Items),alexa,2,/Users/francesco/Switchdrive/PycharmProjects/pycift/dfrws2018/(2018-07-01_13.17.01)_CIFT_RESULT/Evidence_Library/AmazonAlexaCloud/8c5aa6d137058e2b9abb0993c113db02992be864.json,,User's command,JSON,"User's voice: ""https://alexa.amazon.com/api/utterance/audio/data?id=AB72C64C86AW2:1.0/2018/05/15/13/B0F00712518400WN/05:43::TNIH_2V.1c3c78aa-5535-464c-82a4-af1b8b60454bZXV"""
2018-05-15,15:05:43.976,UTC+2,...B,CLOUD,Activity History,Created,A2F07N8TDIAK5U,B0F00712518400WN,History (Dialog Items),alexa,2,/Users/francesco/Switchdrive/PycharmProjects/pycift/dfrws2018/(2018-07-01_13.17.01)_CIFT_RESULT/Evidence_Library/AmazonAlexaCloud/80a7ae31b87ab557ab217822223909e12f06e2f9.json,,User's command,JSON,"User's voice: ""https://alexa.amazon.com/api/utterance/audio/data?id=AB72C64C86AW2:1.0/2018/05/15/13/B0F00712518400WN/05:43::TNIH_2V.1c3c78aa-5535-464c-82a4-af1b8b60454bZXV"""
2018-05-15,11:29:12.264,UTC+2,...B,CLOUD,Activity History,Created,A2F07N8TDIAK5U,B0F00712518400WN,History (Dialog Items),-,2,/Users/francesco/Switchdrive/PycharmProjects/pycift/dfrws2018/(2018-07-01_13.17.01)_CIFT_RESULT/Evidence_Library/AmazonAlexaCloud/bdde773a520fc4d5b491e372752a437630d899b6.json,,User's command,JSON,"User's voice: ""https://alexa.amazon.com/api/utterance/audio/data?id=AB72C64C86AW2:1.0/2018/05/15/09/B0F00712518400WN/29:07::TNIH_2V.f30a33ab-961b-447d-8a96-577942cf3d8eZXV"""
2018-05-15,11:29:03.585,UTC+2,...B,CLOUD,Activity History,Created,A2F07N8TDIAK5U,B0F00712518400WN,History (Dialog Items),no,2,/Users/francesco/Switchdrive/PycharmProjects/pycift/dfrws2018/(2018-07-01_13.17.01)_CIFT_RESULT/Evidence_Library/AmazonAlexaCloud/58ebf604db8e4af5baec444c2bc029671b5473fd.json,,User's command,JSON,"User's voice: ""https://alexa.amazon.com/api/utterance/audio/data?id=AB72C64C86AW2:1.0/2018/05/15/09/B0F00712518400WN/29:03::TNIH_2V.92e194f5-07d0-4702-aeb0-3a224a1c0252ZXV/0"""
2018-05-15,11:29:04.983,UTC+2,...B,CLOUD,Activity History,Created,A2F07N8TDIAK5U,B0F00712518400WN,History (Dialog Items),Arming canceled.,2,/Users/francesco/Switchdrive/PycharmProjects/pycift/dfrws2018/(2018-07-01_13.17.01)_CIFT_RESULT/Evidence_Library/AmazonAlexaCloud/58ebf604db8e4af5baec444c2bc029671b5473fd.json,,Alexa's answer,JSON,-
2018-05-15,11:28:56.725,UTC+2,...B,CLOUD,Activity History,Created,A2F07N8TDIAK5U,B0F00712518400WN,History (Dialog Items),tell i. smart alarm to arm my system,2,/Users/francesco/Switchdrive/PycharmProjects/pycift/dfrws2018/(2018-07-01_13.17.01)_CIFT_RESULT/Evidence_Library/AmazonAlexaCloud/2022746dc0a62a8969d352a39e76556e1860e404.json,,User's command,JSON,"User's voice: ""https://alexa.amazon.com/api/utterance/audio/data?id=AB72C64C86AW2:1.0/2018/05/15/09/B0F00712518400WN/28:54::TNIH_2V.cd527bb3-9528-4a38-b233-3f8c4f601eddZXV/1"""
2018-05-15,11:28:58.127,UTC+2,...B,CLOUD,Activity History,Created,A2F07N8TDIAK5U,B0F00712518400WN,History (Dialog Items),"Your Door is open, Are you sure you want to arm your system?",2,/Users/francesco/Switchdrive/PycharmProjects/pycift/dfrws2018/(2018-07-01_13.17.01)_CIFT_RESULT/Evidence_Library/AmazonAlexaCloud/2022746dc0a62a8969d352a39e76556e1860e404.json,,Alexa's answer,JSON,-
2018-05-15,11:28:54.246,UTC+2,...B,CLOUD,Activity History,Created,A2F07N8TDIAK5U,B0F00712518400WN,History (Dialog Items),alexa,2,/Users/francesco/Switchdrive/PycharmProjects/pycift/dfrws2018/(2018-07-01_13.17.01)_CIFT_RESULT/Evidence_Library/AmazonAlexaCloud/42b703c962fe38621a93ee478ea811f6c6060c40.json,,User's command,JSON,"User's voice: ""https://alexa.amazon.com/api/utterance/audio/data?id=AB72C64C86AW2:1.0/2018/05/15/09/B0F00712518400WN/28:54::TNIH_2V.cd527bb3-9528-4a38-b233-3f8c4f601eddZXV"""
2018-05-15,11:27:17.142,UTC+2,...B,CLOUD,Activity History,Created,A2F07N8TDIAK5U,B0F00712518400WN,History (Dialog Items),-,2,/Users/francesco/Switchdrive/PycharmProjects/pycift/dfrws2018/(2018-07-01_13.17.01)_CIFT_RESULT/Evidence_Library/AmazonAlexaCloud/81e823f529d4889073c5b4cc2028ca0445f0cc0a.json,,User's command,JSON,"User's voice: ""https://alexa.amazon.com/api/utterance/audio/data?id=AB72C64C86AW2:1.0/2018/05/15/09/B0F00712518400WN/27:12::TNIH_2V.d04c837c-defa-48b6-8fc4-cd1fed46b5acZXV"""
2018-05-15,11:27:07.576,UTC+2,...B,CLOUD,Activity History,Created,A2F07N8TDIAK5U,B0F00712518400WN,History (Dialog Items),alexa tell i smart alarm to arm my system,2,/Users/francesco/Switchdrive/PycharmProjects/pycift/dfrws2018/(2018-07-01_13.17.01)_CIFT_RESULT/Evidence_Library/AmazonAlexaCloud/d11061e75bb4ede10f9d7502c372df528f0203c4.json,,User's command,JSON,"User's voice: ""https://alexa.amazon.com/api/utterance/audio/data?id=AB72C64C86AW2:1.0/2018/05/15/09/B0F00712518400WN/27:05::TNIH_2V.efef303c-ab18-4810-90a0-dde5472685d8ZXV/0"""
2018-05-15,11:27:08.893,UTC+2,...B,CLOUD,Activity History,Created,A2F07N8TDIAK5U,B0F00712518400WN,History (Dialog Items),your home info error please relink.,2,/Users/francesco/Switchdrive/PycharmProjects/pycift/dfrws2018/(2018-07-01_13.17.01)_CIFT_RESULT/Evidence_Library/AmazonAlexaCloud/d11061e75bb4ede10f9d7502c372df528f0203c4.json,,Alexa's answer,JSON,-
2018-07-01,13:17:40.388,UTC+2,M..B,CLOUD,Named List,Updated | Created,A2F07N8TDIAK5U,-,Pre-defined list,SHOPPING_LIST,2,/Users/francesco/Switchdrive/PycharmProjects/pycift/dfrws2018/(2018-07-01_13.17.01)_CIFT_RESULT/Evidence_Library/AmazonAlexaCloud/a46e094e3393eb968dd447853520939b77b5bf7a.json,,-,JSON,"itemId: ""YW16bjEuYWNjb3VudC5BRVdXVVJGTEhXQlRWWFhSS0w1VUdGSlY3NkJRLVNIT1BQSU5HX0lURU0="""
2018-07-01,13:17:40.388,UTC+2,M..B,CLOUD,Named List,Updated | Created,A2F07N8TDIAK5U,-,Pre-defined list,TO_DO,2,/Users/francesco/Switchdrive/PycharmProjects/pycift/dfrws2018/(2018-07-01_13.17.01)_CIFT_RESULT/Evidence_Library/AmazonAlexaCloud/a46e094e3393eb968dd447853520939b77b5bf7a.json,,-,JSON,"itemId: ""YW16bjEuYWNjb3VudC5BRVdXVVJGTEhXQlRWWFhSS0w1VUdGSlY3NkJRLVRBU0s="""
