id,operation_type,src_path,desc,saved_path,sha1,saved_timestamp,modified_timestamp,timezone
1,CLOUD,https://alexa.amazon.com/api/bootstrap,Bootstrap Account,/Users/francesco/Switchdrive/PycharmProjects/pycift/dfrws2018/(2018-07-01_13.17.01)_CIFT_RESULT/Evidence_Library/AmazonAlexaCloud/e57ffcac7e6b60a6f6c051a1a65d03744e495fd0.json,617f9ffc1592212d87a774fcad37cebf8990afe8,2018-07-01 13:17:16,-,UTC+2
2,CLOUD,https://alexa.amazon.com/api/household,Household Accounts,/Users/francesco/Switchdrive/PycharmProjects/pycift/dfrws2018/(2018-07-01_13.17.01)_CIFT_RESULT/Evidence_Library/AmazonAlexaCloud/e79edf779e8b655006960e5fdfbdb96e8964586e.json,ab3df72754b63a92518d1063579b6a6fdca820d3,2018-07-01 13:17:17,-,UTC+2
3,CLOUD,https://alexa.amazon.com/api/wifi/configs,WiFi Setting,/Users/francesco/Switchdrive/PycharmProjects/pycift/dfrws2018/(2018-07-01_13.17.01)_CIFT_RESULT/Evidence_Library/AmazonAlexaCloud/211b100d593a50d4085a469a968a8d4e5a09b3fd.json,f8fdf43f2c7c945f80dec9a456bb6980597a888e,2018-07-01 13:17:17,-,UTC+2
4,CLOUD,https://alexa.amazon.com/api/traffic/settings,Traffic Setting,/Users/francesco/Switchdrive/PycharmProjects/pycift/dfrws2018/(2018-07-01_13.17.01)_CIFT_RESULT/Evidence_Library/AmazonAlexaCloud/084999a0377632eae8e752c5f564e9108dd980db.json,0c9c02f49f9c4adbcd62a57c39c01c8f9a3c18db,2018-07-01 13:17:18,-,UTC+2
5,CLOUD,https://alexa.amazon.com/api/eon/householdaccounts,Calendar Accounts,/Users/francesco/Switchdrive/PycharmProjects/pycift/dfrws2018/(2018-07-01_13.17.01)_CIFT_RESULT/Evidence_Library/AmazonAlexaCloud/cdb677cdc99f6b8bf361aadffd7a067ca80f24dc.json,15c34823fc14309dae9b9b67c291c576fd48fdcf,2018-07-01 13:17:18,-,UTC+2
6,CLOUD,https://alexa.amazon.com/api/wake-word,Wake Words,/Users/francesco/Switchdrive/PycharmProjects/pycift/dfrws2018/(2018-07-01_13.17.01)_CIFT_RESULT/Evidence_Library/AmazonAlexaCloud/99ad924cb599bbe93b67364e336b5f28e424474b.json,9c8c5699179eef0cadf9135227b24d1d04f522d7,2018-07-01 13:17:19,-,UTC+2
7,CLOUD,https://alexa.amazon.com/api/bluetooth,Paired Bluetooth Devices,/Users/francesco/Switchdrive/PycharmProjects/pycift/dfrws2018/(2018-07-01_13.17.01)_CIFT_RESULT/Evidence_Library/AmazonAlexaCloud/ed391cf05fd263af1fefa3ecf632cb16bcd84508.json,a7c097ce80dd0b796285cbc80038ec5d112c5775,2018-07-01 13:17:19,-,UTC+2
8,CLOUD,https://alexa.amazon.com/api/third-party,Third-Party Services,/Users/francesco/Switchdrive/PycharmProjects/pycift/dfrws2018/(2018-07-01_13.17.01)_CIFT_RESULT/Evidence_Library/AmazonAlexaCloud/897863f10ad87ee20d4a6420b391dbd7c145e772.json,1caee6e3a9d68cb9e1ca8a92f7794dfa451d6715,2018-07-01 13:17:20,-,UTC+2
9,CLOUD,https://alexa.amazon.com/api/devices-v2/device,Registered Alexa Devices,/Users/francesco/Switchdrive/PycharmProjects/pycift/dfrws2018/(2018-07-01_13.17.01)_CIFT_RESULT/Evidence_Library/AmazonAlexaCloud/e6f9a864ba9f2afd73237748cb1b896924ea135f.json,503bff4d67e2c78eb7745ac58c3af17375952a5b,2018-07-01 13:17:21,-,UTC+2
10,CLOUD,https://alexa.amazon.com/api/device-preferences,Registered Alexa Devices' Preferences,/Users/francesco/Switchdrive/PycharmProjects/pycift/dfrws2018/(2018-07-01_13.17.01)_CIFT_RESULT/Evidence_Library/AmazonAlexaCloud/7fad5de908aa8eed6c7c3e7c0a12b0935c48deef.json,adeb57da637b455b27dae62ca9990b9101168609,2018-07-01 13:17:21,-,UTC+2
11,CLOUD,https://alexa.amazon.com/api/phoenix,Compatible Devices,/Users/francesco/Switchdrive/PycharmProjects/pycift/dfrws2018/(2018-07-01_13.17.01)_CIFT_RESULT/Evidence_Library/AmazonAlexaCloud/67acbf4f548be653f0be0755b1866c0a51d69ef4.json,a6611f7edd70c3be5de143d2a9a018e383333182,2018-07-01 13:17:22,-,UTC+2
12,CLOUD,https://alexa.amazon.com/api/notifications,Timers & Alarms,/Users/francesco/Switchdrive/PycharmProjects/pycift/dfrws2018/(2018-07-01_13.17.01)_CIFT_RESULT/Evidence_Library/AmazonAlexaCloud/060029277bfe4dbb5fbf4d98c6f797cecf5ce32a.json,ac69e4a34a6515b94167a702c4bf61b4c03c34aa,2018-07-01 13:17:22,-,UTC+2
13,CLOUD,https://alexa.amazon.com/api/cards?beforeCreationTime=,Home,/Users/francesco/Switchdrive/PycharmProjects/pycift/dfrws2018/(2018-07-01_13.17.01)_CIFT_RESULT/Evidence_Library/AmazonAlexaCloud/0f0e6bf70d4162f51c53371ca04c8814f04d010d.json,40bf71cd9a85d5d061f39de59460a20627ae5d64,2018-07-01 13:17:23,-,UTC+2
14,CLOUD,https://alexa.amazon.com/api/cards?beforeCreationTime=1530443829987,Home,/Users/francesco/Switchdrive/PycharmProjects/pycift/dfrws2018/(2018-07-01_13.17.01)_CIFT_RESULT/Evidence_Library/AmazonAlexaCloud/1840d4712abb8ed67fd2acf76f7c3e1d2b56a11d.json,adaccfbc7e3d4dbe5d310caefe61861e8147baf5,2018-07-01 13:17:24,-,UTC+2
15,CLOUD,https://alexa.amazon.com/api/cards?beforeCreationTime=1522003507295,Home,/Users/francesco/Switchdrive/PycharmProjects/pycift/dfrws2018/(2018-07-01_13.17.01)_CIFT_RESULT/Evidence_Library/AmazonAlexaCloud/93265231b9f2e19675bd048508bde11462f08c9a.json,d2d4afeacdab4bf5baff17d735ca3ffb71f780a6,2018-07-01 13:17:24,-,UTC+2
16,CLOUD,https://alexa.amazon.com/api/activities?startTime=&size=1000&offset=-1,Activity History,/Users/francesco/Switchdrive/PycharmProjects/pycift/dfrws2018/(2018-07-01_13.17.01)_CIFT_RESULT/Evidence_Library/AmazonAlexaCloud/ce9240f8f4e8944dfec2ca8f607e451e4d03a474.json,b2266d44904fcfefc25c122042cc89c01db3e9e3,2018-07-01 13:17:25,-,UTC+2
17,CLOUD,https://alexa.amazon.com/api/activity-dialog-items?activityKey=A2F07N8TDIAK5U%231527671401989%23AB72C64C86AW2%23B0F00712518400WN,Activity History,/Users/francesco/Switchdrive/PycharmProjects/pycift/dfrws2018/(2018-07-01_13.17.01)_CIFT_RESULT/Evidence_Library/AmazonAlexaCloud/449f72e38f53962c99e69a37696999042de94719.json,61e38cfe80986ae0ffa44185e8b565c0404d14da,2018-07-01 13:17:26,-,UTC+2
18,CLOUD,https://alexa.amazon.com/api/activity-dialog-items?activityKey=A2F07N8TDIAK5U%231526545345439%23AB72C64C86AW2%23B0F00712518400WN,Activity History,/Users/francesco/Switchdrive/PycharmProjects/pycift/dfrws2018/(2018-07-01_13.17.01)_CIFT_RESULT/Evidence_Library/AmazonAlexaCloud/ab1537414fd9ea14c86eff957fea0034a6f95bcf.json,e9b19800a2266c7858053149385ad671be7501eb,2018-07-01 13:17:26,-,UTC+2
19,CLOUD,https://alexa.amazon.com/api/activity-dialog-items?activityKey=A2F07N8TDIAK5U%231526545340718%23AB72C64C86AW2%23B0F00712518400WN,Activity History,/Users/francesco/Switchdrive/PycharmProjects/pycift/dfrws2018/(2018-07-01_13.17.01)_CIFT_RESULT/Evidence_Library/AmazonAlexaCloud/2b8c27e2807996578e4baa0954d0340e632f3b6d.json,81171a782d69afc370fff53def9b8f6bc425eb49,2018-07-01 13:17:27,-,UTC+2
20,CLOUD,https://alexa.amazon.com/api/activity-dialog-items?activityKey=A2F07N8TDIAK5U%231526545333528%23AB72C64C86AW2%23B0F00712518400WN,Activity History,/Users/francesco/Switchdrive/PycharmProjects/pycift/dfrws2018/(2018-07-01_13.17.01)_CIFT_RESULT/Evidence_Library/AmazonAlexaCloud/0305c1b97c035364db7251e540c2cb39b9976091.json,0a0657dbc3e02f25f998fe659b5a170098a944a8,2018-07-01 13:17:27,-,UTC+2
21,CLOUD,https://alexa.amazon.com/api/activity-dialog-items?activityKey=A2F07N8TDIAK5U%231526545329229%23AB72C64C86AW2%23B0F00712518400WN,Activity History,/Users/francesco/Switchdrive/PycharmProjects/pycift/dfrws2018/(2018-07-01_13.17.01)_CIFT_RESULT/Evidence_Library/AmazonAlexaCloud/a586bfe14661258f0953aba910cd83519d890bfc.json,9ee0e96cab067b547234364350b8befbfab9430e,2018-07-01 13:17:28,-,UTC+2
22,CLOUD,https://alexa.amazon.com/api/activity-dialog-items?activityKey=A2F07N8TDIAK5U%231526544980470%23AB72C64C86AW2%23B0F00712518400WN,Activity History,/Users/francesco/Switchdrive/PycharmProjects/pycift/dfrws2018/(2018-07-01_13.17.01)_CIFT_RESULT/Evidence_Library/AmazonAlexaCloud/690f40fd0a6c6c1a38f32b97b16cec05d1c22cc0.json,4e0a55ed534d8ca7a8b007aa7aca98a2e6f8420f,2018-07-01 13:17:28,-,UTC+2
23,CLOUD,https://alexa.amazon.com/api/activity-dialog-items?activityKey=A2F07N8TDIAK5U%231526544969456%23AB72C64C86AW2%23B0F00712518400WN,Activity History,/Users/francesco/Switchdrive/PycharmProjects/pycift/dfrws2018/(2018-07-01_13.17.01)_CIFT_RESULT/Evidence_Library/AmazonAlexaCloud/082a17905eb233a9863b97ec9f6b5b8970191fbf.json,82b74d65bf1408a7720d246aa586b4174602eb26,2018-07-01 13:17:29,-,UTC+2
24,CLOUD,https://alexa.amazon.com/api/activity-dialog-items?activityKey=A2F07N8TDIAK5U%231526477772761%23AB72C64C86AW2%23B0F00712518400WN,Activity History,/Users/francesco/Switchdrive/PycharmProjects/pycift/dfrws2018/(2018-07-01_13.17.01)_CIFT_RESULT/Evidence_Library/AmazonAlexaCloud/c6177afb7ae9f3705bd933ae959a8d4aea200847.json,0313c4cac4fd332ec7e249f4b0a37d623b01cf41,2018-07-01 13:17:29,-,UTC+2
25,CLOUD,https://alexa.amazon.com/api/activity-dialog-items?activityKey=A2F07N8TDIAK5U%231526477766598%23AB72C64C86AW2%23B0F00712518400WN,Activity History,/Users/francesco/Switchdrive/PycharmProjects/pycift/dfrws2018/(2018-07-01_13.17.01)_CIFT_RESULT/Evidence_Library/AmazonAlexaCloud/3407d82d529e01bdafc6c721d4e88b73de4d0149.json,52eef814e1bc7e76efa548a4866d521f681c8444,2018-07-01 13:17:30,-,UTC+2
26,CLOUD,https://alexa.amazon.com/api/activity-dialog-items?activityKey=A2F07N8TDIAK5U%231526477760557%23AB72C64C86AW2%23B0F00712518400WN,Activity History,/Users/francesco/Switchdrive/PycharmProjects/pycift/dfrws2018/(2018-07-01_13.17.01)_CIFT_RESULT/Evidence_Library/AmazonAlexaCloud/f498518b586fbece8365c2e949ba52404aa52f68.json,4bb00566ebe8724509e8536304dcbd69ee4f9d46,2018-07-01 13:17:30,-,UTC+2
27,CLOUD,https://alexa.amazon.com/api/activity-dialog-items?activityKey=A2F07N8TDIAK5U%231526477731821%23AB72C64C86AW2%23B0F00712518400WN,Activity History,/Users/francesco/Switchdrive/PycharmProjects/pycift/dfrws2018/(2018-07-01_13.17.01)_CIFT_RESULT/Evidence_Library/AmazonAlexaCloud/d1f67950cd0d4ed2a07d605cd07e18ea74c4ef22.json,c220a990c7cbcdba01d0fd8b50f5ee7bd6b02c2c,2018-07-01 13:17:31,-,UTC+2
28,CLOUD,https://alexa.amazon.com/api/activity-dialog-items?activityKey=A2F07N8TDIAK5U%231526477721505%23AB72C64C86AW2%23B0F00712518400WN,Activity History,/Users/francesco/Switchdrive/PycharmProjects/pycift/dfrws2018/(2018-07-01_13.17.01)_CIFT_RESULT/Evidence_Library/AmazonAlexaCloud/cee9e603b9c1ee58fa32d3e47797da7cfb996fa7.json,7ac7528936998833f6e7d1f817206e2b14907a73,2018-07-01 13:17:31,-,UTC+2
29,CLOUD,https://alexa.amazon.com/api/activity-dialog-items?activityKey=A2F07N8TDIAK5U%231526477718930%23AB72C64C86AW2%23B0F00712518400WN,Activity History,/Users/francesco/Switchdrive/PycharmProjects/pycift/dfrws2018/(2018-07-01_13.17.01)_CIFT_RESULT/Evidence_Library/AmazonAlexaCloud/781617e8e36540434807546e17097fcaae3d177b.json,e279a3e2206b02a0f7ed6cbad5ea49f75cdb591a,2018-07-01 13:17:32,-,UTC+2
30,CLOUD,https://alexa.amazon.com/api/activity-dialog-items?activityKey=A2F07N8TDIAK5U%231526477702487%23AB72C64C86AW2%23B0F00712518400WN,Activity History,/Users/francesco/Switchdrive/PycharmProjects/pycift/dfrws2018/(2018-07-01_13.17.01)_CIFT_RESULT/Evidence_Library/AmazonAlexaCloud/a4c633e05a3713bf9065460ad952db9079caf888.json,bec2bb3755e2c6e6b2ddc0e78df92ce1fad41f70,2018-07-01 13:17:32,-,UTC+2
31,CLOUD,https://alexa.amazon.com/api/activity-dialog-items?activityKey=A2F07N8TDIAK5U%231526477659228%23AB72C64C86AW2%23B0F00712518400WN,Activity History,/Users/francesco/Switchdrive/PycharmProjects/pycift/dfrws2018/(2018-07-01_13.17.01)_CIFT_RESULT/Evidence_Library/AmazonAlexaCloud/3cc4a8a03e0e06e7a2454ea8455604fc646b9c79.json,62c4d2d612cd5fe9ea1a1c9688a399412275fd4c,2018-07-01 13:17:34,-,UTC+2
32,CLOUD,https://alexa.amazon.com/api/activity-dialog-items?activityKey=A2F07N8TDIAK5U%231526477657369%23AB72C64C86AW2%23B0F00712518400WN,Activity History,/Users/francesco/Switchdrive/PycharmProjects/pycift/dfrws2018/(2018-07-01_13.17.01)_CIFT_RESULT/Evidence_Library/AmazonAlexaCloud/184e9709ab299e08987e67ec7beb262d4056aa24.json,c73a3041d5faf94c0aa63f03c5e1f0097f891901,2018-07-01 13:17:34,-,UTC+2
33,CLOUD,https://alexa.amazon.com/api/activity-dialog-items?activityKey=A2F07N8TDIAK5U%231526389670603%23AB72C64C86AW2%23B0F00712518400WN,Activity History,/Users/francesco/Switchdrive/PycharmProjects/pycift/dfrws2018/(2018-07-01_13.17.01)_CIFT_RESULT/Evidence_Library/AmazonAlexaCloud/7893eada8583fdcdb08b04ccc7d4729b51b2079b.json,88f35105937c90577669581fd2c7fd2917ebb0a4,2018-07-01 13:17:35,-,UTC+2
34,CLOUD,https://alexa.amazon.com/api/activity-dialog-items?activityKey=A2F07N8TDIAK5U%231526389669248%23AB72C64C86AW2%23B0F00712518400WN,Activity History,/Users/francesco/Switchdrive/PycharmProjects/pycift/dfrws2018/(2018-07-01_13.17.01)_CIFT_RESULT/Evidence_Library/AmazonAlexaCloud/d0197feb4ffd41eff65264a1e5f8b8b248e8b431.json,6c36dec2ec50f0bb676a4d98f8af0f6a2bb33aba,2018-07-01 13:17:35,-,UTC+2
35,CLOUD,https://alexa.amazon.com/api/activity-dialog-items?activityKey=A2F07N8TDIAK5U%231526389663789%23AB72C64C86AW2%23B0F00712518400WN,Activity History,/Users/francesco/Switchdrive/PycharmProjects/pycift/dfrws2018/(2018-07-01_13.17.01)_CIFT_RESULT/Evidence_Library/AmazonAlexaCloud/0fa8eab961d947113d0b7a946e192bd1230db1a6.json,a1bc4389e08e92584d6aa0c1cc7d724001ad9313,2018-07-01 13:17:36,-,UTC+2
36,CLOUD,https://alexa.amazon.com/api/activity-dialog-items?activityKey=A2F07N8TDIAK5U%231526389661753%23AB72C64C86AW2%23B0F00712518400WN,Activity History,/Users/francesco/Switchdrive/PycharmProjects/pycift/dfrws2018/(2018-07-01_13.17.01)_CIFT_RESULT/Evidence_Library/AmazonAlexaCloud/639f82826aa814e3faa8dad3617c54b9c42589aa.json,5c440808ec061a4cadcd0b7632949277beb37904,2018-07-01 13:17:36,-,UTC+2
37,CLOUD,https://alexa.amazon.com/api/activity-dialog-items?activityKey=A2F07N8TDIAK5U%231526389656174%23AB72C64C86AW2%23B0F00712518400WN,Activity History,/Users/francesco/Switchdrive/PycharmProjects/pycift/dfrws2018/(2018-07-01_13.17.01)_CIFT_RESULT/Evidence_Library/AmazonAlexaCloud/5a293239f1fe9ba165020113bd6e07e3dbc4cf73.json,d95e49fa71a32462bcfc9c6c00ab8282c138e63f,2018-07-01 13:17:37,-,UTC+2
38,CLOUD,https://alexa.amazon.com/api/activity-dialog-items?activityKey=A2F07N8TDIAK5U%231526389651388%23AB72C64C86AW2%23B0F00712518400WN,Activity History,/Users/francesco/Switchdrive/PycharmProjects/pycift/dfrws2018/(2018-07-01_13.17.01)_CIFT_RESULT/Evidence_Library/AmazonAlexaCloud/a63936fe6724ba5cc86e195f09124cc093e135ea.json,c0a58a8ecc87649e136e3c676e663191cef1730a,2018-07-01 13:17:37,-,UTC+2
39,CLOUD,https://alexa.amazon.com/api/activity-dialog-items?activityKey=A2F07N8TDIAK5U%231526389649457%23AB72C64C86AW2%23B0F00712518400WN,Activity History,/Users/francesco/Switchdrive/PycharmProjects/pycift/dfrws2018/(2018-07-01_13.17.01)_CIFT_RESULT/Evidence_Library/AmazonAlexaCloud/70c7f283c560829fd1d221786c7d8d9f59a71c6b.json,50e472e9b0044d504b5cb2fea9c581136ffb7423,2018-07-01 13:17:38,-,UTC+2
40,CLOUD,https://alexa.amazon.com/api/activity-dialog-items?activityKey=A2F07N8TDIAK5U%231526389645106%23AB72C64C86AW2%23B0F00712518400WN,Activity History,/Users/francesco/Switchdrive/PycharmProjects/pycift/dfrws2018/(2018-07-01_13.17.01)_CIFT_RESULT/Evidence_Library/AmazonAlexaCloud/d9d5c9a5892dd94d4e1497ee5932d0a6a02d0a50.json,d5030f6d0567380d8a5fb814ce8f071cee468c96,2018-07-01 13:17:38,-,UTC+2
41,CLOUD,https://alexa.amazon.com/api/activity-dialog-items?activityKey=A2F07N8TDIAK5U%231526389610541%23AB72C64C86AW2%23B0F00712518400WN,Activity History,/Users/francesco/Switchdrive/PycharmProjects/pycift/dfrws2018/(2018-07-01_13.17.01)_CIFT_RESULT/Evidence_Library/AmazonAlexaCloud/afdd06417c5f1c8e07e7356412191fed05e57779.json,bd2759a220056805bfa4150c1f37ec67a45b6889,2018-07-01 13:17:39,-,UTC+2
42,CLOUD,https://alexa.amazon.com/api/activity-dialog-items?activityKey=A2F07N8TDIAK5U%231526389609196%23AB72C64C86AW2%23B0F00712518400WN,Activity History,/Users/francesco/Switchdrive/PycharmProjects/pycift/dfrws2018/(2018-07-01_13.17.01)_CIFT_RESULT/Evidence_Library/AmazonAlexaCloud/87aa2640b1a44e216f34f7b17257960676189d88.json,bac5d88527adafc9b956759c173b6d207d62fc66,2018-07-01 13:17:39,-,UTC+2
43,CLOUD,https://alexa.amazon.com/api/activity-dialog-items?activityKey=A2F07N8TDIAK5U%231526389607853%23AB72C64C86AW2%23B0F00712518400WN,Activity History,/Users/francesco/Switchdrive/PycharmProjects/pycift/dfrws2018/(2018-07-01_13.17.01)_CIFT_RESULT/Evidence_Library/AmazonAlexaCloud/7faff2d92632146d6a66994a0dcb69af83a761f5.json,91086800a296a12e4b6b38b24ab1141fe31130e0,2018-07-01 13:17:40,-,UTC+2
44,CLOUD,https://alexa.amazon.com/api/activity-dialog-items?activityKey=A2F07N8TDIAK5U%231526389589681%23AB72C64C86AW2%23B0F00712518400WN,Activity History,/Users/francesco/Switchdrive/PycharmProjects/pycift/dfrws2018/(2018-07-01_13.17.01)_CIFT_RESULT/Evidence_Library/AmazonAlexaCloud/bc300ad077a7e42c57dafe3a3880c10ca3190207.json,f85be60a94e0bcb05c8923a5520ce6add0d0701c,2018-07-01 13:17:40,-,UTC+2
45,CLOUD,https://alexa.amazon.com/api/activity-dialog-items?activityKey=A2F07N8TDIAK5U%231526389575122%23AB72C64C86AW2%23B0F00712518400WN,Activity History,/Users/francesco/Switchdrive/PycharmProjects/pycift/dfrws2018/(2018-07-01_13.17.01)_CIFT_RESULT/Evidence_Library/AmazonAlexaCloud/f907e0abeaa1713c73d8e7e2c992e61696cbb079.json,0db723913262ccc9f699206b5059097f4cab2333,2018-07-01 13:17:41,-,UTC+2
46,CLOUD,https://alexa.amazon.com/api/activity-dialog-items?activityKey=A2F07N8TDIAK5U%231526389573439%23AB72C64C86AW2%23B0F00712518400WN,Activity History,/Users/francesco/Switchdrive/PycharmProjects/pycift/dfrws2018/(2018-07-01_13.17.01)_CIFT_RESULT/Evidence_Library/AmazonAlexaCloud/b7aae84f094d1b181eb654bb45657782b696c047.json,9452bf464402ad76a156747f25d965fdbeb277e5,2018-07-01 13:17:41,-,UTC+2
47,CLOUD,https://alexa.amazon.com/api/activity-dialog-items?activityKey=A2F07N8TDIAK5U%231526389570358%23AB72C64C86AW2%23B0F00712518400WN,Activity History,/Users/francesco/Switchdrive/PycharmProjects/pycift/dfrws2018/(2018-07-01_13.17.01)_CIFT_RESULT/Evidence_Library/AmazonAlexaCloud/9fb911aa86480a4600715742cd9999dc3bae4223.json,3c6270100b8dd100cbdeafeb099918bafce4bbc5,2018-07-01 13:17:42,-,UTC+2
48,CLOUD,https://alexa.amazon.com/api/activity-dialog-items?activityKey=A2F07N8TDIAK5U%231526389566154%23AB72C64C86AW2%23B0F00712518400WN,Activity History,/Users/francesco/Switchdrive/PycharmProjects/pycift/dfrws2018/(2018-07-01_13.17.01)_CIFT_RESULT/Evidence_Library/AmazonAlexaCloud/a8bec2729885261ae45b0b306352b7db27303318.json,b3adb87ec5f09dc3a5244a0cd1a8c8564c38e696,2018-07-01 13:17:42,-,UTC+2
49,CLOUD,https://alexa.amazon.com/api/activity-dialog-items?activityKey=A2F07N8TDIAK5U%231526389561194%23AB72C64C86AW2%23B0F00712518400WN,Activity History,/Users/francesco/Switchdrive/PycharmProjects/pycift/dfrws2018/(2018-07-01_13.17.01)_CIFT_RESULT/Evidence_Library/AmazonAlexaCloud/70877451c52cb6708cb7bb5010a72ae1b2fc2450.json,a55ad3b52ddc4d395936a915476296e84d1e9dbd,2018-07-01 13:17:43,-,UTC+2
50,CLOUD,https://alexa.amazon.com/api/activity-dialog-items?activityKey=A2F07N8TDIAK5U%231526389550980%23AB72C64C86AW2%23B0F00712518400WN,Activity History,/Users/francesco/Switchdrive/PycharmProjects/pycift/dfrws2018/(2018-07-01_13.17.01)_CIFT_RESULT/Evidence_Library/AmazonAlexaCloud/e880a49c888ede11b80bd5269f92bf68b33d562b.json,530ad2d2bce65ad3c1b03b3b9c12efdb55f5a09b,2018-07-01 13:17:43,-,UTC+2
51,CLOUD,https://alexa.amazon.com/api/activity-dialog-items?activityKey=A2F07N8TDIAK5U%231526389547552%23AB72C64C86AW2%23B0F00712518400WN,Activity History,/Users/francesco/Switchdrive/PycharmProjects/pycift/dfrws2018/(2018-07-01_13.17.01)_CIFT_RESULT/Evidence_Library/AmazonAlexaCloud/8c5aa6d137058e2b9abb0993c113db02992be864.json,adc21e144052fb75804adff5831c2c9a9cdf9c44,2018-07-01 13:17:44,-,UTC+2
52,CLOUD,https://alexa.amazon.com/api/activity-dialog-items?activityKey=A2F07N8TDIAK5U%231526389544382%23AB72C64C86AW2%23B0F00712518400WN,Activity History,/Users/francesco/Switchdrive/PycharmProjects/pycift/dfrws2018/(2018-07-01_13.17.01)_CIFT_RESULT/Evidence_Library/AmazonAlexaCloud/80a7ae31b87ab557ab217822223909e12f06e2f9.json,44c25e0c70222bf8fa2b737f06dae2cba9f5dee8,2018-07-01 13:17:45,-,UTC+2
53,CLOUD,https://alexa.amazon.com/api/activity-dialog-items?activityKey=A2F07N8TDIAK5U%231526376552264%23AB72C64C86AW2%23B0F00712518400WN,Activity History,/Users/francesco/Switchdrive/PycharmProjects/pycift/dfrws2018/(2018-07-01_13.17.01)_CIFT_RESULT/Evidence_Library/AmazonAlexaCloud/bdde773a520fc4d5b491e372752a437630d899b6.json,26f4295ce3ebea1c86481e94bb0c03f821cda2d0,2018-07-01 13:17:46,-,UTC+2
54,CLOUD,https://alexa.amazon.com/api/activity-dialog-items?activityKey=A2F07N8TDIAK5U%231526376544981%23AB72C64C86AW2%23B0F00712518400WN,Activity History,/Users/francesco/Switchdrive/PycharmProjects/pycift/dfrws2018/(2018-07-01_13.17.01)_CIFT_RESULT/Evidence_Library/AmazonAlexaCloud/58ebf604db8e4af5baec444c2bc029671b5473fd.json,6d38cc7b07fcae22239f673d0023dc5f54555dc8,2018-07-01 13:17:46,-,UTC+2
55,CLOUD,https://alexa.amazon.com/api/activity-dialog-items?activityKey=A2F07N8TDIAK5U%231526376538125%23AB72C64C86AW2%23B0F00712518400WN,Activity History,/Users/francesco/Switchdrive/PycharmProjects/pycift/dfrws2018/(2018-07-01_13.17.01)_CIFT_RESULT/Evidence_Library/AmazonAlexaCloud/2022746dc0a62a8969d352a39e76556e1860e404.json,5ccc43d3571decd5e338085bfebd814615cc0d3c,2018-07-01 13:17:47,-,UTC+2
56,CLOUD,https://alexa.amazon.com/api/activity-dialog-items?activityKey=A2F07N8TDIAK5U%231526376534632%23AB72C64C86AW2%23B0F00712518400WN,Activity History,/Users/francesco/Switchdrive/PycharmProjects/pycift/dfrws2018/(2018-07-01_13.17.01)_CIFT_RESULT/Evidence_Library/AmazonAlexaCloud/42b703c962fe38621a93ee478ea811f6c6060c40.json,0e4ed4969cc89bcf1072c1b41bfc1925e75deca9,2018-07-01 13:17:47,-,UTC+2
57,CLOUD,https://alexa.amazon.com/api/activity-dialog-items?activityKey=A2F07N8TDIAK5U%231526376437142%23AB72C64C86AW2%23B0F00712518400WN,Activity History,/Users/francesco/Switchdrive/PycharmProjects/pycift/dfrws2018/(2018-07-01_13.17.01)_CIFT_RESULT/Evidence_Library/AmazonAlexaCloud/81e823f529d4889073c5b4cc2028ca0445f0cc0a.json,6fa1d12e6672d68b353f65243127dd6411dbfbc4,2018-07-01 13:17:48,-,UTC+2
58,CLOUD,https://alexa.amazon.com/api/activity-dialog-items?activityKey=A2F07N8TDIAK5U%231526376428891%23AB72C64C86AW2%23B0F00712518400WN,Activity History,/Users/francesco/Switchdrive/PycharmProjects/pycift/dfrws2018/(2018-07-01_13.17.01)_CIFT_RESULT/Evidence_Library/AmazonAlexaCloud/d11061e75bb4ede10f9d7502c372df528f0203c4.json,92c8c6d4f260375e44d8f9887262860cd17aa45b,2018-07-01 13:17:48,-,UTC+2
59,CLOUD,https://alexa.amazon.com/api/activities?startTime=1522003507295&size=1000&offset=-1,Activity History,/Users/francesco/Switchdrive/PycharmProjects/pycift/dfrws2018/(2018-07-01_13.17.01)_CIFT_RESULT/Evidence_Library/AmazonAlexaCloud/a93aecd622e1781ecf4713cdf2b5209f69e547a4.json,fa367c58e1a34db78326cd3444b15c81401ba7cc,2018-07-01 13:17:52,-,UTC+2
60,CLOUD,https://skills-store.amazon.com/app/secure/yourskills,Your Skills,/Users/francesco/Switchdrive/PycharmProjects/pycift/dfrws2018/(2018-07-01_13.17.01)_CIFT_RESULT/Evidence_Library/AmazonAlexaCloud/d79a708013b29d0388bea6f317bd8e4f03c9cd7e.json,d8b59b94a91e6d701cc7cb5cf365c485dea5fdeb,2018-07-01 13:17:53,-,UTC+2
61,CLOUD,https://alexa.amazon.com/api/namedLists,Named List,/Users/francesco/Switchdrive/PycharmProjects/pycift/dfrws2018/(2018-07-01_13.17.01)_CIFT_RESULT/Evidence_Library/AmazonAlexaCloud/a46e094e3393eb968dd447853520939b77b5bf7a.json,77f5647d49b29b91f7709466ac6a9a0e57ad3f10,2018-07-01 13:17:53,-,UTC+2
62,CLOUD,https://alexa.amazon.com/api/namedLists/YW16bjEuYWNjb3VudC5BRVdXVVJGTEhXQlRWWFhSS0w1VUdGSlY3NkJRLVNIT1BQSU5HX0lURU0=/items,Named List,/Users/francesco/Switchdrive/PycharmProjects/pycift/dfrws2018/(2018-07-01_13.17.01)_CIFT_RESULT/Evidence_Library/AmazonAlexaCloud/6a1f0552a49d4adc55af0b7a5947fed9b6eb9138.json,0aa57999e78756edb0d44d6218763ab371a4b8b2,2018-07-01 13:17:54,-,UTC+2
63,CLOUD,https://alexa.amazon.com/api/namedLists/YW16bjEuYWNjb3VudC5BRVdXVVJGTEhXQlRWWFhSS0w1VUdGSlY3NkJRLVRBU0s=/items,Named List,/Users/francesco/Switchdrive/PycharmProjects/pycift/dfrws2018/(2018-07-01_13.17.01)_CIFT_RESULT/Evidence_Library/AmazonAlexaCloud/d0e340d9c12f404110c3dc737e2c6a16378045fe.json,0aa57999e78756edb0d44d6218763ab371a4b8b2,2018-07-01 13:17:54,-,UTC+2
64,CLOUD,https://alexa-comms-mobile-service.amazon.com/accounts,Communication Account,/Users/francesco/Switchdrive/PycharmProjects/pycift/dfrws2018/(2018-07-01_13.17.01)_CIFT_RESULT/Evidence_Library/AmazonAlexaCloud/28040c96180a98560cc9457ed170fdd1456b9192.json,845e02419328682da3ae36233c0aa96be1ba3a0d,2018-07-01 13:17:55,-,UTC+2
65,CLOUD,https://alexa.amazon.com/api/media/historical-queue?deviceSerialNumber=515cefc2f44e41dc9b6a4f7d54820900&deviceType=A2TF17PFR55MTB&size=1000&offset=-1,Played Media,/Users/francesco/Switchdrive/PycharmProjects/pycift/dfrws2018/(2018-07-01_13.17.01)_CIFT_RESULT/Evidence_Library/AmazonAlexaCloud/1bbb7f1246f1d4f50318a36b6e489e5cf75195a0.json,02166f8759ce6448cad36bc3254c8c22f62835b9,2018-07-01 13:17:55,-,UTC+2
66,CLOUD,https://alexa.amazon.com/api/media/historical-queue?deviceSerialNumber=6eb18f2fca814f8797c4d970557e435d&deviceType=A1MPSLFC7L5AFK&size=1000&offset=-1,Played Media,/Users/francesco/Switchdrive/PycharmProjects/pycift/dfrws2018/(2018-07-01_13.17.01)_CIFT_RESULT/Evidence_Library/AmazonAlexaCloud/ff23998fe7551c6396aee843a6321f6762267072.json,02166f8759ce6448cad36bc3254c8c22f62835b9,2018-07-01 13:17:56,-,UTC+2
67,CLOUD,https://alexa.amazon.com/api/utterance/audio/data?id=AB72C64C86AW2:1.0/2018/05/30/09/B0F00712518400WN/09:58::TNIH_2V.24f8b8e7-0783-48c9-bd96-aaeb3e1d4caaZXV,Voice Data,/Users/francesco/Switchdrive/PycharmProjects/pycift/dfrws2018/(2018-07-01_13.17.01)_CIFT_RESULT/Evidence_Library/AmazonAlexaCloud/VOICE/(2018-05-30T11_09_58+0200)_TEXT(TRANSCRIPT NOT AVAILABLE).wav,22f405b21fbb675ad1ccfb3abac992c3950cce5d,2018-07-01 13:17:57,-,UTC+2
68,CLOUD,https://alexa.amazon.com/api/utterance/audio/data?id=AB72C64C86AW2:1.0/2018/05/17/08/B0F00712518400WN/22:24::TNIH_2V.9f80b65c-455f-4c91-ae96-f1758bcc6230ZXV,Voice Data,/Users/francesco/Switchdrive/PycharmProjects/pycift/dfrws2018/(2018-07-01_13.17.01)_CIFT_RESULT/Evidence_Library/AmazonAlexaCloud/VOICE/(2018-05-17T10_22_24+0200)_TEXT(TRANSCRIPT NOT AVAILABLE).wav,9804fb8b88c492aed6d3df5518e60ebb33b17e94,2018-07-01 13:17:58,-,UTC+2
69,CLOUD,https://alexa.amazon.com/api/utterance/audio/data?id=AB72C64C86AW2:1.0/2018/05/17/08/B0F00712518400WN/22:18::TNIH_2V.2a142d91-50a8-406d-85f8-5cdac2868f08ZXV/0,Voice Data,/Users/francesco/Switchdrive/PycharmProjects/pycift/dfrws2018/(2018-07-01_13.17.01)_CIFT_RESULT/Evidence_Library/AmazonAlexaCloud/VOICE/(2018-05-17T10_22_18+0200)_TEXT(Mode Changed (iSmartAlarm)).wav,4eac47985d16f07e9a9061626af43363f47c0807,2018-07-01 13:17:59,-,UTC+2
70,CLOUD,https://alexa.amazon.com/api/utterance/audio/data?id=AB72C64C86AW2:1.0/2018/05/17/08/B0F00712518400WN/22:18::TNIH_2V.2a142d91-50a8-406d-85f8-5cdac2868f08ZXV/0,Voice Data,/Users/francesco/Switchdrive/PycharmProjects/pycift/dfrws2018/(2018-07-01_13.17.01)_CIFT_RESULT/Evidence_Library/AmazonAlexaCloud/VOICE/(2018-05-17T10_22_18+0200)_TEXT(yes).wav,4eac47985d16f07e9a9061626af43363f47c0807,2018-07-01 13:18:00,-,UTC+2
71,CLOUD,https://alexa.amazon.com/api/utterance/audio/data?id=AB72C64C86AW2:1.0/2018/05/17/08/B0F00712518400WN/22:08::TNIH_2V.072f16a3-5c46-45db-99e7-967463fe9020ZXV/1,Voice Data,/Users/francesco/Switchdrive/PycharmProjects/pycift/dfrws2018/(2018-07-01_13.17.01)_CIFT_RESULT/Evidence_Library/AmazonAlexaCloud/VOICE/(2018-05-17T10_22_08+0200)_TEXT(Mode Changed (iSmartAlarm)).wav,965acfa172865bbcb256aedf1564f207f61d5117,2018-07-01 13:18:01,-,UTC+2
72,CLOUD,https://alexa.amazon.com/api/utterance/audio/data?id=AB72C64C86AW2:1.0/2018/05/17/08/B0F00712518400WN/22:08::TNIH_2V.072f16a3-5c46-45db-99e7-967463fe9020ZXV/1,Voice Data,/Users/francesco/Switchdrive/PycharmProjects/pycift/dfrws2018/(2018-07-01_13.17.01)_CIFT_RESULT/Evidence_Library/AmazonAlexaCloud/VOICE/(2018-05-17T10_22_08+0200)_TEXT(tell i. smart alarm to arm my system).wav,965acfa172865bbcb256aedf1564f207f61d5117,2018-07-01 13:18:02,-,UTC+2
73,CLOUD,https://alexa.amazon.com/api/utterance/audio/data?id=AB72C64C86AW2:1.0/2018/05/17/08/B0F00712518400WN/22:08::TNIH_2V.072f16a3-5c46-45db-99e7-967463fe9020ZXV,Voice Data,/Users/francesco/Switchdrive/PycharmProjects/pycift/dfrws2018/(2018-07-01_13.17.01)_CIFT_RESULT/Evidence_Library/AmazonAlexaCloud/VOICE/(2018-05-17T10_22_08+0200)_TEXT(alexa).wav,2787c47a2de131ae94a6cb9cbef062e014438aca,2018-07-01 13:18:04,-,UTC+2
74,CLOUD,https://alexa.amazon.com/api/utterance/audio/data?id=AB72C64C86AW2:1.0/2018/05/17/08/B0F00712518400WN/16:15::TNIH_2V.0beae27e-6b90-4e8d-9a2e-689e3f1b3c6eZXV,Voice Data,/Users/francesco/Switchdrive/PycharmProjects/pycift/dfrws2018/(2018-07-01_13.17.01)_CIFT_RESULT/Evidence_Library/AmazonAlexaCloud/VOICE/(2018-05-17T10_16_15+0200)_TEXT(Unknown).wav,6a0abe13b4bdcfb074d836f9d15bc390ab296d9f,2018-07-01 13:18:06,-,UTC+2
75,CLOUD,https://alexa.amazon.com/api/utterance/audio/data?id=AB72C64C86AW2:1.0/2018/05/17/08/B0F00712518400WN/16:07::TNIH_2V.d1cb4dd8-937c-4abf-894b-5840404fa0feZXV/0,Voice Data,/Users/francesco/Switchdrive/PycharmProjects/pycift/dfrws2018/(2018-07-01_13.17.01)_CIFT_RESULT/Evidence_Library/AmazonAlexaCloud/VOICE/(2018-05-17T10_16_07+0200)_TEXT(Link Spotify).wav,5fe921a1ef92978d2d72cc3146b9756e4e72ce6a,2018-07-01 13:18:07,-,UTC+2
76,CLOUD,https://alexa.amazon.com/api/utterance/audio/data?id=AB72C64C86AW2:1.0/2018/05/17/08/B0F00712518400WN/16:07::TNIH_2V.d1cb4dd8-937c-4abf-894b-5840404fa0feZXV,Voice Data,/Users/francesco/Switchdrive/PycharmProjects/pycift/dfrws2018/(2018-07-01_13.17.01)_CIFT_RESULT/Evidence_Library/AmazonAlexaCloud/VOICE/(2018-05-17T10_16_07+0200)_TEXT(alexa play led zeppelin).wav,445521de048bbdc713a134e35eab9f76febab79c,2018-07-01 13:18:09,-,UTC+2
77,CLOUD,https://alexa.amazon.com/api/utterance/audio/data?id=AB72C64C86AW2:1.0/2018/05/16/13/B0F00712518400WN/36:10::TNIH_2V.4c169b61-ad88-4c44-94d9-56483e880172ZXV,Voice Data,/Users/francesco/Switchdrive/PycharmProjects/pycift/dfrws2018/(2018-07-01_13.17.01)_CIFT_RESULT/Evidence_Library/AmazonAlexaCloud/VOICE/(2018-05-16T15_36_10+0200)_TEXT(TRANSCRIPT NOT AVAILABLE).wav,e298aa29b3a5b5260275d57c74fd80944d074ae0,2018-07-01 13:18:10,-,UTC+2
78,CLOUD,https://alexa.amazon.com/api/utterance/audio/data?id=AB72C64C86AW2:1.0/2018/05/16/13/B0F00712518400WN/36:00::TNIH_2V.9d77a155-5b7f-4129-9512-5ea08e079c72ZXV/1,Voice Data,/Users/francesco/Switchdrive/PycharmProjects/pycift/dfrws2018/(2018-07-01_13.17.01)_CIFT_RESULT/Evidence_Library/AmazonAlexaCloud/VOICE/(2018-05-16T15_36_00+0200)_TEXT(What's four and six_).wav,241f0d9246889f68309d21f6ab183bef0fdc2fca,2018-07-01 13:18:11,-,UTC+2
79,CLOUD,https://alexa.amazon.com/api/utterance/audio/data?id=AB72C64C86AW2:1.0/2018/05/16/13/B0F00712518400WN/36:00::TNIH_2V.9d77a155-5b7f-4129-9512-5ea08e079c72ZXV,Voice Data,/Users/francesco/Switchdrive/PycharmProjects/pycift/dfrws2018/(2018-07-01_13.17.01)_CIFT_RESULT/Evidence_Library/AmazonAlexaCloud/VOICE/(2018-05-16T15_36_00+0200)_TEXT(what's four and six).wav,dadfe5bc0f85e266620f8cd76c393aaa81cb4095,2018-07-01 13:18:13,-,UTC+2
80,CLOUD,https://alexa.amazon.com/api/utterance/audio/data?id=AB72C64C86AW2:1.0/2018/05/16/13/B0F00712518400WN/36:00::TNIH_2V.9d77a155-5b7f-4129-9512-5ea08e079c72ZXV,Voice Data,/Users/francesco/Switchdrive/PycharmProjects/pycift/dfrws2018/(2018-07-01_13.17.01)_CIFT_RESULT/Evidence_Library/AmazonAlexaCloud/VOICE/(2018-05-16T15_36_00+0200)_TEXT(alexa).wav,dadfe5bc0f85e266620f8cd76c393aaa81cb4095,2018-07-01 13:18:14,-,UTC+2
81,CLOUD,https://alexa.amazon.com/api/utterance/audio/data?id=AB72C64C86AW2:1.0/2018/05/16/13/B0F00712518400WN/35:27::TNIH_2V.fd90f6ff-ff72-44e6-b258-c523b0a2e9d4ZXV,Voice Data,/Users/francesco/Switchdrive/PycharmProjects/pycift/dfrws2018/(2018-07-01_13.17.01)_CIFT_RESULT/Evidence_Library/AmazonAlexaCloud/VOICE/(2018-05-16T15_35_27+0200)_TEXT(TRANSCRIPT NOT AVAILABLE).wav,267aaad2ad597a4493f6c073ed0449e8ae02a079,2018-07-01 13:18:16,-,UTC+2
82,CLOUD,https://alexa.amazon.com/api/utterance/audio/data?id=AB72C64C86AW2:1.0/2018/05/16/13/B0F00712518400WN/35:18::TNIH_2V.428d7080-bcd8-4cbd-b850-bad5e067cd4dZXV/1,Voice Data,/Users/francesco/Switchdrive/PycharmProjects/pycift/dfrws2018/(2018-07-01_13.17.01)_CIFT_RESULT/Evidence_Library/AmazonAlexaCloud/VOICE/(2018-05-16T15_35_18+0200)_TEXT(What's friendsgiving_).wav,f56aa5e26971f999e07cc30e0540ed57a04b2775,2018-07-01 13:18:17,-,UTC+2
83,CLOUD,https://alexa.amazon.com/api/utterance/audio/data?id=AB72C64C86AW2:1.0/2018/05/16/13/B0F00712518400WN/35:18::TNIH_2V.428d7080-bcd8-4cbd-b850-bad5e067cd4dZXV,Voice Data,/Users/francesco/Switchdrive/PycharmProjects/pycift/dfrws2018/(2018-07-01_13.17.01)_CIFT_RESULT/Evidence_Library/AmazonAlexaCloud/VOICE/(2018-05-16T15_35_18+0200)_TEXT(what's friendsgiving).wav,20c5e39b45f54329ee07a3a57f9e122073e58736,2018-07-01 13:18:18,-,UTC+2
84,CLOUD,https://alexa.amazon.com/api/utterance/audio/data?id=AB72C64C86AW2:1.0/2018/05/16/13/B0F00712518400WN/35:18::TNIH_2V.428d7080-bcd8-4cbd-b850-bad5e067cd4dZXV,Voice Data,/Users/francesco/Switchdrive/PycharmProjects/pycift/dfrws2018/(2018-07-01_13.17.01)_CIFT_RESULT/Evidence_Library/AmazonAlexaCloud/VOICE/(2018-05-16T15_35_18+0200)_TEXT(alexa).wav,20c5e39b45f54329ee07a3a57f9e122073e58736,2018-07-01 13:18:20,-,UTC+2
85,CLOUD,https://alexa.amazon.com/api/utterance/audio/data?id=AB72C64C86AW2:1.0/2018/05/16/13/B0F00712518400WN/34:58::TNIH_2V.4ebe6e51-a847-40d1-a8e0-d519e71873dfZXV/0,Voice Data,/Users/francesco/Switchdrive/PycharmProjects/pycift/dfrws2018/(2018-07-01_13.17.01)_CIFT_RESULT/Evidence_Library/AmazonAlexaCloud/VOICE/(2018-05-16T15_34_58+0200)_TEXT(incredible).wav,4c320831320480453159a245910a700b53cf9428,2018-07-01 13:18:21,-,UTC+2
86,CLOUD,https://alexa.amazon.com/api/utterance/audio/data?id=AB72C64C86AW2:1.0/2018/05/16/13/B0F00712518400WN/34:37::TNIH_2V.bedbf7f5-63fe-4756-a980-fec59c68b2c4ZXV,Voice Data,/Users/francesco/Switchdrive/PycharmProjects/pycift/dfrws2018/(2018-07-01_13.17.01)_CIFT_RESULT/Evidence_Library/AmazonAlexaCloud/VOICE/(2018-05-16T15_34_37+0200)_TEXT(yes).wav,b2a94ab16ad1c743fbba4eb1094301ab6172e54d,2018-07-01 13:18:22,-,UTC+2
87,CLOUD,https://alexa.amazon.com/api/utterance/audio/data?id=AB72C64C86AW2:1.0/2018/05/16/13/B0F00712518400WN/34:16::TNIH_2V.afa548d0-087c-4c04-a0f2-f55f3beec9f6ZXV,Voice Data,/Users/francesco/Switchdrive/PycharmProjects/pycift/dfrws2018/(2018-07-01_13.17.01)_CIFT_RESULT/Evidence_Library/AmazonAlexaCloud/VOICE/(2018-05-16T15_34_16+0200)_TEXT(what's up).wav,24bba74062e16e9dba4c7e4aa42049ceed795660,2018-07-01 13:18:24,-,UTC+2
88,CLOUD,https://alexa.amazon.com/api/utterance/audio/data?id=AB72C64C86AW2:1.0/2018/05/16/13/B0F00712518400WN/34:16::TNIH_2V.afa548d0-087c-4c04-a0f2-f55f3beec9f6ZXV,Voice Data,/Users/francesco/Switchdrive/PycharmProjects/pycift/dfrws2018/(2018-07-01_13.17.01)_CIFT_RESULT/Evidence_Library/AmazonAlexaCloud/VOICE/(2018-05-16T15_34_16+0200)_TEXT(alexa).wav,24bba74062e16e9dba4c7e4aa42049ceed795660,2018-07-01 13:18:25,-,UTC+2
89,CLOUD,https://alexa.amazon.com/api/utterance/audio/data?id=AB72C64C86AW2:1.0/2018/05/15/13/B0F00712518400WN/07:48::TNIH_2V.01f4c36b-3ffe-46c8-8773-0a05a80bf4c1ZXV/1,Voice Data,/Users/francesco/Switchdrive/PycharmProjects/pycift/dfrws2018/(2018-07-01_13.17.01)_CIFT_RESULT/Evidence_Library/AmazonAlexaCloud/VOICE/(2018-05-15T15_07_48+0200)_TEXT(Bye).wav,d17e1d14022461b3303866549a3145581bab9e09,2018-07-01 13:18:26,-,UTC+2
90,CLOUD,https://alexa.amazon.com/api/utterance/audio/data?id=AB72C64C86AW2:1.0/2018/05/15/13/B0F00712518400WN/07:48::TNIH_2V.01f4c36b-3ffe-46c8-8773-0a05a80bf4c1ZXV,Voice Data,/Users/francesco/Switchdrive/PycharmProjects/pycift/dfrws2018/(2018-07-01_13.17.01)_CIFT_RESULT/Evidence_Library/AmazonAlexaCloud/VOICE/(2018-05-15T15_07_48+0200)_TEXT(alexa).wav,97c71cc2732363f1da97ec048a9689b5f23021a3,2018-07-01 13:18:28,-,UTC+2
91,CLOUD,https://alexa.amazon.com/api/utterance/audio/data?id=AB72C64C86AW2:1.0/2018/05/15/13/B0F00712518400WN/07:41::TNIH_2V.e11a98f6-cd12-46de-9cd3-e9175e9d27a4ZXV,Voice Data,/Users/francesco/Switchdrive/PycharmProjects/pycift/dfrws2018/(2018-07-01_13.17.01)_CIFT_RESULT/Evidence_Library/AmazonAlexaCloud/VOICE/(2018-05-15T15_07_41+0200)_TEXT(well i see you soon).wav,108c2070432e60df32b9b7f17e2fc5628a6dca8e,2018-07-01 13:18:29,-,UTC+2
92,CLOUD,https://alexa.amazon.com/api/utterance/audio/data?id=AB72C64C86AW2:1.0/2018/05/15/13/B0F00712518400WN/07:41::TNIH_2V.e11a98f6-cd12-46de-9cd3-e9175e9d27a4ZXV,Voice Data,/Users/francesco/Switchdrive/PycharmProjects/pycift/dfrws2018/(2018-07-01_13.17.01)_CIFT_RESULT/Evidence_Library/AmazonAlexaCloud/VOICE/(2018-05-15T15_07_41+0200)_TEXT(alexa).wav,108c2070432e60df32b9b7f17e2fc5628a6dca8e,2018-07-01 13:18:30,-,UTC+2
93,CLOUD,https://alexa.amazon.com/api/utterance/audio/data?id=AB72C64C86AW2:1.0/2018/05/15/13/B0F00712518400WN/07:34::TNIH_2V.0447e3ca-7189-4f37-b914-fc611a10d637ZXV,Voice Data,/Users/francesco/Switchdrive/PycharmProjects/pycift/dfrws2018/(2018-07-01_13.17.01)_CIFT_RESULT/Evidence_Library/AmazonAlexaCloud/VOICE/(2018-05-15T15_07_34+0200)_TEXT(TRANSCRIPT NOT AVAILABLE).wav,15976fa803c05cb7fd8aa8c0fc4b35ad11065760,2018-07-01 13:18:31,-,UTC+2
94,CLOUD,https://alexa.amazon.com/api/utterance/audio/data?id=AB72C64C86AW2:1.0/2018/05/15/13/B0F00712518400WN/07:28::TNIH_2V.0e3693f7-962b-45e3-9842-d897b692c9d7ZXV,Voice Data,/Users/francesco/Switchdrive/PycharmProjects/pycift/dfrws2018/(2018-07-01_13.17.01)_CIFT_RESULT/Evidence_Library/AmazonAlexaCloud/VOICE/(2018-05-15T15_07_28+0200)_TEXT(did you have another story).wav,407cd607cc5f85abf3a7afb20fbfd2ce35487cfc,2018-07-01 13:18:33,-,UTC+2
95,CLOUD,https://alexa.amazon.com/api/utterance/audio/data?id=AB72C64C86AW2:1.0/2018/05/15/13/B0F00712518400WN/07:28::TNIH_2V.0e3693f7-962b-45e3-9842-d897b692c9d7ZXV,Voice Data,/Users/francesco/Switchdrive/PycharmProjects/pycift/dfrws2018/(2018-07-01_13.17.01)_CIFT_RESULT/Evidence_Library/AmazonAlexaCloud/VOICE/(2018-05-15T15_07_28+0200)_TEXT(alexa).wav,407cd607cc5f85abf3a7afb20fbfd2ce35487cfc,2018-07-01 13:18:34,-,UTC+2
96,CLOUD,https://alexa.amazon.com/api/utterance/audio/data?id=AB72C64C86AW2:1.0/2018/05/15/13/B0F00712518400WN/07:18::TNIH_2V.5f36e530-da6b-42dc-a0f5-5e3a10c8872cZXV,Voice Data,/Users/francesco/Switchdrive/PycharmProjects/pycift/dfrws2018/(2018-07-01_13.17.01)_CIFT_RESULT/Evidence_Library/AmazonAlexaCloud/VOICE/(2018-05-15T15_07_18+0200)_TEXT(TRANSCRIPT NOT AVAILABLE).wav,9a5dfaf9db11e49d88b4088fa6400a2bbba3f649,2018-07-01 13:18:36,-,UTC+2
97,CLOUD,https://alexa.amazon.com/api/utterance/audio/data?id=AB72C64C86AW2:1.0/2018/05/15/13/B0F00712518400WN/07:07::TNIH_2V.4dc31285-e272-416a-b2e6-2276fc0f0c38ZXV,Voice Data,/Users/francesco/Switchdrive/PycharmProjects/pycift/dfrws2018/(2018-07-01_13.17.01)_CIFT_RESULT/Evidence_Library/AmazonAlexaCloud/VOICE/(2018-05-15T15_07_07+0200)_TEXT(yes).wav,f5642d7dbdb06ecffec5857afa940a7abd732027,2018-07-01 13:18:37,-,UTC+2
98,CLOUD,https://alexa.amazon.com/api/utterance/audio/data?id=AB72C64C86AW2:1.0/2018/05/15/13/B0F00712518400WN/06:47::TNIH_2V.a1ba6bee-35f3-4781-a64e-80c704c42cd6ZXV,Voice Data,/Users/francesco/Switchdrive/PycharmProjects/pycift/dfrws2018/(2018-07-01_13.17.01)_CIFT_RESULT/Evidence_Library/AmazonAlexaCloud/VOICE/(2018-05-15T15_06_47+0200)_TEXT(what's up).wav,907f0b75f292eb66c56af006f8e56e1b66cc2343,2018-07-01 13:18:38,-,UTC+2
99,CLOUD,https://alexa.amazon.com/api/utterance/audio/data?id=AB72C64C86AW2:1.0/2018/05/15/13/B0F00712518400WN/06:47::TNIH_2V.a1ba6bee-35f3-4781-a64e-80c704c42cd6ZXV,Voice Data,/Users/francesco/Switchdrive/PycharmProjects/pycift/dfrws2018/(2018-07-01_13.17.01)_CIFT_RESULT/Evidence_Library/AmazonAlexaCloud/VOICE/(2018-05-15T15_06_47+0200)_TEXT(TRANSCRIPT NOT AVAILABLE).wav,907f0b75f292eb66c56af006f8e56e1b66cc2343,2018-07-01 13:18:39,-,UTC+2
100,CLOUD,https://alexa.amazon.com/api/utterance/audio/data?id=AB72C64C86AW2:1.0/2018/05/15/13/B0F00712518400WN/06:47::TNIH_2V.a1ba6bee-35f3-4781-a64e-80c704c42cd6ZXV,Voice Data,/Users/francesco/Switchdrive/PycharmProjects/pycift/dfrws2018/(2018-07-01_13.17.01)_CIFT_RESULT/Evidence_Library/AmazonAlexaCloud/VOICE/(2018-05-15T15_06_47+0200)_TEXT(alexa).wav,907f0b75f292eb66c56af006f8e56e1b66cc2343,2018-07-01 13:18:40,-,UTC+2
101,CLOUD,https://alexa.amazon.com/api/utterance/audio/data?id=AB72C64C86AW2:1.0/2018/05/15/13/B0F00712518400WN/06:28::TNIH_2V.865aaa86-2b46-4ded-868a-8c8b0db9a14cZXV,Voice Data,/Users/francesco/Switchdrive/PycharmProjects/pycift/dfrws2018/(2018-07-01_13.17.01)_CIFT_RESULT/Evidence_Library/AmazonAlexaCloud/VOICE/(2018-05-15T15_06_28+0200)_TEXT(TRANSCRIPT NOT AVAILABLE).wav,3a7bf734d4f47ba7526bee86993496127d8781da,2018-07-01 13:18:41,-,UTC+2
102,CLOUD,https://alexa.amazon.com/api/utterance/audio/data?id=AB72C64C86AW2:1.0/2018/05/15/13/B0F00712518400WN/06:12::TNIH_2V.09c4df90-bf20-4f1e-b559-0e73ab62add0ZXV/1,Voice Data,"/Users/francesco/Switchdrive/PycharmProjects/pycift/dfrws2018/(2018-07-01_13.17.01)_CIFT_RESULT/Evidence_Library/AmazonAlexaCloud/VOICE/(2018-05-15T15_06_12+0200)_TEXT(Weather in Le Pigeon, Switzerland (AccuWeather.com)).wav",ebe97dfa66f2f652376ff592e72dc8414c851848,2018-07-01 13:18:42,-,UTC+2
103,CLOUD,https://alexa.amazon.com/api/utterance/audio/data?id=AB72C64C86AW2:1.0/2018/05/15/13/B0F00712518400WN/06:12::TNIH_2V.09c4df90-bf20-4f1e-b559-0e73ab62add0ZXV,Voice Data,/Users/francesco/Switchdrive/PycharmProjects/pycift/dfrws2018/(2018-07-01_13.17.01)_CIFT_RESULT/Evidence_Library/AmazonAlexaCloud/VOICE/(2018-05-15T15_06_12+0200)_TEXT(what's the weather for today).wav,88e66cca603217b002235c6511f6a65098daf876,2018-07-01 13:18:43,-,UTC+2
104,CLOUD,https://alexa.amazon.com/api/utterance/audio/data?id=AB72C64C86AW2:1.0/2018/05/15/13/B0F00712518400WN/06:12::TNIH_2V.09c4df90-bf20-4f1e-b559-0e73ab62add0ZXV,Voice Data,/Users/francesco/Switchdrive/PycharmProjects/pycift/dfrws2018/(2018-07-01_13.17.01)_CIFT_RESULT/Evidence_Library/AmazonAlexaCloud/VOICE/(2018-05-15T15_06_12+0200)_TEXT(alexa).wav,88e66cca603217b002235c6511f6a65098daf876,2018-07-01 13:18:45,-,UTC+2
105,CLOUD,https://alexa.amazon.com/api/utterance/audio/data?id=AB72C64C86AW2:1.0/2018/05/15/13/B0F00712518400WN/06:08::TNIH_2V.4b593494-b1a7-430b-83c7-8cb664c5d8b1ZXV,Voice Data,/Users/francesco/Switchdrive/PycharmProjects/pycift/dfrws2018/(2018-07-01_13.17.01)_CIFT_RESULT/Evidence_Library/AmazonAlexaCloud/VOICE/(2018-05-15T15_06_08+0200)_TEXT(TRANSCRIPT NOT AVAILABLE).wav,b31969dfed5581b01f9f2e2822ae69fcb46ce9fa,2018-07-01 13:18:46,-,UTC+2
106,CLOUD,https://alexa.amazon.com/api/utterance/audio/data?id=AB72C64C86AW2:1.0/2018/05/15/13/B0F00712518400WN/06:03::TNIH_2V.e59c1388-41bb-4e9f-aedd-1bc8eb9c666dZXV/0,Voice Data,/Users/francesco/Switchdrive/PycharmProjects/pycift/dfrws2018/(2018-07-01_13.17.01)_CIFT_RESULT/Evidence_Library/AmazonAlexaCloud/VOICE/(2018-05-15T15_06_03+0200)_TEXT(How are you_).wav,8f867b4cbb39f9467b0384e110f937e95eaae68a,2018-07-01 13:18:47,-,UTC+2
107,CLOUD,https://alexa.amazon.com/api/utterance/audio/data?id=AB72C64C86AW2:1.0/2018/05/15/13/B0F00712518400WN/06:03::TNIH_2V.e59c1388-41bb-4e9f-aedd-1bc8eb9c666dZXV,Voice Data,/Users/francesco/Switchdrive/PycharmProjects/pycift/dfrws2018/(2018-07-01_13.17.01)_CIFT_RESULT/Evidence_Library/AmazonAlexaCloud/VOICE/(2018-05-15T15_06_03+0200)_TEXT(alexa how are you).wav,417b524c205ad02d81859bbd022d0d4cb012aa83,2018-07-01 13:18:48,-,UTC+2
108,CLOUD,https://alexa.amazon.com/api/utterance/audio/data?id=AB72C64C86AW2:1.0/2018/05/15/13/B0F00712518400WN/05:54::TNIH_2V.d9e382ee-4be6-4125-9fb2-293c8fe36ce7ZXV/0,Voice Data,/Users/francesco/Switchdrive/PycharmProjects/pycift/dfrws2018/(2018-07-01_13.17.01)_CIFT_RESULT/Evidence_Library/AmazonAlexaCloud/VOICE/(2018-05-15T15_05_54+0200)_TEXT(Say hello).wav,17f95fac63c6efe34c40760a447c02b6659b9a82,2018-07-01 13:18:49,-,UTC+2
109,CLOUD,https://alexa.amazon.com/api/utterance/audio/data?id=AB72C64C86AW2:1.0/2018/05/15/13/B0F00712518400WN/05:54::TNIH_2V.d9e382ee-4be6-4125-9fb2-293c8fe36ce7ZXV,Voice Data,/Users/francesco/Switchdrive/PycharmProjects/pycift/dfrws2018/(2018-07-01_13.17.01)_CIFT_RESULT/Evidence_Library/AmazonAlexaCloud/VOICE/(2018-05-15T15_05_54+0200)_TEXT(alexa say hello).wav,7e2609d260a687bfd81c9d92dfe283e4722e676a,2018-07-01 13:18:50,-,UTC+2
110,CLOUD,https://alexa.amazon.com/api/utterance/audio/data?id=AB72C64C86AW2:1.0/2018/05/15/13/B0F00712518400WN/05:43::TNIH_2V.1c3c78aa-5535-464c-82a4-af1b8b60454bZXV,Voice Data,/Users/francesco/Switchdrive/PycharmProjects/pycift/dfrws2018/(2018-07-01_13.17.01)_CIFT_RESULT/Evidence_Library/AmazonAlexaCloud/VOICE/(2018-05-15T15_05_43+0200)_TEXT(what time is it).wav,eb459eeea1502ea2b6378e004baa1455242bf0cb,2018-07-01 13:18:52,-,UTC+2
111,CLOUD,https://alexa.amazon.com/api/utterance/audio/data?id=AB72C64C86AW2:1.0/2018/05/15/13/B0F00712518400WN/05:43::TNIH_2V.1c3c78aa-5535-464c-82a4-af1b8b60454bZXV,Voice Data,/Users/francesco/Switchdrive/PycharmProjects/pycift/dfrws2018/(2018-07-01_13.17.01)_CIFT_RESULT/Evidence_Library/AmazonAlexaCloud/VOICE/(2018-05-15T15_05_43+0200)_TEXT(alexa).wav,eb459eeea1502ea2b6378e004baa1455242bf0cb,2018-07-01 13:18:54,-,UTC+2
112,CLOUD,https://alexa.amazon.com/api/utterance/audio/data?id=AB72C64C86AW2:1.0/2018/05/15/09/B0F00712518400WN/29:07::TNIH_2V.f30a33ab-961b-447d-8a96-577942cf3d8eZXV,Voice Data,/Users/francesco/Switchdrive/PycharmProjects/pycift/dfrws2018/(2018-07-01_13.17.01)_CIFT_RESULT/Evidence_Library/AmazonAlexaCloud/VOICE/(2018-05-15T11_29_07+0200)_TEXT(TRANSCRIPT NOT AVAILABLE).wav,79450df55df1b3825f73b6801b056451f333c008,2018-07-01 13:18:56,-,UTC+2
113,CLOUD,https://alexa.amazon.com/api/utterance/audio/data?id=AB72C64C86AW2:1.0/2018/05/15/09/B0F00712518400WN/29:03::TNIH_2V.92e194f5-07d0-4702-aeb0-3a224a1c0252ZXV/0,Voice Data,/Users/francesco/Switchdrive/PycharmProjects/pycift/dfrws2018/(2018-07-01_13.17.01)_CIFT_RESULT/Evidence_Library/AmazonAlexaCloud/VOICE/(2018-05-15T11_29_03+0200)_TEXT(no).wav,9d95939f50c8a9dfed5a25d4c0afc0d2fedf9bc6,2018-07-01 13:18:57,-,UTC+2
114,CLOUD,https://alexa.amazon.com/api/utterance/audio/data?id=AB72C64C86AW2:1.0/2018/05/15/09/B0F00712518400WN/28:54::TNIH_2V.cd527bb3-9528-4a38-b233-3f8c4f601eddZXV/1,Voice Data,/Users/francesco/Switchdrive/PycharmProjects/pycift/dfrws2018/(2018-07-01_13.17.01)_CIFT_RESULT/Evidence_Library/AmazonAlexaCloud/VOICE/(2018-05-15T11_28_54+0200)_TEXT(Mode Changed (iSmartAlarm)).wav,7abef78b18fe6cea8a5e36f466fa5d83d918c011,2018-07-01 13:18:59,-,UTC+2
115,CLOUD,https://alexa.amazon.com/api/utterance/audio/data?id=AB72C64C86AW2:1.0/2018/05/15/09/B0F00712518400WN/28:54::TNIH_2V.cd527bb3-9528-4a38-b233-3f8c4f601eddZXV/1,Voice Data,/Users/francesco/Switchdrive/PycharmProjects/pycift/dfrws2018/(2018-07-01_13.17.01)_CIFT_RESULT/Evidence_Library/AmazonAlexaCloud/VOICE/(2018-05-15T11_28_54+0200)_TEXT(tell i. smart alarm to arm my system).wav,7abef78b18fe6cea8a5e36f466fa5d83d918c011,2018-07-01 13:19:01,-,UTC+2
116,CLOUD,https://alexa.amazon.com/api/utterance/audio/data?id=AB72C64C86AW2:1.0/2018/05/15/09/B0F00712518400WN/28:54::TNIH_2V.cd527bb3-9528-4a38-b233-3f8c4f601eddZXV,Voice Data,/Users/francesco/Switchdrive/PycharmProjects/pycift/dfrws2018/(2018-07-01_13.17.01)_CIFT_RESULT/Evidence_Library/AmazonAlexaCloud/VOICE/(2018-05-15T11_28_54+0200)_TEXT(alexa).wav,3f7327b7aaeff7bcb20bfb8f147518729348b853,2018-07-01 13:19:03,-,UTC+2
117,CLOUD,https://alexa.amazon.com/api/utterance/audio/data?id=AB72C64C86AW2:1.0/2018/05/15/09/B0F00712518400WN/27:12::TNIH_2V.d04c837c-defa-48b6-8fc4-cd1fed46b5acZXV,Voice Data,/Users/francesco/Switchdrive/PycharmProjects/pycift/dfrws2018/(2018-07-01_13.17.01)_CIFT_RESULT/Evidence_Library/AmazonAlexaCloud/VOICE/(2018-05-15T11_27_12+0200)_TEXT(TRANSCRIPT NOT AVAILABLE).wav,bc7e6f21e58c1721efb2116459f4e375eaaf5885,2018-07-01 13:19:04,-,UTC+2
118,CLOUD,https://alexa.amazon.com/api/utterance/audio/data?id=AB72C64C86AW2:1.0/2018/05/15/09/B0F00712518400WN/27:05::TNIH_2V.efef303c-ab18-4810-90a0-dde5472685d8ZXV/0,Voice Data,/Users/francesco/Switchdrive/PycharmProjects/pycift/dfrws2018/(2018-07-01_13.17.01)_CIFT_RESULT/Evidence_Library/AmazonAlexaCloud/VOICE/(2018-05-15T11_27_05+0200)_TEXT(alexa tell i smart alarm to arm my system).wav,0e9ed15e4f6ab2c6c3980c0bf11985fa264a87f4,2018-07-01 13:19:05,-,UTC+2
