device_account_name,device_family,device_account_id,customer_id,device_serial_number,device_type,sw_version,mac_address,address,postal_code,locale,search_customer_id,timezone,region,source
This Device,VOX,A0529216353ZKG8WU9M6O,A2F07N8TDIAK5U,515cefc2f44e41dc9b6a4f7d54820900,A2TF17PFR55MTB,130050002,,,,,,,,9
Jessie's Alexa Apps,MSHOP,AGQS6C6RFOZF,A2F07N8TDIAK5U,6eb18f2fca814f8797c4d970557e435d,A1MPSLFC7L5AFK,130050002,,,,,,,,9
,,A0529216353ZKG8WU9M6O,,515cefc2f44e41dc9b6a4f7d54820900,A2TF17PFR55MTB,,,,98109,en-us,A2F07N8TDIAK5U,Europe/Zurich,,10
,,AGQS6C6RFOZF,,6eb18f2fca814f8797c4d970557e435d,A1MPSLFC7L5AFK,,,"Avenue Forel, Lausanne, VD, CH",1015,en-us,A2F07N8TDIAK5U,Europe/Paris,EUROPE,10
