{"activityDialogItems":[{"activityItemData":"{\"ttsText\":\"\",\"utteranceId\":\"AB72C64C86AW2:1.0/2018/05/17/08/B0F00712518400WN/22:08::TNIH_2V.072f16a3-5c46-45db-99e7-967463fe9020ZXV/1\",\"endOfSpeechTimeInMillis\":1526545332093,\"isFalseWakeWord\":false,\"asrText\":\"tell i. smart alarm to arm my system\"}","description":null,"feedbackAttributes":null,"id":"eyJyZWdpc3RlcmVkVXNlcklkIjoiQTJGMDdOOFRESUFLNVUiLCJlbnRyeUlkIjoiMTUyNjU0NTMzMzUyOCNBQjcyQzY0Qzg2QVcyI0IwRjAwNzEyNTE4NDAwV04jMTUyNjU0NTMzMjA5My0wIn0","itemType":"ASR","registeredUserId":"A2F07N8TDIAK5U","sourceDevice":"{\"deviceSerialNumber\":\"B0F00712518400WN\",\"deviceType\":\"AB72C64C86AW2\"}","timestamp":1526545332093,"utteranceId":"AB72C64C86AW2:1.0/2018/05/17/08/B0F00712518400WN/22:08::TNIH_2V.072f16a3-5c46-45db-99e7-967463fe9020ZXV/1","version":1},{"activityItemData":"{\"ttsText\":\"\",\"intentType\":\"ChangeMode\",\"slots\":null,\"confidenceValue\":null,\"domainType\":\"Echo.SDK\",\"nbestIntentIndex\":0,\"asrText\":\"\"}","description":null,"feedbackAttributes":null,"id":"eyJyZWdpc3RlcmVkVXNlcklkIjoiQTJGMDdOOFRESUFLNVUiLCJlbnRyeUlkIjoiMTUyNjU0NTMzMzUyOCNBQjcyQzY0Qzg2QVcyI0IwRjAwNzEyNTE4NDAwV04jMTUyNjU0NTMzMzUyOS0xIn0","itemType":"NLU","registeredUserId":"A2F07N8TDIAK5U","sourceDevice":"{\"deviceSerialNumber\":\"B0F00712518400WN\",\"deviceType\":\"AB72C64C86AW2\"}","timestamp":1526545333529,"utteranceId":"AB72C64C86AW2:1.0/2018/05/17/08/B0F00712518400WN/22:08::TNIH_2V.072f16a3-5c46-45db-99e7-967463fe9020ZXV/1","version":1},{"activityItemData":"{\"ttsText\":\"Your Door is open, Are you sure you want to arm your system?\",\"voiceName\":\"en_us_nina\",\"ssml\":\"<speak><prosody volume=\\\"x-loud\\\">Your Door<break time=\\\"5ms\\\"/> is open,<p> Are you sure you want to arm your system?<\\/p><\\/prosody><metadata><promptMetadata><promptId>OutputSpeech.Ssml.Message<\\/promptId><namespace>Echo.SDK<\\/namespace><locale>en_US<\\/locale><overrideId>default<\\/overrideId><variant>9daa4563-ee7c-4e26-b173-2bcdb930ea56<\\/variant><condition/><weight>1<\\/weight><stageVersion>Adm-20150714_200852-34<\\/stageVersion><promptData><replyType/><promptID>OutputSpeech.Ssml.Message<\\/promptID><namespace>Echo.SDK<\\/namespace><overrideId/><prosodyPreRenderHook/><expectations/><message>Your Door&lt;break time=\\\"5ms\\\"/&gt; is open,&lt;p&gt; Are you sure you want to arm your system?&lt;/p&gt;<\\/message><\\/promptData><\\/promptMetadata><\\/metadata><\\/speak>\",\"ttsServiceVersion\":\"unknown\",\"asrText\":\"\",\"ttsRequestId\":\"unknown\"}","description":null,"feedbackAttributes":null,"id":"eyJyZWdpc3RlcmVkVXNlcklkIjoiQTJGMDdOOFRESUFLNVUiLCJlbnRyeUlkIjoiMTUyNjU0NTMzMzUyOCNBQjcyQzY0Qzg2QVcyI0IwRjAwNzEyNTE4NDAwV04jMTUyNjU0NTMzMzUzMC0yIn0","itemType":"TTS","registeredUserId":"A2F07N8TDIAK5U","sourceDevice":"{\"deviceSerialNumber\":\"B0F00712518400WN\",\"deviceType\":\"AB72C64C86AW2\"}","timestamp":1526545333530,"utteranceId":"AB72C64C86AW2:1.0/2018/05/17/08/B0F00712518400WN/22:08::TNIH_2V.072f16a3-5c46-45db-99e7-967463fe9020ZXV/1","version":1}]}