{"activityDialogItems":[{"activityItemData":"{\"ttsText\":\"\",\"utteranceId\":\"AB72C64C86AW2:1.0/2018/05/17/08/B0F00712518400WN/16:07::TNIH_2V.d1cb4dd8-937c-4abf-894b-5840404fa0feZXV/0\",\"endOfSpeechTimeInMillis\":1526544968742,\"isFalseWakeWord\":false,\"asrText\":\"alexa play led zeppelin\"}","description":null,"feedbackAttributes":null,"id":"eyJyZWdpc3RlcmVkVXNlcklkIjoiQTJGMDdOOFRESUFLNVUiLCJlbnRyeUlkIjoiMTUyNjU0NDk2OTQ1NiNBQjcyQzY0Qzg2QVcyI0IwRjAwNzEyNTE4NDAwV04jMTUyNjU0NDk2ODc0Mi0wIn0","itemType":"ASR","registeredUserId":"A2F07N8TDIAK5U","sourceDevice":"{\"deviceType\":\"AB72C64C86AW2\",\"deviceSerialNumber\":\"B0F00712518400WN\"}","timestamp":1526544968742,"utteranceId":"AB72C64C86AW2:1.0/2018/05/17/08/B0F00712518400WN/16:07::TNIH_2V.d1cb4dd8-937c-4abf-894b-5840404fa0feZXV","version":1},{"activityItemData":"{\"ttsText\":\"\",\"intentType\":\"PlayMusicIntent\",\"slots\":[{\"name\":\"PlaylistName\",\"value\":null},{\"name\":\"EndTime\",\"value\":null},{\"name\":\"PlayMode\",\"value\":null},{\"name\":\"ChartName\",\"value\":null},{\"name\":\"ArtistName\",\"value\":\"Led Zeppelin\"},{\"name\":\"Time\",\"value\":null},{\"name\":\"SportsTeam\",\"value\":null},{\"name\":\"RelativeTime\",\"value\":null},{\"name\":\"ActiveUserTrigger\",\"value\":null},{\"name\":\"TimeNonSpecificQuantity\",\"value\":null},{\"name\":\"Sport\",\"value\":null},{\"name\":\"SportsTeamOpponent\",\"value\":null},{\"name\":\"MediaType\",\"value\":null},{\"name\":\"Lyrics\",\"value\":null},{\"name\":\"League\",\"value\":null},{\"name\":\"Device\",\"value\":null},{\"name\":\"AlsoTrigger\",\"value\":null},{\"name\":\"NegationTrigger\",\"value\":null},{\"name\":\"Quantity\",\"value\":null},{\"name\":\"City\",\"value\":null},{\"name\":\"DifferentTrigger\",\"value\":null},{\"name\":\"EndDate\",\"value\":null},{\"name\":\"Date\",\"value\":null},{\"name\":\"ListPosition\",\"value\":null},{\"name\":\"SortType\",\"value\":null},{\"name\":\"ListenSortType\",\"value\":null},{\"name\":\"GenreName\",\"value\":null},{\"name\":\"ServiceName\",\"value\":null},{\"name\":\"State\",\"value\":null},{\"name\":\"AlbumName\",\"value\":null},{\"name\":\"Country\",\"value\":null},{\"name\":\"Event\",\"value\":null},{\"name\":\"Frequency\",\"value\":null},{\"name\":\"RecommendTrigger\",\"value\":null},{\"name\":\"Anaphor\",\"value\":null},{\"name\":\"ApplicationDataSlot\",\"value\":null},{\"name\":\"FeaturedMedia\",\"value\":null},{\"name\":\"Quantifier\",\"value\":null},{\"name\":\"SongName\",\"value\":null},{\"name\":\"SimilarTrigger\",\"value\":null}],\"confidenceValue\":\"0.99\",\"domainType\":\"Music\",\"nbestIntentIndex\":0,\"asrText\":\"\"}","description":null,"feedbackAttributes":null,"id":"eyJyZWdpc3RlcmVkVXNlcklkIjoiQTJGMDdOOFRESUFLNVUiLCJlbnRyeUlkIjoiMTUyNjU0NDk2OTQ1NiNBQjcyQzY0Qzg2QVcyI0IwRjAwNzEyNTE4NDAwV04jMTUyNjU0NDk2OTQ1Ny0xIn0","itemType":"NLU","registeredUserId":"A2F07N8TDIAK5U","sourceDevice":"{\"deviceType\":\"AB72C64C86AW2\",\"deviceSerialNumber\":\"B0F00712518400WN\"}","timestamp":1526544969457,"utteranceId":"AB72C64C86AW2:1.0/2018/05/17/08/B0F00712518400WN/16:07::TNIH_2V.d1cb4dd8-937c-4abf-894b-5840404fa0feZXV","version":1},{"activityItemData":"{\"ttsText\":\"To play Spotify, link your premium account first using the Alexa App.\",\"voiceName\":\"en_us_nina\",\"ssml\":\"<speak><prosody volume=\\\"x-loud\\\">To play Spotify, link your premium account first using the Alexa App.<\\/prosody><metadata><promptMetadata><promptId>NoAccountAssociatedPrompt<\\/promptId><namespace>Music.PlayMusicIntent<\\/namespace><locale>en_US<\\/locale><overrideId>default<\\/overrideId><variant>6195ed70-a33a-4c23-9a18-ce21ad8e814c<\\/variant><condition/><weight>1<\\/weight><stageVersion>Adm-20171113_202026-1<\\/stageVersion><promptData><songName/><albumName/><replyType/><genreName/><activeUserFirstName/><serviceName>Spotify<\\/serviceName><playlistName/><playMode/><promptID>NoAccountAssociatedPrompt<\\/promptID><namespace>Music.PlayMusicIntent<\\/namespace><overrideId/><prosodyPreRenderHook/><artistName/><expectations/><lyrics/><key>spotify<\\/key><friendlyName/><\\/promptData><\\/promptMetadata><\\/metadata><\\/speak>\",\"ttsServiceVersion\":\"unknown\",\"asrText\":\"\",\"ttsRequestId\":\"unknown\"}","description":null,"feedbackAttributes":null,"id":"eyJyZWdpc3RlcmVkVXNlcklkIjoiQTJGMDdOOFRESUFLNVUiLCJlbnRyeUlkIjoiMTUyNjU0NDk2OTQ1NiNBQjcyQzY0Qzg2QVcyI0IwRjAwNzEyNTE4NDAwV04jMTUyNjU0NDk2OTQ1OC0yIn0","itemType":"TTS","registeredUserId":"A2F07N8TDIAK5U","sourceDevice":"{\"deviceType\":\"AB72C64C86AW2\",\"deviceSerialNumber\":\"B0F00712518400WN\"}","timestamp":1526544969458,"utteranceId":"AB72C64C86AW2:1.0/2018/05/17/08/B0F00712518400WN/16:07::TNIH_2V.d1cb4dd8-937c-4abf-894b-5840404fa0feZXV","version":1}]}