{"activityDialogItems":[{"activityItemData":"{\"ttsText\":\"\",\"utteranceId\":\"AB72C64C86AW2:1.0/2018/05/15/13/B0F00712518400WN/07:41::TNIH_2V.e11a98f6-cd12-46de-9cd3-e9175e9d27a4ZXV/1\",\"endOfSpeechTimeInMillis\":1526389663197,\"isFalseWakeWord\":false,\"asrText\":\"well i see you soon\"}","description":null,"feedbackAttributes":null,"id":"eyJyZWdpc3RlcmVkVXNlcklkIjoiQTJGMDdOOFRESUFLNVUiLCJlbnRyeUlkIjoiMTUyNjM4OTY2Mzc4OSNBQjcyQzY0Qzg2QVcyI0IwRjAwNzEyNTE4NDAwV04jMTUyNjM4OTY2MzE5Ny0wIn0","itemType":"ASR","registeredUserId":"A2F07N8TDIAK5U","sourceDevice":"{\"deviceSerialNumber\":\"B0F00712518400WN\",\"deviceType\":\"AB72C64C86AW2\"}","timestamp":1526389663197,"utteranceId":"AB72C64C86AW2:1.0/2018/05/15/13/B0F00712518400WN/07:41::TNIH_2V.e11a98f6-cd12-46de-9cd3-e9175e9d27a4ZXV","version":1},{"activityItemData":"{\"ttsText\":\"\",\"intentType\":\"QAIntent\",\"slots\":[{\"name\":\"Answer\",\"value\":null},{\"name\":\"AnaphorListFromEvi\",\"value\":null},{\"name\":\"Anaphor\",\"value\":null},{\"name\":\"ApplicationDataSlot\",\"value\":null},{\"name\":\"Question\",\"value\":\"{\\\"interpretationList\\\":[]}\"},{\"name\":\"ResolvedAnaphorList\",\"value\":null}],\"confidenceValue\":\"0.06785973777599467\",\"domainType\":\"Knowledge\",\"nbestIntentIndex\":0,\"asrText\":\"\"}","description":null,"feedbackAttributes":null,"id":"eyJyZWdpc3RlcmVkVXNlcklkIjoiQTJGMDdOOFRESUFLNVUiLCJlbnRyeUlkIjoiMTUyNjM4OTY2Mzc4OSNBQjcyQzY0Qzg2QVcyI0IwRjAwNzEyNTE4NDAwV04jMTUyNjM4OTY2Mzc5MC0xIn0","itemType":"NLU","registeredUserId":"A2F07N8TDIAK5U","sourceDevice":"{\"deviceSerialNumber\":\"B0F00712518400WN\",\"deviceType\":\"AB72C64C86AW2\"}","timestamp":1526389663790,"utteranceId":"AB72C64C86AW2:1.0/2018/05/15/13/B0F00712518400WN/07:41::TNIH_2V.e11a98f6-cd12-46de-9cd3-e9175e9d27a4ZXV","version":1},{"activityItemData":"{\"ttsText\":\"\",\"voiceName\":\"en_us_nina\",\"ssml\":\"<speak><prosody volume=\\\"x-loud\\\"><audio src=\\\"system_state_active_end.wav\\\" /><\\/prosody><metadata><promptMetadata><promptId>Error.NLU.Abandoned<\\/promptId><namespace>Platform<\\/namespace><locale>en_US<\\/locale><overrideId>default<\\/overrideId><variant>e04169f9-7a10-4705-8714-8a853817915a<\\/variant><condition/><weight>1<\\/weight><stageVersion>Adm-20140919_230517-32<\\/stageVersion><promptData><replyType/><mNamespace>Platform<\\/mNamespace><mOverrideId/><promptID>Error.NLU.Abandoned<\\/promptID><namespace>Platform<\\/namespace><overrideId/><prosodyPreRenderHook/><mPromptId>Error.NLU.Abandoned<\\/mPromptId><expectations/><\\/promptData><\\/promptMetadata><\\/metadata><\\/speak>\",\"ttsServiceVersion\":\"unknown\",\"asrText\":\"\",\"ttsRequestId\":\"unknown\"}","description":null,"feedbackAttributes":null,"id":"eyJyZWdpc3RlcmVkVXNlcklkIjoiQTJGMDdOOFRESUFLNVUiLCJlbnRyeUlkIjoiMTUyNjM4OTY2Mzc4OSNBQjcyQzY0Qzg2QVcyI0IwRjAwNzEyNTE4NDAwV04jMTUyNjM4OTY2Mzc5MS0yIn0","itemType":"TTS","registeredUserId":"A2F07N8TDIAK5U","sourceDevice":"{\"deviceSerialNumber\":\"B0F00712518400WN\",\"deviceType\":\"AB72C64C86AW2\"}","timestamp":1526389663791,"utteranceId":"AB72C64C86AW2:1.0/2018/05/15/13/B0F00712518400WN/07:41::TNIH_2V.e11a98f6-cd12-46de-9cd3-e9175e9d27a4ZXV","version":1}]}