{"activityDialogItems":[{"activityItemData":"{\"ttsText\":\"\",\"utteranceId\":\"AB72C64C86AW2:1.0/2018/05/17/08/B0F00712518400WN/22:18::TNIH_2V.2a142d91-50a8-406d-85f8-5cdac2868f08ZXV/0\",\"endOfSpeechTimeInMillis\":1526545339409,\"isFalseWakeWord\":false,\"asrText\":\"yes\"}","description":null,"feedbackAttributes":null,"id":"eyJyZWdpc3RlcmVkVXNlcklkIjoiQTJGMDdOOFRESUFLNVUiLCJlbnRyeUlkIjoiMTUyNjU0NTM0MDcxOCNBQjcyQzY0Qzg2QVcyI0IwRjAwNzEyNTE4NDAwV04jMTUyNjU0NTMzOTQwOS0wIn0","itemType":"ASR","registeredUserId":"A2F07N8TDIAK5U","sourceDevice":"{\"deviceSerialNumber\":\"B0F00712518400WN\",\"deviceType\":\"AB72C64C86AW2\"}","timestamp":1526545339409,"utteranceId":"AB72C64C86AW2:1.0/2018/05/17/08/B0F00712518400WN/22:18::TNIH_2V.2a142d91-50a8-406d-85f8-5cdac2868f08ZXV/0","version":1},{"activityItemData":"{\"ttsText\":\"\",\"intentType\":\"AMAZON.YesIntent\",\"slots\":null,\"confidenceValue\":null,\"domainType\":\"Echo.SDK\",\"nbestIntentIndex\":0,\"asrText\":\"\"}","description":null,"feedbackAttributes":null,"id":"eyJyZWdpc3RlcmVkVXNlcklkIjoiQTJGMDdOOFRESUFLNVUiLCJlbnRyeUlkIjoiMTUyNjU0NTM0MDcxOCNBQjcyQzY0Qzg2QVcyI0IwRjAwNzEyNTE4NDAwV04jMTUyNjU0NTM0MDcxOS0xIn0","itemType":"NLU","registeredUserId":"A2F07N8TDIAK5U","sourceDevice":"{\"deviceSerialNumber\":\"B0F00712518400WN\",\"deviceType\":\"AB72C64C86AW2\"}","timestamp":1526545340719,"utteranceId":"AB72C64C86AW2:1.0/2018/05/17/08/B0F00712518400WN/22:18::TNIH_2V.2a142d91-50a8-406d-85f8-5cdac2868f08ZXV/0","version":1},{"activityItemData":"{\"ttsText\":\"Your system will set to Arm in 30 seconds.\",\"voiceName\":\"en_us_nina\",\"ssml\":\"<speak><prosody volume=\\\"x-loud\\\">Your system will set to Arm in 30 seconds.<\\/prosody><metadata><promptMetadata><promptId>OutputSpeech.PlainText.Message<\\/promptId><namespace>Echo.SDK<\\/namespace><locale>en_US<\\/locale><overrideId>default<\\/overrideId><variant>af5bd34b-fd58-4bca-b96d-c68a6b620e77<\\/variant><condition/><weight>1<\\/weight><stageVersion>Adm-20150212_205320-4<\\/stageVersion><promptData><replyType/><promptID>OutputSpeech.PlainText.Message<\\/promptID><namespace>Echo.SDK<\\/namespace><overrideId/><prosodyPreRenderHook/><expectations/><message>Your system will set to Arm in 30 seconds.<\\/message><\\/promptData><\\/promptMetadata><\\/metadata><\\/speak>\",\"ttsServiceVersion\":\"unknown\",\"asrText\":\"\",\"ttsRequestId\":\"unknown\"}","description":null,"feedbackAttributes":null,"id":"eyJyZWdpc3RlcmVkVXNlcklkIjoiQTJGMDdOOFRESUFLNVUiLCJlbnRyeUlkIjoiMTUyNjU0NTM0MDcxOCNBQjcyQzY0Qzg2QVcyI0IwRjAwNzEyNTE4NDAwV04jMTUyNjU0NTM0MDcyMC0yIn0","itemType":"TTS","registeredUserId":"A2F07N8TDIAK5U","sourceDevice":"{\"deviceSerialNumber\":\"B0F00712518400WN\",\"deviceType\":\"AB72C64C86AW2\"}","timestamp":1526545340720,"utteranceId":"AB72C64C86AW2:1.0/2018/05/17/08/B0F00712518400WN/22:18::TNIH_2V.2a142d91-50a8-406d-85f8-5cdac2868f08ZXV/0","version":1}]}