{"activityDialogItems":[{"activityItemData":"{\"ttsText\":\"\",\"utteranceId\":\"AB72C64C86AW2:1.0/2018/05/16/13/B0F00712518400WN/36:00::TNIH_2V.9d77a155-5b7f-4129-9512-5ea08e079c72ZXV/1\",\"endOfSpeechTimeInMillis\":1526477765730,\"isFalseWakeWord\":false,\"asrText\":\"what's four and six\"}","description":null,"feedbackAttributes":null,"id":"eyJyZWdpc3RlcmVkVXNlcklkIjoiQTJGMDdOOFRESUFLNVUiLCJlbnRyeUlkIjoiMTUyNjQ3Nzc2NjU5OCNBQjcyQzY0Qzg2QVcyI0IwRjAwNzEyNTE4NDAwV04jMTUyNjQ3Nzc2NTczMC0wIn0","itemType":"ASR","registeredUserId":"A2F07N8TDIAK5U","sourceDevice":"{\"deviceType\":\"AB72C64C86AW2\",\"deviceSerialNumber\":\"B0F00712518400WN\"}","timestamp":1526477765730,"utteranceId":"AB72C64C86AW2:1.0/2018/05/16/13/B0F00712518400WN/36:00::TNIH_2V.9d77a155-5b7f-4129-9512-5ea08e079c72ZXV","version":1},{"activityItemData":"{\"ttsText\":\"\",\"intentType\":\"QAIntent\",\"slots\":[{\"name\":\"Answer\",\"value\":null},{\"name\":\"AnaphorListFromEvi\",\"value\":null},{\"name\":\"Anaphor\",\"value\":null},{\"name\":\"ApplicationDataSlot\",\"value\":null},{\"name\":\"Question\",\"value\":\"{\\\"interpretationList\\\":[{\\\"anaphora\\\":null,\\\"provisionalAnswer\\\":null,\\\"layer\\\":\\\"SEMANTIC\\\",\\\"confidence\\\":{\\\"value\\\":1.0,\\\"bin\\\":\\\"HIGH\\\"},\\\"interpretationId\\\":\\\"d57a830e-69a1-4aec-91b0-08e5e9e57319\\\",\\\"interpretedQuery\\\":{\\\"queryMappings\\\":[{\\\"startPosition\\\":7,\\\"entity\\\":{\\\"sources\\\":[],\\\"facts\\\":[],\\\"documents\\\":[],\\\"id\\\":\\\"[integer: [\\\\\\\"4\\\\\\\"]]\\\"},\\\"text\\\":\\\"\\\\\\\"four\\\\\\\"\\\",\\\"relation\\\":\\\"[unknown object]\\\",\\\"isAnaphora\\\":false},{\\\"startPosition\\\":16,\\\"entity\\\":{\\\"sources\\\":[],\\\"facts\\\":[],\\\"documents\\\":[],\\\"id\\\":\\\"[integer: [\\\\\\\"6\\\\\\\"]]\\\"},\\\"text\\\":\\\"\\\\\\\"six\\\\\\\"\\\",\\\"relation\\\":\\\"[unknown object]\\\",\\\"isAnaphora\\\":false}],\\\"queryId\\\":null,\\\"queryContext\\\":[{\\\"left\\\":\\\"[current location]\\\",\\\"right\\\":\\\"[group: [latitude: [north]; [angle: [real number: [\\\\\\\"46.5337\\\\\\\"]]; [degree]]]; [longitude: [east]; [angle: [real number: [\\\\\\\"6.74948\\\\\\\"]]; [degree]]]]\\\",\\\"relation\\\":\\\"[applies to]\\\",\\\"negative\\\":false,\\\"id\\\":\\\"[fact: [\\\\\\\"symbolic.1@trueknowledge.com\\\\\\\"]]\\\"},{\\\"left\\\":\\\"[current utc offset]\\\",\\\"right\\\":\\\"[time zone differential: [length of time: [\\\\\\\"0/0/0/2/0\\\\\\\"]]]\\\",\\\"relation\\\":\\\"[applies to]\\\",\\\"negative\\\":false,\\\"id\\\":\\\"[fact: [\\\\\\\"symbolic.5001@trueknowledge.com\\\\\\\"]]\\\"},{\\\"left\\\":\\\"[current evi tenant]\\\",\\\"right\\\":\\\"[\\\\\\\"Doppler\\\\\\\"]\\\",\\\"relation\\\":\\\"[applies to]\\\",\\\"negative\\\":false,\\\"id\\\":\\\"[fact: [\\\\\\\"symbolic.6000@trueknowledge.com\\\\\\\"]]\\\"},{\\\"left\\\":\\\"[current device type string]\\\",\\\"right\\\":\\\"[\\\\\\\"AB72C64C86AW2\\\\\\\"]\\\",\\\"relation\\\":\\\"[applies to]\\\",\\\"negative\\\":false,\\\"id\\\":\\\"[fact: [\\\\\\\"symbolic.6001@trueknowledge.com\\\\\\\"]]\\\"},{\\\"left\\\":\\\"[current user internet country code]\\\",\\\"right\\\":\\\"[internet country code: [\\\\\\\"US\\\\\\\"]]\\\",\\\"relation\\\":\\\"[applies to]\\\",\\\"negative\\\":false,\\\"id\\\":\\\"[fact: [\\\\\\\"symbolic.6002@trueknowledge.com\\\\\\\"]]\\\"},{\\\"left\\\":\\\"[current user amazon customer identifier]\\\",\\\"right\\\":\\\"[\\\\\\\"A2F07N8TDIAK5U\\\\\\\"]\\\",\\\"relation\\\":\\\"[applies to]\\\",\\\"negative\\\":false,\\\"id\\\":\\\"[fact: [\\\\\\\"symbolic.6003@trueknowledge.com\\\\\\\"]]\\\"}],\\\"metadata\\\":{\\\"deviceType\\\":\\\"AB72C64C86AW2\\\",\\\"locale\\\":\\\"en-US\\\",\\\"understandSource\\\":null,\\\"marketplaceId\\\":\\\"ATVPDKIKX0DER\\\",\\\"answerSource\\\":null,\\\"customerId\\\":\\\"A2F07N8TDIAK5U\\\",\\\"customerRenderingPreferences\\\":null,\\\"tenantName\\\":\\\"Doppler\\\",\\\"deviceId\\\":\\\"B0F00712518400WN\\\",\\\"referenceTime\\\":\\\"2018-05-16T15:36:06.599+02:00\\\",\\\"countryOfResidence\\\":\\\"US\\\"},\\\"matchedQuestion\\\":\\\"what's four and six\\\",\\\"anaphoricEntities\\\":null,\\\"environment\\\":{\\\"environmentName\\\":null,\\\"tenantName\\\":\\\"Doppler\\\",\\\"countryOfResidence\\\":\\\"US\\\",\\\"overrideCache\\\":false,\\\"customerId\\\":\\\"A2F07N8TDIAK5U\\\",\\\"knowledgeStore\\\":null,\\\"deviceType\\\":\\\"AB72C64C86AW2\\\",\\\"eviInternalTenantName\\\":null,\\\"locale\\\":\\\"en-US\\\",\\\"deviceId\\\":\\\"B0F00712518400WN\\\",\\\"marketplaceId\\\":\\\"ATVPDKIKX0DER\\\",\\\"acefversion\\\":null},\\\"queryString\\\":\\\"query n|n [is the sum of] [group: [integer: [\\\\\\\"4\\\\\\\"]]; [integer: [\\\\\\\"6\\\\\\\"]]]/1\\\",\\\"overrides\\\":{\\\"overrideCache\\\":false,\\\"environmentName\\\":null,\\\"eviInternalTenantName\\\":null,\\\"maxInterpretations\\\":0,\\\"knowledgeStore\\\":null,\\\"betaCustomer\\\":false,\\\"nlgstrategy\\\":null,\\\"acefversion\\\":null}},\\\"templateScore\\\":1.0,\\\"matchedQuestion\\\":\\\"what's four and six\\\",\\\"domains\\\":[\\\"[calculation question and answer domain]\\\"],\\\"metadata\\\":{\\\"deviceType\\\":\\\"AB72C64C86AW2\\\",\\\"locale\\\":\\\"en-US\\\",\\\"understandSource\\\":\\\"semantic\\\",\\\"marketplaceId\\\":\\\"ATVPDKIKX0DER\\\",\\\"answerSource\\\":null,\\\"customerId\\\":\\\"A2F07N8TDIAK5U\\\",\\\"customerRenderingPreferences\\\":null,\\\"tenantName\\\":\\\"Doppler\\\",\\\"deviceId\\\":\\\"B0F00712518400WN\\\",\\\"referenceTime\\\":\\\"2018-05-16T15:36:06.599+02:00\\\",\\\"countryOfResidence\\\":\\\"US\\\"},\\\"templateId\\\":\\\"what_is_x_and_y\\\"}]}\"},{\"name\":\"ResolvedAnaphorList\",\"value\":null}],\"confidenceValue\":\"1.0\",\"domainType\":\"Knowledge\",\"nbestIntentIndex\":0,\"asrText\":\"\"}","description":null,"feedbackAttributes":null,"id":"eyJyZWdpc3RlcmVkVXNlcklkIjoiQTJGMDdOOFRESUFLNVUiLCJlbnRyeUlkIjoiMTUyNjQ3Nzc2NjU5OCNBQjcyQzY0Qzg2QVcyI0IwRjAwNzEyNTE4NDAwV04jMTUyNjQ3Nzc2NjU5OS0xIn0","itemType":"NLU","registeredUserId":"A2F07N8TDIAK5U","sourceDevice":"{\"deviceType\":\"AB72C64C86AW2\",\"deviceSerialNumber\":\"B0F00712518400WN\"}","timestamp":1526477766599,"utteranceId":"AB72C64C86AW2:1.0/2018/05/16/13/B0F00712518400WN/36:00::TNIH_2V.9d77a155-5b7f-4129-9512-5ea08e079c72ZXV","version":1},{"activityItemData":"{\"ttsText\":\"4 plus 6 equals 10.\",\"voiceName\":\"en_us_nina\",\"ssml\":\"<speak><prosody volume=\\\"x-loud\\\"><p>4 plus 6 equals 10.<\\/p><\\/prosody><metadata><promptMetadata><promptId>AnswerSsml<\\/promptId><namespace>SmartDJ.MusicQA<\\/namespace><locale>en_US<\\/locale><overrideId>default<\\/overrideId><variant>809dfcd2-2807-4eaf-93e9-1130c2db01fa<\\/variant><condition/><weight>1<\\/weight><stageVersion>Adm-20141203_202706-183<\\/stageVersion><promptData><replyType/><answer>&lt;p&gt;4 plus 6 equals 10.&lt;/p&gt;<\\/answer><promptID>AnswerSsml<\\/promptID><namespace>SmartDJ.MusicQA<\\/namespace><overrideId/><prosodyPreRenderHook/><expectations/><\\/promptData><\\/promptMetadata><\\/metadata><\\/speak>\",\"ttsServiceVersion\":\"unknown\",\"asrText\":\"\",\"ttsRequestId\":\"unknown\"}","description":null,"feedbackAttributes":null,"id":"eyJyZWdpc3RlcmVkVXNlcklkIjoiQTJGMDdOOFRESUFLNVUiLCJlbnRyeUlkIjoiMTUyNjQ3Nzc2NjU5OCNBQjcyQzY0Qzg2QVcyI0IwRjAwNzEyNTE4NDAwV04jMTUyNjQ3Nzc2NjYwMC0yIn0","itemType":"TTS","registeredUserId":"A2F07N8TDIAK5U","sourceDevice":"{\"deviceType\":\"AB72C64C86AW2\",\"deviceSerialNumber\":\"B0F00712518400WN\"}","timestamp":1526477766600,"utteranceId":"AB72C64C86AW2:1.0/2018/05/16/13/B0F00712518400WN/36:00::TNIH_2V.9d77a155-5b7f-4129-9512-5ea08e079c72ZXV","version":1}]}