{"activityDialogItems":[{"activityItemData":"{\"ttsText\":\"\",\"utteranceId\":\"AB72C64C86AW2:1.0/2018/05/16/13/B0F00712518400WN/34:16::TNIH_2V.afa548d0-087c-4c04-a0f2-f55f3beec9f6ZXV/1\",\"endOfSpeechTimeInMillis\":1526477658671,\"isFalseWakeWord\":false,\"asrText\":\"what's up\"}","description":null,"feedbackAttributes":null,"id":"eyJyZWdpc3RlcmVkVXNlcklkIjoiQTJGMDdOOFRESUFLNVUiLCJlbnRyeUlkIjoiMTUyNjQ3NzY1OTIyOCNBQjcyQzY0Qzg2QVcyI0IwRjAwNzEyNTE4NDAwV04jMTUyNjQ3NzY1ODY3MS0wIn0","itemType":"ASR","registeredUserId":"A2F07N8TDIAK5U","sourceDevice":"{\"deviceType\":\"AB72C64C86AW2\",\"deviceSerialNumber\":\"B0F00712518400WN\"}","timestamp":1526477658671,"utteranceId":"AB72C64C86AW2:1.0/2018/05/16/13/B0F00712518400WN/34:16::TNIH_2V.afa548d0-087c-4c04-a0f2-f55f3beec9f6ZXV","version":1},{"activityItemData":"{\"ttsText\":\"\",\"intentType\":\"GetLatestReportIntent\",\"slots\":[{\"name\":\"ApplicationDataSlot\",\"value\":null},{\"name\":\"VisualModeTrigger\",\"value\":null}],\"confidenceValue\":\"1.0\",\"domainType\":\"DailyBriefing\",\"nbestIntentIndex\":0,\"asrText\":\"\"}","description":null,"feedbackAttributes":null,"id":"eyJyZWdpc3RlcmVkVXNlcklkIjoiQTJGMDdOOFRESUFLNVUiLCJlbnRyeUlkIjoiMTUyNjQ3NzY1OTIyOCNBQjcyQzY0Qzg2QVcyI0IwRjAwNzEyNTE4NDAwV04jMTUyNjQ3NzY1OTIyOS0xIn0","itemType":"NLU","registeredUserId":"A2F07N8TDIAK5U","sourceDevice":"{\"deviceType\":\"AB72C64C86AW2\",\"deviceSerialNumber\":\"B0F00712518400WN\"}","timestamp":1526477659229,"utteranceId":"AB72C64C86AW2:1.0/2018/05/16/13/B0F00712518400WN/34:16::TNIH_2V.afa548d0-087c-4c04-a0f2-f55f3beec9f6ZXV","version":1},{"activityItemData":"{\"ttsText\":\"Good afternoon,\",\"voiceName\":\"en_us_nina\",\"ssml\":\"<speak><prosody volume=\\\"x-loud\\\">Good afternoon,<\\/prosody><metadata><promptMetadata><promptId>WhatsUp.Preamble.Greeting.Afternoon<\\/promptId><namespace>Zeitgeist<\\/namespace><locale>en_US<\\/locale><overrideId>default<\\/overrideId><variant>withTimeOfDay<\\/variant><condition/><weight>1<\\/weight><stageVersion>Adm-20170210_005013-11<\\/stageVersion><promptData><replyType/><promptID>WhatsUp.Preamble.Greeting.Afternoon<\\/promptID><namespace>Zeitgeist<\\/namespace><overrideId/><prosodyPreRenderHook/><expectations/><\\/promptData><\\/promptMetadata><\\/metadata><\\/speak>\",\"ttsServiceVersion\":\"unknown\",\"asrText\":\"\",\"ttsRequestId\":\"unknown\"}","description":null,"feedbackAttributes":null,"id":"eyJyZWdpc3RlcmVkVXNlcklkIjoiQTJGMDdOOFRESUFLNVUiLCJlbnRyeUlkIjoiMTUyNjQ3NzY1OTIyOCNBQjcyQzY0Qzg2QVcyI0IwRjAwNzEyNTE4NDAwV04jMTUyNjQ3NzY1OTIzMC0yIn0","itemType":"TTS","registeredUserId":"A2F07N8TDIAK5U","sourceDevice":"{\"deviceType\":\"AB72C64C86AW2\",\"deviceSerialNumber\":\"B0F00712518400WN\"}","timestamp":1526477659230,"utteranceId":"AB72C64C86AW2:1.0/2018/05/16/13/B0F00712518400WN/34:16::TNIH_2V.afa548d0-087c-4c04-a0f2-f55f3beec9f6ZXV","version":1},{"activityItemData":"{\"ttsText\":\"It's 3:34 PM.\",\"voiceName\":\"en_us_nina\",\"ssml\":\"<speak><prosody volume=\\\"x-loud\\\">It&apos;s 3:34 PM.<\\/prosody><metadata><promptMetadata><promptId>WhatsUp.Preamble.Time<\\/promptId><namespace>Zeitgeist<\\/namespace><locale>en_US<\\/locale><overrideId>default<\\/overrideId><variant>simple1<\\/variant><condition/><weight>1<\\/weight><stageVersion>Adm-20170203_103934-34<\\/stageVersion><promptData><replyType/><promptID>WhatsUp.Preamble.Time<\\/promptID><namespace>Zeitgeist<\\/namespace><overrideId/><prosodyPreRenderHook/><time>3:34 PM<\\/time><expectations/><\\/promptData><\\/promptMetadata><\\/metadata><\\/speak>\",\"ttsServiceVersion\":\"unknown\",\"asrText\":\"\",\"ttsRequestId\":\"unknown\"}","description":null,"feedbackAttributes":null,"id":"eyJyZWdpc3RlcmVkVXNlcklkIjoiQTJGMDdOOFRESUFLNVUiLCJlbnRyeUlkIjoiMTUyNjQ3NzY1OTIyOCNBQjcyQzY0Qzg2QVcyI0IwRjAwNzEyNTE4NDAwV04jMTUyNjQ3NzY1OTIzMS0zIn0","itemType":"TTS","registeredUserId":"A2F07N8TDIAK5U","sourceDevice":"{\"deviceType\":\"AB72C64C86AW2\",\"deviceSerialNumber\":\"B0F00712518400WN\"}","timestamp":1526477659231,"utteranceId":"AB72C64C86AW2:1.0/2018/05/16/13/B0F00712518400WN/34:16::TNIH_2V.afa548d0-087c-4c04-a0f2-f55f3beec9f6ZXV","version":1},{"activityItemData":"{\"ttsText\":\"Here's what's up.\",\"voiceName\":\"en_us_nina\",\"ssml\":\"<speak><prosody volume=\\\"x-loud\\\">Here&apos;s what&apos;s up.<break time=\\\"250ms\\\"/><\\/prosody><metadata><promptMetadata><promptId>WhatsUp.Preamble.Transition<\\/promptId><namespace>Zeitgeist<\\/namespace><locale>en_US<\\/locale><overrideId>default<\\/overrideId><variant>simple2<\\/variant><condition/><weight>1<\\/weight><stageVersion>Adm-20170202_204020-31<\\/stageVersion><promptData><replyType/><promptID>WhatsUp.Preamble.Transition<\\/promptID><namespace>Zeitgeist<\\/namespace><overrideId/><pauseAtEndMilliseconds>250<\\/pauseAtEndMilliseconds><prosodyPreRenderHook/><expectations/><\\/promptData><\\/promptMetadata><\\/metadata><\\/speak>\",\"ttsServiceVersion\":\"unknown\",\"asrText\":\"\",\"ttsRequestId\":\"unknown\"}","description":null,"feedbackAttributes":null,"id":"eyJyZWdpc3RlcmVkVXNlcklkIjoiQTJGMDdOOFRESUFLNVUiLCJlbnRyeUlkIjoiMTUyNjQ3NzY1OTIyOCNBQjcyQzY0Qzg2QVcyI0IwRjAwNzEyNTE4NDAwV04jMTUyNjQ3NzY1OTIzMi00In0","itemType":"TTS","registeredUserId":"A2F07N8TDIAK5U","sourceDevice":"{\"deviceType\":\"AB72C64C86AW2\",\"deviceSerialNumber\":\"B0F00712518400WN\"}","timestamp":1526477659232,"utteranceId":"AB72C64C86AW2:1.0/2018/05/16/13/B0F00712518400WN/34:16::TNIH_2V.afa548d0-087c-4c04-a0f2-f55f3beec9f6ZXV","version":1},{"activityItemData":"{\"ttsText\":\"By the way, I just read an interesting story. the cost of chicken wings has slumped 37% since fall, and now sits at a seasonal 4-year low. Do you want to hear more about that?\",\"voiceName\":\"en_us_nina\",\"ssml\":\"<speak><prosody volume=\\\"x-loud\\\">By the way, I just read an interesting story. the cost of chicken wings has slumped 37% since fall, and now sits at a seasonal 4-year low. Do you want to hear more about that?<\\/prosody><metadata><promptMetadata><promptId>Question.WithHeadlineTrendingStory<\\/promptId><namespace>Zeitgeist<\\/namespace><locale>en_US<\\/locale><overrideId>default<\\/overrideId><variant>58f562a2-faee-4625-b7ee-cb14b67634a2<\\/variant><condition/><weight>1<\\/weight><stageVersion>Adm-20171202_003656-11<\\/stageVersion><promptData><trendingStoryShortHeadline>the cost of chicken wings has slumped 37% since fall, and now sits at a seasonal 4-year low<\\/trendingStoryShortHeadline><replyType/><promptID>Question.WithHeadlineTrendingStory<\\/promptID><namespace>Zeitgeist<\\/namespace><overrideId/><prosodyPreRenderHook/><expectations/><\\/promptData><\\/promptMetadata><\\/metadata><\\/speak>\",\"ttsServiceVersion\":\"unknown\",\"asrText\":\"\",\"ttsRequestId\":\"unknown\"}","description":null,"feedbackAttributes":null,"id":"eyJyZWdpc3RlcmVkVXNlcklkIjoiQTJGMDdOOFRESUFLNVUiLCJlbnRyeUlkIjoiMTUyNjQ3NzY1OTIyOCNBQjcyQzY0Qzg2QVcyI0IwRjAwNzEyNTE4NDAwV04jMTUyNjQ3NzY1OTIzMy01In0","itemType":"TTS","registeredUserId":"A2F07N8TDIAK5U","sourceDevice":"{\"deviceType\":\"AB72C64C86AW2\",\"deviceSerialNumber\":\"B0F00712518400WN\"}","timestamp":1526477659233,"utteranceId":"AB72C64C86AW2:1.0/2018/05/16/13/B0F00712518400WN/34:16::TNIH_2V.afa548d0-087c-4c04-a0f2-f55f3beec9f6ZXV","version":1},{"activityItemData":"{\"ttsText\":\"\",\"utteranceId\":\"AB72C64C86AW2:1.0/2018/05/16/13/B0F00712518400WN/34:37::TNIH_2V.bedbf7f5-63fe-4756-a980-fec59c68b2c4ZXV/0\",\"endOfSpeechTimeInMillis\":1526477678067,\"isFalseWakeWord\":false,\"asrText\":\"yes\"}","description":null,"feedbackAttributes":null,"id":"eyJyZWdpc3RlcmVkVXNlcklkIjoiQTJGMDdOOFRESUFLNVUiLCJlbnRyeUlkIjoiMTUyNjQ3NzY1OTIyOCNBQjcyQzY0Qzg2QVcyI0IwRjAwNzEyNTE4NDAwV04jMTUyNjQ3NzY3ODA2Ny0wIn0","itemType":"ASR","registeredUserId":"A2F07N8TDIAK5U","sourceDevice":"{\"deviceType\":\"AB72C64C86AW2\",\"deviceSerialNumber\":\"B0F00712518400WN\"}","timestamp":1526477678067,"utteranceId":"AB72C64C86AW2:1.0/2018/05/16/13/B0F00712518400WN/34:37::TNIH_2V.bedbf7f5-63fe-4756-a980-fec59c68b2c4ZXV","version":1},{"activityItemData":"{\"ttsText\":\"\",\"intentType\":\"GetLatestReportIntent\",\"slots\":[{\"name\":\"ApplicationDataSlot\",\"value\":null},{\"name\":\"VisualModeTrigger\",\"value\":null}],\"confidenceValue\":\"1.0\",\"domainType\":\"DailyBriefing\",\"nbestIntentIndex\":0,\"asrText\":\"\"}","description":null,"feedbackAttributes":null,"id":"eyJyZWdpc3RlcmVkVXNlcklkIjoiQTJGMDdOOFRESUFLNVUiLCJlbnRyeUlkIjoiMTUyNjQ3NzY1OTIyOCNBQjcyQzY0Qzg2QVcyI0IwRjAwNzEyNTE4NDAwV04jMTUyNjQ3NzY3ODkzMi0xIn0","itemType":"NLU","registeredUserId":"A2F07N8TDIAK5U","sourceDevice":"{\"deviceType\":\"AB72C64C86AW2\",\"deviceSerialNumber\":\"B0F00712518400WN\"}","timestamp":1526477678932,"utteranceId":"AB72C64C86AW2:1.0/2018/05/16/13/B0F00712518400WN/34:37::TNIH_2V.bedbf7f5-63fe-4756-a980-fec59c68b2c4ZXV","version":1},{"activityItemData":"{\"ttsText\":\"Wholesale chicken wing prices in the U.S. reached as high as $2 a pound in September, the highest ever in U.S. Department of Agriculture data for the past 7 years. Since then, the cost has slumped about 37% and sits at a seasonal 4-year low. The popularity of wings tends to peak during Super Bowl season..\",\"voiceName\":\"en_us_nina\",\"ssml\":\"<speak><prosody volume=\\\"x-loud\\\">Wholesale chicken wing prices in the U.S. reached as high as $2 a pound in September, the highest ever in U.S. Department of Agriculture data for the past 7 years. Since then, the cost has slumped about 37% and sits at a seasonal 4-year low. The popularity of wings tends to peak during Super Bowl season..<\\/prosody><metadata><promptMetadata><promptId>Question.WithHeadlineTrendingStory.Answer<\\/promptId><namespace>Zeitgeist<\\/namespace><locale>en_US<\\/locale><overrideId>default<\\/overrideId><variant>e92e460a-556f-4289-abc1-84bfb411216f<\\/variant><condition/><weight>1<\\/weight><stageVersion>Adm-20171122_235438-5<\\/stageVersion><promptData><trendingStoryText>Wholesale chicken wing prices in the U.S. reached as high as $2 a pound in September, the highest ever in U.S. Department of Agriculture data for the past 7 years. Since then, the cost has slumped about 37% and sits at a seasonal 4-year low. The popularity of wings tends to peak during Super Bowl season.<\\/trendingStoryText><replyType/><promptID>Question.WithHeadlineTrendingStory.Answer<\\/promptID><namespace>Zeitgeist<\\/namespace><overrideId/><prosodyPreRenderHook/><expectations/><\\/promptData><\\/promptMetadata><\\/metadata><\\/speak>\",\"ttsServiceVersion\":\"unknown\",\"asrText\":\"\",\"ttsRequestId\":\"unknown\"}","description":null,"feedbackAttributes":null,"id":"eyJyZWdpc3RlcmVkVXNlcklkIjoiQTJGMDdOOFRESUFLNVUiLCJlbnRyeUlkIjoiMTUyNjQ3NzY1OTIyOCNBQjcyQzY0Qzg2QVcyI0IwRjAwNzEyNTE4NDAwV04jMTUyNjQ3NzY3ODkzMy0yIn0","itemType":"TTS","registeredUserId":"A2F07N8TDIAK5U","sourceDevice":"{\"deviceType\":\"AB72C64C86AW2\",\"deviceSerialNumber\":\"B0F00712518400WN\"}","timestamp":1526477678933,"utteranceId":"AB72C64C86AW2:1.0/2018/05/16/13/B0F00712518400WN/34:37::TNIH_2V.bedbf7f5-63fe-4756-a980-fec59c68b2c4ZXV","version":1}]}