{"activityDialogItems":[{"activityItemData":"{\"ttsText\":\"\",\"utteranceId\":\"AB72C64C86AW2:1.0/2018/05/15/09/B0F00712518400WN/29:03::TNIH_2V.92e194f5-07d0-4702-aeb0-3a224a1c0252ZXV/0\",\"endOfSpeechTimeInMillis\":1526376543585,\"isFalseWakeWord\":false,\"asrText\":\"no\"}","description":null,"feedbackAttributes":null,"id":"eyJyZWdpc3RlcmVkVXNlcklkIjoiQTJGMDdOOFRESUFLNVUiLCJlbnRyeUlkIjoiMTUyNjM3NjU0NDk4MSNBQjcyQzY0Qzg2QVcyI0IwRjAwNzEyNTE4NDAwV04jMTUyNjM3NjU0MzU4NS0wIn0","itemType":"ASR","registeredUserId":"A2F07N8TDIAK5U","sourceDevice":"{\"deviceSerialNumber\":\"B0F00712518400WN\",\"deviceType\":\"AB72C64C86AW2\"}","timestamp":1526376543585,"utteranceId":"AB72C64C86AW2:1.0/2018/05/15/09/B0F00712518400WN/29:03::TNIH_2V.92e194f5-07d0-4702-aeb0-3a224a1c0252ZXV/0","version":1},{"activityItemData":"{\"ttsText\":\"\",\"intentType\":\"AMAZON.NoIntent\",\"slots\":null,\"confidenceValue\":null,\"domainType\":\"Echo.SDK\",\"nbestIntentIndex\":0,\"asrText\":\"\"}","description":null,"feedbackAttributes":null,"id":"eyJyZWdpc3RlcmVkVXNlcklkIjoiQTJGMDdOOFRESUFLNVUiLCJlbnRyeUlkIjoiMTUyNjM3NjU0NDk4MSNBQjcyQzY0Qzg2QVcyI0IwRjAwNzEyNTE4NDAwV04jMTUyNjM3NjU0NDk4Mi0xIn0","itemType":"NLU","registeredUserId":"A2F07N8TDIAK5U","sourceDevice":"{\"deviceSerialNumber\":\"B0F00712518400WN\",\"deviceType\":\"AB72C64C86AW2\"}","timestamp":1526376544982,"utteranceId":"AB72C64C86AW2:1.0/2018/05/15/09/B0F00712518400WN/29:03::TNIH_2V.92e194f5-07d0-4702-aeb0-3a224a1c0252ZXV/0","version":1},{"activityItemData":"{\"ttsText\":\"Arming canceled.\",\"voiceName\":\"en_us_nina\",\"ssml\":\"<speak><prosody volume=\\\"x-loud\\\">Arming canceled.<\\/prosody><metadata><promptMetadata><promptId>OutputSpeech.PlainText.Message<\\/promptId><namespace>Echo.SDK<\\/namespace><locale>en_US<\\/locale><overrideId>default<\\/overrideId><variant>af5bd34b-fd58-4bca-b96d-c68a6b620e77<\\/variant><condition/><weight>1<\\/weight><stageVersion>Adm-20150212_205320-4<\\/stageVersion><promptData><replyType/><promptID>OutputSpeech.PlainText.Message<\\/promptID><namespace>Echo.SDK<\\/namespace><overrideId/><prosodyPreRenderHook/><expectations/><message>Arming canceled.<\\/message><\\/promptData><\\/promptMetadata><\\/metadata><\\/speak>\",\"ttsServiceVersion\":\"unknown\",\"asrText\":\"\",\"ttsRequestId\":\"unknown\"}","description":null,"feedbackAttributes":null,"id":"eyJyZWdpc3RlcmVkVXNlcklkIjoiQTJGMDdOOFRESUFLNVUiLCJlbnRyeUlkIjoiMTUyNjM3NjU0NDk4MSNBQjcyQzY0Qzg2QVcyI0IwRjAwNzEyNTE4NDAwV04jMTUyNjM3NjU0NDk4My0yIn0","itemType":"TTS","registeredUserId":"A2F07N8TDIAK5U","sourceDevice":"{\"deviceSerialNumber\":\"B0F00712518400WN\",\"deviceType\":\"AB72C64C86AW2\"}","timestamp":1526376544983,"utteranceId":"AB72C64C86AW2:1.0/2018/05/15/09/B0F00712518400WN/29:03::TNIH_2V.92e194f5-07d0-4702-aeb0-3a224a1c0252ZXV/0","version":1}]}