{"activityDialogItems":[{"activityItemData":"{\"ttsText\":\"\",\"utteranceId\":\"AB72C64C86AW2:1.0/2018/05/15/13/B0F00712518400WN/07:34::TNIH_2V.0447e3ca-7189-4f37-b914-fc611a10d637ZXV\",\"endOfSpeechTimeInMillis\":0,\"isFalseWakeWord\":false,\"asrText\":\"\"}","description":null,"feedbackAttributes":null,"id":"eyJyZWdpc3RlcmVkVXNlcklkIjoiQTJGMDdOOFRESUFLNVUiLCJlbnRyeUlkIjoiMTUyNjM4OTY1NjE3NCNBQjcyQzY0Qzg2QVcyI0IwRjAwNzEyNTE4NDAwV04jMC0wIn0","itemType":"ASR","registeredUserId":"A2F07N8TDIAK5U","sourceDevice":"{\"deviceType\":\"AB72C64C86AW2\",\"deviceSerialNumber\":\"B0F00712518400WN\"}","timestamp":0,"utteranceId":"AB72C64C86AW2:1.0/2018/05/15/13/B0F00712518400WN/07:34::TNIH_2V.0447e3ca-7189-4f37-b914-fc611a10d637ZXV","version":1},{"activityItemData":"{\"ttsText\":\"\",\"intentType\":\"Unknown\",\"slots\":null,\"confidenceValue\":null,\"domainType\":\"Unknown\",\"nbestIntentIndex\":0,\"asrText\":\"\"}","description":null,"feedbackAttributes":null,"id":"eyJyZWdpc3RlcmVkVXNlcklkIjoiQTJGMDdOOFRESUFLNVUiLCJlbnRyeUlkIjoiMTUyNjM4OTY1NjE3NCNBQjcyQzY0Qzg2QVcyI0IwRjAwNzEyNTE4NDAwV04jMTUyNjM4OTY1NjE3NS0xIn0","itemType":"NLU","registeredUserId":"A2F07N8TDIAK5U","sourceDevice":"{\"deviceType\":\"AB72C64C86AW2\",\"deviceSerialNumber\":\"B0F00712518400WN\"}","timestamp":1526389656175,"utteranceId":"AB72C64C86AW2:1.0/2018/05/15/13/B0F00712518400WN/07:34::TNIH_2V.0447e3ca-7189-4f37-b914-fc611a10d637ZXV","version":1}]}