{"networkDetail":"{\"locationDetails\":{\"locationDetails\":{\"Default_Location\":{\"locationId\":\"Default_Location\",\"amazonBridgeDetails\":{\"amazonBridgeDetails\":{\"LambdaBridge_SKILL/eyJza2lsbElkIjoiYW16bjEuYXNrLnNraWxsLjM4MTY3OGQ3LTI3OGEtNGZmNS05MDcxLWUxYTFlNzU2YWU4MiIsInN0YWdlIjoibGl2ZSJ9\":{\"amazonBridgeIdentifier\":{\"amazonBridgeDSN\":\"SKILL/eyJza2lsbElkIjoiYW16bjEuYXNrLnNraWxsLjM4MTY3OGQ3LTI3OGEtNGZmNS05MDcxLWUxYTFlNzU2YWU4MiIsInN0YWdlIjoibGl2ZSJ9\",\"amazonBridgeType\":\"LambdaBridge\",\"lambdaBridge\":true,\"amazonBridgeSource\":\"SKILL\"},\"applianceDetails\":{\"applianceDetails\":{\"SKILL_eyJza2lsbElkIjoiYW16bjEuYXNrLnNraWxsLjM4MTY3OGQ3LTI3OGEtNGZmNS05MDcxLWUxYTFlNzU2YWU4MiIsInN0YWdlIjoibGl2ZSJ9_FRzIo4P2yS1iwH4AILDw5fuIviN2LvlsP_0DzqH1Mv1Q6DDuj1L4Hw\":{\"applianceId\":\"SKILL_eyJza2lsbElkIjoiYW16bjEuYXNrLnNraWxsLjM4MTY3OGQ3LTI3OGEtNGZmNS05MDcxLWUxYTFlNzU2YWU4MiIsInN0YWdlIjoibGl2ZSJ9_FRzIo4P2yS1iwH4AILDw5fuIviN2LvlsP_0DzqH1Mv1Q6DDuj1L4Hw\",\"endpointTypeId\":\"\",\"driverIdentity\":{\"namespace\":\"SKILL\",\"identifier\":\"eyJza2lsbElkIjoiYW16bjEuYXNrLnNraWxsLjM4MTY3OGQ3LTI3OGEtNGZmNS05MDcxLWUxYTFlNzU2YWU4MiIsInN0YWdlIjoibGl2ZSJ9\"},\"manufacturerName\":\"Nest\",\"friendlyDescription\":\"Nest Camera: Tabletting  in SuperLab\",\"modelName\":\"\",\"deviceType\":\"CLOUD_DISCOVERED_DEVICE\",\"version\":\"0\",\"friendlyName\":\"Tabletting\",\"friendlyNameModifiedAt\":1526394312745,\"ipAddress\":\"\",\"port\":\"\",\"entityId\":\"f3adfe7c-50ca-40cf-b228-d25a847cb8c9\",\"applianceNetworkState\":{\"reachability\":\"REACHABLE\",\"lastSeenAt\":1530443828952,\"createdAt\":1526394312744,\"lastSeenDiscoverySessionId\":{\"value\":\"amzn1.HomeAutomation.ApplianceDiscovery.A2F07N8TDIAK5U.LambdaBridge.FakeDSN.CLOUD.2018-07-01T06:18:54.074Z.f5760cdd-0d89-4ce0-89f4-5185f6072bf9\"}},\"tags\":{\"tagNameToValueSetMap\":{}},\"additionalApplianceDetails\":{\"additionalApplianceDetails\":{\"type\":\"camera\"}},\"firmwareVersion\":\"0\",\"actions\":[],\"capabilities\":[{\"capabilityType\":\"AVSCameraStreamControllerCapability\",\"type\":\"AlexaInterface\",\"version\":\"3\",\"cameraStreamConfigurations\":[{\"protocols\":[\"RTSP\"],\"resolutions\":[{\"width\":1280,\"height\":720}],\"authorizationTypes\":[\"NONE\"],\"videoCodecs\":[\"H264\"],\"audioCodecs\":[\"AAC\"]}],\"interfaceName\":\"Alexa.CameraStreamController\"}],\"applianceTypes\":[\"CAMERA\"],\"isEnabled\":true,\"aliases\":[],\"connectedVia\":\"\",\"alexaDeviceIdentifierList\":[],\"ipaddress\":\"\",\"applianceLambdaControlled\":true,\"applianceDriverIdentity\":{\"namespace\":\"SKILL\",\"identifier\":\"eyJza2lsbElkIjoiYW16bjEuYXNrLnNraWxsLjM4MTY3OGQ3LTI3OGEtNGZmNS05MDcxLWUxYTFlNzU2YWU4MiIsInN0YWdlIjoibGl2ZSJ9\"}}}}},\"LambdaBridge_SKILL/eyJza2lsbElkIjoiYW16bjEuYXNrLnNraWxsLjAxM2VmZGFiLTg5N2MtNGRmZi05NzI4LWFjNjc5MjQyZDgxOCIsInN0YWdlIjoibGl2ZSJ9\":{\"amazonBridgeIdentifier\":{\"amazonBridgeDSN\":\"SKILL/eyJza2lsbElkIjoiYW16bjEuYXNrLnNraWxsLjAxM2VmZGFiLTg5N2MtNGRmZi05NzI4LWFjNjc5MjQyZDgxOCIsInN0YWdlIjoibGl2ZSJ9\",\"amazonBridgeType\":\"LambdaBridge\",\"lambdaBridge\":true,\"amazonBridgeSource\":\"SKILL\"},\"applianceDetails\":{\"applianceDetails\":{\"SKILL_eyJza2lsbElkIjoiYW16bjEuYXNrLnNraWxsLjAxM2VmZGFiLTg5N2MtNGRmZi05NzI4LWFjNjc5MjQyZDgxOCIsInN0YWdlIjoibGl2ZSJ9_a14bd0ef-09f3-4bea-a9e2-01623c30acb0\":{\"applianceId\":\"SKILL_eyJza2lsbElkIjoiYW16bjEuYXNrLnNraWxsLjAxM2VmZGFiLTg5N2MtNGRmZi05NzI4LWFjNjc5MjQyZDgxOCIsInN0YWdlIjoibGl2ZSJ9_a14bd0ef-09f3-4bea-a9e2-01623c30acb0\",\"endpointTypeId\":\"\",\"driverIdentity\":{\"namespace\":\"SKILL\",\"identifier\":\"eyJza2lsbElkIjoiYW16bjEuYXNrLnNraWxsLjAxM2VmZGFiLTg5N2MtNGRmZi05NzI4LWFjNjc5MjQyZDgxOCIsInN0YWdlIjoibGl2ZSJ9\"},\"manufacturerName\":\"Wink\",\"friendlyDescription\":\"Light, connected via Wink\",\"modelName\":\"\",\"deviceType\":\"CLOUD_DISCOVERED_DEVICE\",\"version\":\"0\",\"friendlyName\":\"Upstairs\",\"friendlyNameModifiedAt\":1522055260497,\"ipAddress\":\"\",\"port\":\"\",\"entityId\":\"3b2e4824-b5d7-4a76-bffb-16daa1c0e2df\",\"applianceNetworkState\":{\"reachability\":\"REACHABLE\",\"lastSeenAt\":1530443828952,\"createdAt\":1522055260493,\"lastSeenDiscoverySessionId\":{\"value\":\"amzn1.HomeAutomation.ApplianceDiscovery.A2F07N8TDIAK5U.LambdaBridge.FakeDSN.CLOUD.2018-07-01T06:18:54.074Z.f5760cdd-0d89-4ce0-89f4-5185f6072bf9\"}},\"tags\":{\"tagNameToValueSetMap\":{}},\"additionalApplianceDetails\":{\"additionalApplianceDetails\":{\"objectType\":\"light_bulb\"}},\"firmwareVersion\":\"0\",\"actions\":[],\"capabilities\":[{\"capabilityType\":\"AVSInterfaceCapability\",\"type\":\"AlexaInterface\",\"version\":\"3\",\"properties\":{\"supported\":[{\"name\":\"connectivity\"}],\"proactivelyReported\":true,\"retrievable\":true},\"interfaceName\":\"Alexa.EndpointHealth\"},{\"capabilityType\":\"AVSInterfaceCapability\",\"type\":\"AlexaInterface\",\"version\":\"3\",\"properties\":{\"supported\":[{\"name\":\"powerState\"}],\"proactivelyReported\":true,\"retrievable\":true},\"interfaceName\":\"Alexa.PowerController\"},{\"capabilityType\":\"AVSInterfaceCapability\",\"type\":\"AlexaInterface\",\"version\":\"3\",\"properties\":{\"supported\":[{\"name\":\"brightness\"}],\"proactivelyReported\":true,\"retrievable\":true},\"interfaceName\":\"Alexa.BrightnessController\"}],\"applianceTypes\":[\"LIGHT\"],\"isEnabled\":true,\"aliases\":[],\"connectedVia\":\"\",\"alexaDeviceIdentifierList\":[],\"ipaddress\":\"\",\"applianceLambdaControlled\":true,\"applianceDriverIdentity\":{\"namespace\":\"SKILL\",\"identifier\":\"eyJza2lsbElkIjoiYW16bjEuYXNrLnNraWxsLjAxM2VmZGFiLTg5N2MtNGRmZi05NzI4LWFjNjc5MjQyZDgxOCIsInN0YWdlIjoibGl2ZSJ9\"}},\"SKILL_eyJza2lsbElkIjoiYW16bjEuYXNrLnNraWxsLjAxM2VmZGFiLTg5N2MtNGRmZi05NzI4LWFjNjc5MjQyZDgxOCIsInN0YWdlIjoibGl2ZSJ9_1042d57b-6d44-4498-9b00-73b1b78abf3a\":{\"applianceId\":\"SKILL_eyJza2lsbElkIjoiYW16bjEuYXNrLnNraWxsLjAxM2VmZGFiLTg5N2MtNGRmZi05NzI4LWFjNjc5MjQyZDgxOCIsInN0YWdlIjoibGl2ZSJ9_1042d57b-6d44-4498-9b00-73b1b78abf3a\",\"endpointTypeId\":\"\",\"driverIdentity\":{\"namespace\":\"SKILL\",\"identifier\":\"eyJza2lsbElkIjoiYW16bjEuYXNrLnNraWxsLjAxM2VmZGFiLTg5N2MtNGRmZi05NzI4LWFjNjc5MjQyZDgxOCIsInN0YWdlIjoibGl2ZSJ9\"},\"manufacturerName\":\"Wink\",\"friendlyDescription\":\"Light, connected via Wink\",\"modelName\":\"\",\"deviceType\":\"CLOUD_DISCOVERED_DEVICE\",\"version\":\"0\",\"friendlyName\":\"Piano\",\"friendlyNameModifiedAt\":1522055260503,\"ipAddress\":\"\",\"port\":\"\",\"entityId\":\"70bc2690-f85f-48be-830a-a1e991c25a53\",\"applianceNetworkState\":{\"reachability\":\"REACHABLE\",\"lastSeenAt\":1530443828952,\"createdAt\":1522055260493,\"lastSeenDiscoverySessionId\":{\"value\":\"amzn1.HomeAutomation.ApplianceDiscovery.A2F07N8TDIAK5U.LambdaBridge.FakeDSN.CLOUD.2018-07-01T06:18:54.074Z.f5760cdd-0d89-4ce0-89f4-5185f6072bf9\"}},\"tags\":{\"tagNameToValueSetMap\":{}},\"additionalApplianceDetails\":{\"additionalApplianceDetails\":{\"objectType\":\"light_bulb\"}},\"firmwareVersion\":\"0\",\"actions\":[],\"capabilities\":[{\"capabilityType\":\"AVSInterfaceCapability\",\"type\":\"AlexaInterface\",\"version\":\"3\",\"properties\":{\"supported\":[{\"name\":\"connectivity\"}],\"proactivelyReported\":true,\"retrievable\":true},\"interfaceName\":\"Alexa.EndpointHealth\"},{\"capabilityType\":\"AVSInterfaceCapability\",\"type\":\"AlexaInterface\",\"version\":\"3\",\"properties\":{\"supported\":[{\"name\":\"powerState\"}],\"proactivelyReported\":true,\"retrievable\":true},\"interfaceName\":\"Alexa.PowerController\"},{\"capabilityType\":\"AVSInterfaceCapability\",\"type\":\"AlexaInterface\",\"version\":\"3\",\"properties\":{\"supported\":[{\"name\":\"brightness\"}],\"proactivelyReported\":true,\"retrievable\":true},\"interfaceName\":\"Alexa.BrightnessController\"}],\"applianceTypes\":[\"LIGHT\"],\"isEnabled\":true,\"aliases\":[],\"connectedVia\":\"\",\"alexaDeviceIdentifierList\":[],\"ipaddress\":\"\",\"applianceLambdaControlled\":true,\"applianceDriverIdentity\":{\"namespace\":\"SKILL\",\"identifier\":\"eyJza2lsbElkIjoiYW16bjEuYXNrLnNraWxsLjAxM2VmZGFiLTg5N2MtNGRmZi05NzI4LWFjNjc5MjQyZDgxOCIsInN0YWdlIjoibGl2ZSJ9\"}}}}},\"LambdaBridge_SKILL/eyJza2lsbElkIjoiYW16bjEuYXNrLnNraWxsLjhkNGQ5MzU5LTkxMjQtNDNmOS1iYjU4LWMxYmNhNmI1MDU2YiIsInN0YWdlIjoibGl2ZSJ9\":{\"amazonBridgeIdentifier\":{\"amazonBridgeDSN\":\"SKILL/eyJza2lsbElkIjoiYW16bjEuYXNrLnNraWxsLjhkNGQ5MzU5LTkxMjQtNDNmOS1iYjU4LWMxYmNhNmI1MDU2YiIsInN0YWdlIjoibGl2ZSJ9\",\"amazonBridgeType\":\"LambdaBridge\",\"lambdaBridge\":true,\"amazonBridgeSource\":\"SKILL\"},\"applianceDetails\":{\"applianceDetails\":{\"SKILL_eyJza2lsbElkIjoiYW16bjEuYXNrLnNraWxsLjhkNGQ5MzU5LTkxMjQtNDNmOS1iYjU4LWMxYmNhNmI1MDU2YiIsInN0YWdlIjoibGl2ZSJ9_59U17B7BB8B46\":{\"applianceId\":\"SKILL_eyJza2lsbElkIjoiYW16bjEuYXNrLnNraWxsLjhkNGQ5MzU5LTkxMjQtNDNmOS1iYjU4LWMxYmNhNmI1MDU2YiIsInN0YWdlIjoibGl2ZSJ9_59U17B7BB8B46\",\"endpointTypeId\":\"4RD37B75A1EC9\",\"driverIdentity\":{\"namespace\":\"SKILL\",\"identifier\":\"eyJza2lsbElkIjoiYW16bjEuYXNrLnNraWxsLjhkNGQ5MzU5LTkxMjQtNDNmOS1iYjU4LWMxYmNhNmI1MDU2YiIsInN0YWdlIjoibGl2ZSJ9\"},\"manufacturerName\":\"Arlo\",\"friendlyDescription\":\"Arlo\",\"modelName\":\"VMC4030\",\"deviceType\":\"CLOUD_DISCOVERED_DEVICE\",\"version\":\"0\",\"friendlyName\":\"Kitchen's camera\",\"friendlyNameModifiedAt\":1526394312831,\"ipAddress\":\"\",\"port\":\"\",\"entityId\":\"93bbcca9-39b8-476b-8d86-bcd03da04084\",\"applianceNetworkState\":{\"reachability\":\"NOT_REACHABLE\",\"lastSeenAt\":1530443828952,\"createdAt\":1526394312831,\"lastSeenDiscoverySessionId\":{\"value\":\"amzn1.HomeAutomation.ApplianceDiscovery.A2F07N8TDIAK5U.LambdaBridge.FakeDSN.CLOUD.2018-06-10T04:19:57.281Z.10b44869-a67b-4e63-962a-19a7f8ae5d7e\"}},\"tags\":{\"tagNameToValueSetMap\":{}},\"additionalApplianceDetails\":{\"additionalApplianceDetails\":{}},\"firmwareVersion\":\"0\",\"actions\":[],\"capabilities\":[{\"capabilityType\":\"AVSCameraStreamControllerCapability\",\"type\":\"AlexaInterface\",\"version\":\"3\",\"cameraStreamConfigurations\":[{\"protocols\":[\"RTSP\"],\"resolutions\":[{\"width\":1920,\"height\":1088},{\"width\":1280,\"height\":720},{\"width\":848,\"height\":480},{\"width\":640,\"height\":352},{\"width\":416,\"height\":240}],\"authorizationTypes\":[\"NONE\"],\"videoCodecs\":[\"H264\"],\"audioCodecs\":[\"AAC\"]}],\"interfaceName\":\"Alexa.CameraStreamController\"}],\"applianceTypes\":[\"CAMERA\"],\"isEnabled\":true,\"aliases\":[],\"connectedVia\":\"\",\"alexaDeviceIdentifierList\":[],\"ipaddress\":\"\",\"applianceLambdaControlled\":true,\"applianceDriverIdentity\":{\"namespace\":\"SKILL\",\"identifier\":\"eyJza2lsbElkIjoiYW16bjEuYXNrLnNraWxsLjhkNGQ5MzU5LTkxMjQtNDNmOS1iYjU4LWMxYmNhNmI1MDU2YiIsInN0YWdlIjoibGl2ZSJ9\"}}}}}}},\"applianceGroups\":{\"applianceGroups\":{}}}}},\"version\":\"1.0\"}"}