{"activityDialogItems":[{"activityItemData":"{\"ttsText\":\"\",\"utteranceId\":\"AB72C64C86AW2:1.0/2018/05/17/08/B0F00712518400WN/16:15::TNIH_2V.0beae27e-6b90-4e8d-9a2e-689e3f1b3c6eZXV\",\"endOfSpeechTimeInMillis\":1526544980470,\"isFalseWakeWord\":false,\"asrText\":\"Unknown\"}","description":null,"feedbackAttributes":null,"id":"eyJyZWdpc3RlcmVkVXNlcklkIjoiQTJGMDdOOFRESUFLNVUiLCJlbnRyeUlkIjoiMTUyNjU0NDk4MDQ3MCNBQjcyQzY0Qzg2QVcyI0IwRjAwNzEyNTE4NDAwV04jMTUyNjU0NDk4MDQ3MC0wIn0","itemType":"ASR","registeredUserId":"A2F07N8TDIAK5U","sourceDevice":"{\"deviceSerialNumber\":\"B0F00712518400WN\",\"deviceType\":\"AB72C64C86AW2\"}","timestamp":1526544980470,"utteranceId":"AB72C64C86AW2:1.0/2018/05/17/08/B0F00712518400WN/16:15::TNIH_2V.0beae27e-6b90-4e8d-9a2e-689e3f1b3c6eZXV","version":1},{"activityItemData":"{\"ttsText\":\"\",\"intentType\":\"Unknown\",\"slots\":null,\"confidenceValue\":null,\"domainType\":\"Unknown\",\"nbestIntentIndex\":0,\"asrText\":\"\"}","description":null,"feedbackAttributes":null,"id":"eyJyZWdpc3RlcmVkVXNlcklkIjoiQTJGMDdOOFRESUFLNVUiLCJlbnRyeUlkIjoiMTUyNjU0NDk4MDQ3MCNBQjcyQzY0Qzg2QVcyI0IwRjAwNzEyNTE4NDAwV04jMTUyNjU0NDk4MDQ3MS0xIn0","itemType":"NLU","registeredUserId":"A2F07N8TDIAK5U","sourceDevice":"{\"deviceSerialNumber\":\"B0F00712518400WN\",\"deviceType\":\"AB72C64C86AW2\"}","timestamp":1526544980471,"utteranceId":"AB72C64C86AW2:1.0/2018/05/17/08/B0F00712518400WN/16:15::TNIH_2V.0beae27e-6b90-4e8d-9a2e-689e3f1b3c6eZXV","version":1}]}