{"activityDialogItems":[{"activityItemData":"{\"ttsText\":\"\",\"utteranceId\":\"AB72C64C86AW2:1.0/2018/05/15/13/B0F00712518400WN/05:54::TNIH_2V.d9e382ee-4be6-4125-9fb2-293c8fe36ce7ZXV/0\",\"endOfSpeechTimeInMillis\":1526389560501,\"isFalseWakeWord\":false,\"asrText\":\"alexa say hello\"}","description":null,"feedbackAttributes":null,"id":"eyJyZWdpc3RlcmVkVXNlcklkIjoiQTJGMDdOOFRESUFLNVUiLCJlbnRyeUlkIjoiMTUyNjM4OTU2MTE5NCNBQjcyQzY0Qzg2QVcyI0IwRjAwNzEyNTE4NDAwV04jMTUyNjM4OTU2MDUwMS0wIn0","itemType":"ASR","registeredUserId":"A2F07N8TDIAK5U","sourceDevice":"{\"deviceSerialNumber\":\"B0F00712518400WN\",\"deviceType\":\"AB72C64C86AW2\"}","timestamp":1526389560501,"utteranceId":"AB72C64C86AW2:1.0/2018/05/15/13/B0F00712518400WN/05:54::TNIH_2V.d9e382ee-4be6-4125-9fb2-293c8fe36ce7ZXV","version":1},{"activityItemData":"{\"ttsText\":\"\",\"intentType\":\"PhaticIntent\",\"slots\":[{\"name\":\"InterpretationFromEvi\",\"value\":\"[{\\\"templateId\\\":null,\\\"interpretationId\\\":\\\"8e675e9b-920c-4635-b17f-366714fbf045\\\",\\\"templateScore\\\":0.0,\\\"matchedQuestion\\\":\\\"say hello\\\",\\\"domains\\\":[\\\"[editorial response]\\\",\\\"[phatic domain]\\\"],\\\"interpretedQuery\\\":{\\\"queryString\\\":\\\"query x | x [is a editorial service response match to] [\\\\\\\"say hello\\\\\\\"]\\\",\\\"anaphoricEntities\\\":null,\\\"queryMappings\\\":[],\\\"queryContext\\\":[],\\\"environment\\\":{\\\"environmentName\\\":null,\\\"tenantName\\\":\\\"Doppler\\\",\\\"deviceType\\\":\\\"AB72C64C86AW2\\\",\\\"deviceId\\\":\\\"B0F00712518400WN\\\",\\\"customerId\\\":\\\"A2F07N8TDIAK5U\\\",\\\"knowledgeStore\\\":null,\\\"eviInternalTenantName\\\":null,\\\"locale\\\":\\\"en-US\\\",\\\"countryOfResidence\\\":\\\"US\\\",\\\"marketplaceId\\\":\\\"ATVPDKIKX0DER\\\",\\\"overrideCache\\\":false,\\\"acefversion\\\":null},\\\"matchedQuestion\\\":\\\"say hello\\\",\\\"metadata\\\":{\\\"tenantName\\\":\\\"Doppler\\\",\\\"deviceType\\\":\\\"AB72C64C86AW2\\\",\\\"deviceId\\\":\\\"B0F00712518400WN\\\",\\\"customerId\\\":\\\"A2F07N8TDIAK5U\\\",\\\"referenceTime\\\":\\\"2018-05-15T15:06:01.203+02:00\\\",\\\"locale\\\":\\\"en-US\\\",\\\"countryOfResidence\\\":\\\"US\\\",\\\"marketplaceId\\\":\\\"ATVPDKIKX0DER\\\",\\\"customerRenderingPreferences\\\":null,\\\"understandSource\\\":null,\\\"answerSource\\\":null},\\\"overrides\\\":{\\\"environmentName\\\":null,\\\"knowledgeStore\\\":null,\\\"eviInternalTenantName\\\":null,\\\"maxInterpretations\\\":0,\\\"overrideCache\\\":false,\\\"betaCustomer\\\":false,\\\"acefversion\\\":null,\\\"nlgstrategy\\\":null},\\\"queryId\\\":null},\\\"provisionalAnswer\\\":{\\\"answerText\\\":\\\"Hi!\\\",\\\"answerSSML\\\":\\\"<?xml version=\\\\\\\"1.0\\\\\\\" encoding=\\\\\\\"UTF-8\\\\\\\" standalone=\\\\\\\"no\\\\\\\" ?><speak xmlns=\\\\\\\"http://www.w3.org/2001/10/synthesis\\\\\\\" version=\\\\\\\"1.1\\\\\\\" xml:lang=\\\\\\\"en-US\\\\\\\" xmlns:xsi=\\\\\\\"http://www.w3.org/2001/XMLSchema-instance\\\\\\\" xsi:schemaLocation=\\\\\\\"http://www.w3.org/2001/10/synthesis http://www.w3.org/TR/speech-synthesis11/synthesis.xsd\\\\\\\"><p xmlns:ivona=\\\\\\\"http://www.ivona.com/2009/12/ssml\\\\\\\" xmlns:amazon=\\\\\\\"https://amazon.com/ssml/2017-01-01/\\\\\\\">Hi!<\\/p><\\/speak>\\\",\\\"answerEntities\\\":[{\\\"id\\\":\\\"[fake editorial entity]\\\",\\\"usage\\\":null,\\\"type\\\":null,\\\"properties\\\":[{\\\"key\\\":\\\"suppress-card\\\",\\\"value\\\":\\\"false\\\",\\\"source\\\":null,\\\"sourceUrl\\\":null,\\\"tkid\\\":null}]}]},\\\"confidence\\\":{\\\"bin\\\":\\\"HIGH\\\",\\\"value\\\":1.0},\\\"layer\\\":\\\"EDITORIAL\\\",\\\"anaphora\\\":null,\\\"metadata\\\":{\\\"tenantName\\\":\\\"Doppler\\\",\\\"deviceType\\\":\\\"AB72C64C86AW2\\\",\\\"deviceId\\\":\\\"B0F00712518400WN\\\",\\\"customerId\\\":\\\"A2F07N8TDIAK5U\\\",\\\"referenceTime\\\":\\\"2018-05-15T15:06:01.203+02:00\\\",\\\"locale\\\":\\\"en-US\\\",\\\"countryOfResidence\\\":\\\"US\\\",\\\"marketplaceId\\\":\\\"ATVPDKIKX0DER\\\",\\\"customerRenderingPreferences\\\":null,\\\"understandSource\\\":\\\"highPriorityEditorial\\\",\\\"answerSource\\\":null}}]\"},{\"name\":\"ApplicationDataSlot\",\"value\":null},{\"name\":\"Question\",\"value\":null}],\"confidenceValue\":\"1.0\",\"domainType\":\"Phatic\",\"nbestIntentIndex\":0,\"asrText\":\"\"}","description":null,"feedbackAttributes":null,"id":"eyJyZWdpc3RlcmVkVXNlcklkIjoiQTJGMDdOOFRESUFLNVUiLCJlbnRyeUlkIjoiMTUyNjM4OTU2MTE5NCNBQjcyQzY0Qzg2QVcyI0IwRjAwNzEyNTE4NDAwV04jMTUyNjM4OTU2MTE5NS0xIn0","itemType":"NLU","registeredUserId":"A2F07N8TDIAK5U","sourceDevice":"{\"deviceSerialNumber\":\"B0F00712518400WN\",\"deviceType\":\"AB72C64C86AW2\"}","timestamp":1526389561195,"utteranceId":"AB72C64C86AW2:1.0/2018/05/15/13/B0F00712518400WN/05:54::TNIH_2V.d9e382ee-4be6-4125-9fb2-293c8fe36ce7ZXV","version":1},{"activityItemData":"{\"ttsText\":\"Hi!\",\"voiceName\":\"en_us_nina\",\"ssml\":\"<speak><prosody volume=\\\"x-loud\\\"><p xmlns:ivona=\\\"http://www.ivona.com/2009/12/ssml\\\" xmlns:amazon=\\\"https://amazon.com/ssml/2017-01-01/\\\">Hi!<\\/p><\\/prosody><metadata><promptMetadata><promptId>AnswerSsml<\\/promptId><namespace>SmartDJ.MusicQA<\\/namespace><locale>en_US<\\/locale><overrideId>default<\\/overrideId><variant>809dfcd2-2807-4eaf-93e9-1130c2db01fa<\\/variant><condition/><weight>1<\\/weight><stageVersion>Adm-20141203_202706-183<\\/stageVersion><promptData><replyType/><answer>&lt;p xmlns:ivona=\\\"http://www.ivona.com/2009/12/ssml\\\" xmlns:amazon=\\\"https://amazon.com/ssml/2017-01-01/\\\"&gt;Hi!&lt;/p&gt;<\\/answer><promptID>AnswerSsml<\\/promptID><namespace>SmartDJ.MusicQA<\\/namespace><overrideId/><prosodyPreRenderHook/><expectations/><\\/promptData><\\/promptMetadata><\\/metadata><\\/speak>\",\"ttsServiceVersion\":\"unknown\",\"asrText\":\"\",\"ttsRequestId\":\"unknown\"}","description":null,"feedbackAttributes":null,"id":"eyJyZWdpc3RlcmVkVXNlcklkIjoiQTJGMDdOOFRESUFLNVUiLCJlbnRyeUlkIjoiMTUyNjM4OTU2MTE5NCNBQjcyQzY0Qzg2QVcyI0IwRjAwNzEyNTE4NDAwV04jMTUyNjM4OTU2MTE5Ni0yIn0","itemType":"TTS","registeredUserId":"A2F07N8TDIAK5U","sourceDevice":"{\"deviceSerialNumber\":\"B0F00712518400WN\",\"deviceType\":\"AB72C64C86AW2\"}","timestamp":1526389561196,"utteranceId":"AB72C64C86AW2:1.0/2018/05/15/13/B0F00712518400WN/05:54::TNIH_2V.d9e382ee-4be6-4125-9fb2-293c8fe36ce7ZXV","version":1}]}