{"activityDialogItems":[{"activityItemData":"{\"ttsText\":\"\",\"utteranceId\":\"AB72C64C86AW2:1.0/2018/05/16/13/B0F00712518400WN/35:18::TNIH_2V.428d7080-bcd8-4cbd-b850-bad5e067cd4dZXV/0\",\"endOfSpeechTimeInMillis\":1526477718380,\"isFalseWakeWord\":false,\"asrText\":\"alexa\"}","description":null,"feedbackAttributes":null,"id":"eyJyZWdpc3RlcmVkVXNlcklkIjoiQTJGMDdOOFRESUFLNVUiLCJlbnRyeUlkIjoiMTUyNjQ3NzcxODkzMCNBQjcyQzY0Qzg2QVcyI0IwRjAwNzEyNTE4NDAwV04jMTUyNjQ3NzcxODM4MC0wIn0","itemType":"ASR","registeredUserId":"A2F07N8TDIAK5U","sourceDevice":"{\"deviceSerialNumber\":\"B0F00712518400WN\",\"deviceType\":\"AB72C64C86AW2\"}","timestamp":1526477718380,"utteranceId":"AB72C64C86AW2:1.0/2018/05/16/13/B0F00712518400WN/35:18::TNIH_2V.428d7080-bcd8-4cbd-b850-bad5e067cd4dZXV","version":1},{"activityItemData":"{\"ttsText\":\"\",\"intentType\":\"WakeWordIntent\",\"slots\":[],\"confidenceValue\":\"1.0\",\"domainType\":\"System\",\"nbestIntentIndex\":0,\"asrText\":\"\"}","description":null,"feedbackAttributes":null,"id":"eyJyZWdpc3RlcmVkVXNlcklkIjoiQTJGMDdOOFRESUFLNVUiLCJlbnRyeUlkIjoiMTUyNjQ3NzcxODkzMCNBQjcyQzY0Qzg2QVcyI0IwRjAwNzEyNTE4NDAwV04jMTUyNjQ3NzcxODkzMS0xIn0","itemType":"NLU","registeredUserId":"A2F07N8TDIAK5U","sourceDevice":"{\"deviceSerialNumber\":\"B0F00712518400WN\",\"deviceType\":\"AB72C64C86AW2\"}","timestamp":1526477718931,"utteranceId":"AB72C64C86AW2:1.0/2018/05/16/13/B0F00712518400WN/35:18::TNIH_2V.428d7080-bcd8-4cbd-b850-bad5e067cd4dZXV","version":1}]}