{"devicePreferences":[{"appDeviceList":[{"deviceAccountId":"A0529216353ZKG8WU9M6O","deviceType":"A2TF17PFR55MTB","serialNumber":"515cefc2f44e41dc9b6a4f7d54820900"}],"deviceAccountId":"A0529216353ZKG8WU9M6O","deviceAddress":null,"deviceAddressModel":{"address1":null,"address2":null,"address3":null,"city":null,"countryCode":null,"county":null,"district":null,"houseNumber":null,"label":null,"postalCode":"98109","state":null,"street":null},"deviceAddressSettingsVersion":0,"deviceSerialNumber":"515cefc2f44e41dc9b6a4f7d54820900","deviceType":"A2TF17PFR55MTB","dialingPrefix":null,"distanceUnits":"IMPERIAL","firstRunCompleted":true,"goldfishEnabled":false,"locale":"en-us","notificationEarconEnabled":true,"overrideDeviceAddressValidation":false,"peonyEnabled":false,"postalCode":"98109","providerPreference":"BELL","responseStyle":"CONCISE","searchCustomerId":"A2F07N8TDIAK5U","supportedLocales":[],"temperatureScale":"FAHRENHEIT","timeZoneId":"Europe/Zurich","timeZoneRegion":""},{"appDeviceList":[{"deviceAccountId":"AGQS6C6RFOZF","deviceType":"A1MPSLFC7L5AFK","serialNumber":"6eb18f2fca814f8797c4d970557e435d"}],"deviceAccountId":"AGQS6C6RFOZF","deviceAddress":"Avenue Forel, Lausanne, VD, CH","deviceAddressModel":{"address1":"Avenue Forel","address2":null,"address3":null,"city":"Lausanne","countryCode":"CH","county":null,"district":null,"houseNumber":null,"label":null,"postalCode":"1015","state":"VD","street":"Avenue Forel"},"deviceAddressSettingsVersion":0,"deviceSerialNumber":"6eb18f2fca814f8797c4d970557e435d","deviceType":"A1MPSLFC7L5AFK","dialingPrefix":null,"distanceUnits":"METRIC","firstRunCompleted":true,"goldfishEnabled":false,"locale":"en-us","notificationEarconEnabled":true,"overrideDeviceAddressValidation":false,"peonyEnabled":false,"postalCode":"1015","providerPreference":"BELL","responseStyle":"CONCISE","searchCustomerId":"A2F07N8TDIAK5U","supportedLocales":[],"temperatureScale":"CELSIUS","timeZoneId":"Europe/Paris","timeZoneRegion":"EUROPE"}]}