{"activityDialogItems":[{"activityItemData":"{\"ttsText\":\"\",\"utteranceId\":\"AB72C64C86AW2:1.0/2018/05/15/13/B0F00712518400WN/06:47::TNIH_2V.a1ba6bee-35f3-4781-a64e-80c704c42cd6ZXV/0\",\"endOfSpeechTimeInMillis\":1526389607480,\"isFalseWakeWord\":false,\"asrText\":\"alexa\"}","description":null,"feedbackAttributes":null,"id":"eyJyZWdpc3RlcmVkVXNlcklkIjoiQTJGMDdOOFRESUFLNVUiLCJlbnRyeUlkIjoiMTUyNjM4OTYwNzg1MyNBQjcyQzY0Qzg2QVcyI0IwRjAwNzEyNTE4NDAwV04jMTUyNjM4OTYwNzQ4MC0wIn0","itemType":"ASR","registeredUserId":"A2F07N8TDIAK5U","sourceDevice":"{\"deviceType\":\"AB72C64C86AW2\",\"deviceSerialNumber\":\"B0F00712518400WN\"}","timestamp":1526389607480,"utteranceId":"AB72C64C86AW2:1.0/2018/05/15/13/B0F00712518400WN/06:47::TNIH_2V.a1ba6bee-35f3-4781-a64e-80c704c42cd6ZXV","version":1},{"activityItemData":"{\"ttsText\":\"\",\"intentType\":\"WakeWordIntent\",\"slots\":[],\"confidenceValue\":\"1.0\",\"domainType\":\"System\",\"nbestIntentIndex\":0,\"asrText\":\"\"}","description":null,"feedbackAttributes":null,"id":"eyJyZWdpc3RlcmVkVXNlcklkIjoiQTJGMDdOOFRESUFLNVUiLCJlbnRyeUlkIjoiMTUyNjM4OTYwNzg1MyNBQjcyQzY0Qzg2QVcyI0IwRjAwNzEyNTE4NDAwV04jMTUyNjM4OTYwNzg1NC0xIn0","itemType":"NLU","registeredUserId":"A2F07N8TDIAK5U","sourceDevice":"{\"deviceType\":\"AB72C64C86AW2\",\"deviceSerialNumber\":\"B0F00712518400WN\"}","timestamp":1526389607854,"utteranceId":"AB72C64C86AW2:1.0/2018/05/15/13/B0F00712518400WN/06:47::TNIH_2V.a1ba6bee-35f3-4781-a64e-80c704c42cd6ZXV","version":1}]}