{"activityDialogItems":[{"activityItemData":"{\"ttsText\":\"\",\"utteranceId\":\"AB72C64C86AW2:1.0/2018/05/15/13/B0F00712518400WN/05:43::TNIH_2V.1c3c78aa-5535-464c-82a4-af1b8b60454bZXV/0\",\"endOfSpeechTimeInMillis\":1526389543976,\"isFalseWakeWord\":false,\"asrText\":\"alexa\"}","description":null,"feedbackAttributes":null,"id":"eyJyZWdpc3RlcmVkVXNlcklkIjoiQTJGMDdOOFRESUFLNVUiLCJlbnRyeUlkIjoiMTUyNjM4OTU0NDM4MiNBQjcyQzY0Qzg2QVcyI0IwRjAwNzEyNTE4NDAwV04jMTUyNjM4OTU0Mzk3Ni0wIn0","itemType":"ASR","registeredUserId":"A2F07N8TDIAK5U","sourceDevice":"{\"deviceType\":\"AB72C64C86AW2\",\"deviceSerialNumber\":\"B0F00712518400WN\"}","timestamp":1526389543976,"utteranceId":"AB72C64C86AW2:1.0/2018/05/15/13/B0F00712518400WN/05:43::TNIH_2V.1c3c78aa-5535-464c-82a4-af1b8b60454bZXV","version":1},{"activityItemData":"{\"ttsText\":\"\",\"intentType\":\"WakeWordIntent\",\"slots\":[],\"confidenceValue\":\"1.0\",\"domainType\":\"System\",\"nbestIntentIndex\":0,\"asrText\":\"\"}","description":null,"feedbackAttributes":null,"id":"eyJyZWdpc3RlcmVkVXNlcklkIjoiQTJGMDdOOFRESUFLNVUiLCJlbnRyeUlkIjoiMTUyNjM4OTU0NDM4MiNBQjcyQzY0Qzg2QVcyI0IwRjAwNzEyNTE4NDAwV04jMTUyNjM4OTU0NDM4My0xIn0","itemType":"NLU","registeredUserId":"A2F07N8TDIAK5U","sourceDevice":"{\"deviceType\":\"AB72C64C86AW2\",\"deviceSerialNumber\":\"B0F00712518400WN\"}","timestamp":1526389544383,"utteranceId":"AB72C64C86AW2:1.0/2018/05/15/13/B0F00712518400WN/05:43::TNIH_2V.1c3c78aa-5535-464c-82a4-af1b8b60454bZXV","version":1}]}