{"activityDialogItems":[{"activityItemData":"{\"ttsText\":\"\",\"utteranceId\":\"AB72C64C86AW2:1.0/2018/05/15/09/B0F00712518400WN/27:12::TNIH_2V.d04c837c-defa-48b6-8fc4-cd1fed46b5acZXV\",\"endOfSpeechTimeInMillis\":1526376437142,\"isFalseWakeWord\":false,\"asrText\":\"\"}","description":null,"feedbackAttributes":null,"id":"eyJyZWdpc3RlcmVkVXNlcklkIjoiQTJGMDdOOFRESUFLNVUiLCJlbnRyeUlkIjoiMTUyNjM3NjQzNzE0MiNBQjcyQzY0Qzg2QVcyI0IwRjAwNzEyNTE4NDAwV04jMTUyNjM3NjQzNzE0Mi0wIn0","itemType":"ASR","registeredUserId":"A2F07N8TDIAK5U","sourceDevice":"{\"deviceSerialNumber\":\"B0F00712518400WN\",\"deviceType\":\"AB72C64C86AW2\"}","timestamp":1526376437142,"utteranceId":"AB72C64C86AW2:1.0/2018/05/15/09/B0F00712518400WN/27:12::TNIH_2V.d04c837c-defa-48b6-8fc4-cd1fed46b5acZXV","version":1},{"activityItemData":"{\"ttsText\":\"\",\"intentType\":\"Unknown\",\"slots\":null,\"confidenceValue\":null,\"domainType\":\"Echo.SDK\",\"nbestIntentIndex\":0,\"asrText\":\"\"}","description":null,"feedbackAttributes":null,"id":"eyJyZWdpc3RlcmVkVXNlcklkIjoiQTJGMDdOOFRESUFLNVUiLCJlbnRyeUlkIjoiMTUyNjM3NjQzNzE0MiNBQjcyQzY0Qzg2QVcyI0IwRjAwNzEyNTE4NDAwV04jMTUyNjM3NjQzNzE0My0xIn0","itemType":"NLU","registeredUserId":"A2F07N8TDIAK5U","sourceDevice":"{\"deviceSerialNumber\":\"B0F00712518400WN\",\"deviceType\":\"AB72C64C86AW2\"}","timestamp":1526376437143,"utteranceId":"AB72C64C86AW2:1.0/2018/05/15/09/B0F00712518400WN/27:12::TNIH_2V.d04c837c-defa-48b6-8fc4-cd1fed46b5acZXV","version":1}]}