{"lists":[{"archived":false,"createdDate":1530443860388,"customerId":"A2F07N8TDIAK5U","defaultList":true,"itemId":"YW16bjEuYWNjb3VudC5BRVdXVVJGTEhXQlRWWFhSS0w1VUdGSlY3NkJRLVNIT1BQSU5HX0lURU0=","listIds":["YW16bjEuYWNjb3VudC5BRVdXVVJGTEhXQlRWWFhSS0w1VUdGSlY3NkJRLVNIT1BQSU5HX0lURU0="],"name":null,"nbestItems":null,"originalAudioId":null,"type":"SHOPPING_LIST","updatedDate":1530443860388,"version":1},{"archived":false,"createdDate":1530443860388,"customerId":"A2F07N8TDIAK5U","defaultList":true,"itemId":"YW16bjEuYWNjb3VudC5BRVdXVVJGTEhXQlRWWFhSS0w1VUdGSlY3NkJRLVRBU0s=","listIds":["YW16bjEuYWNjb3VudC5BRVdXVVJGTEhXQlRWWFhSS0w1VUdGSlY3NkJRLVRBU0s="],"name":null,"nbestItems":null,"originalAudioId":null,"type":"TO_DO","updatedDate":1530443860388,"version":1}]}