{"activityDialogItems":[{"activityItemData":"{\"ttsText\":\"\",\"utteranceId\":\"AB72C64C86AW2:1.0/2018/05/16/13/B0F00712518400WN/34:58::TNIH_2V.4ebe6e51-a847-40d1-a8e0-d519e71873dfZXV/0\",\"endOfSpeechTimeInMillis\":1526477701260,\"isFalseWakeWord\":false,\"asrText\":\"incredible\"}","description":null,"feedbackAttributes":null,"id":"eyJyZWdpc3RlcmVkVXNlcklkIjoiQTJGMDdOOFRESUFLNVUiLCJlbnRyeUlkIjoiMTUyNjQ3NzcwMjQ4NyNBQjcyQzY0Qzg2QVcyI0IwRjAwNzEyNTE4NDAwV04jMTUyNjQ3NzcwMTI2MC0wIn0","itemType":"ASR","registeredUserId":"A2F07N8TDIAK5U","sourceDevice":"{\"deviceType\":\"AB72C64C86AW2\",\"deviceSerialNumber\":\"B0F00712518400WN\"}","timestamp":1526477701260,"utteranceId":"AB72C64C86AW2:1.0/2018/05/16/13/B0F00712518400WN/34:58::TNIH_2V.4ebe6e51-a847-40d1-a8e0-d519e71873dfZXV/0","version":1},{"activityItemData":"{\"ttsText\":\"\",\"intentType\":\"QAIntent\",\"slots\":null,\"confidenceValue\":null,\"domainType\":\"UNKNOWN\",\"nbestIntentIndex\":0,\"asrText\":\"\"}","description":null,"feedbackAttributes":null,"id":"eyJyZWdpc3RlcmVkVXNlcklkIjoiQTJGMDdOOFRESUFLNVUiLCJlbnRyeUlkIjoiMTUyNjQ3NzcwMjQ4NyNBQjcyQzY0Qzg2QVcyI0IwRjAwNzEyNTE4NDAwV04jMTUyNjQ3NzcwMjQ4OC0xIn0","itemType":"NLU","registeredUserId":"A2F07N8TDIAK5U","sourceDevice":"{\"deviceType\":\"AB72C64C86AW2\",\"deviceSerialNumber\":\"B0F00712518400WN\"}","timestamp":1526477702488,"utteranceId":"AB72C64C86AW2:1.0/2018/05/16/13/B0F00712518400WN/34:58::TNIH_2V.4ebe6e51-a847-40d1-a8e0-d519e71873dfZXV/0","version":1},{"activityItemData":"{\"ttsText\":\"I'm not quite sure how to help you with that.\",\"voiceName\":\"en_us_nina\",\"ssml\":\"<speak><prosody volume=\\\"x-loud\\\">I&apos;m not quite sure how to help you with that.<\\/prosody><metadata><promptMetadata><promptId>Error.SpeechletEngine<\\/promptId><namespace>Platform<\\/namespace><locale>en_US<\\/locale><overrideId>default<\\/overrideId><variant>239246fd-9ce7-45ff-a79c-e11448986ae8<\\/variant><condition/><weight>1<\\/weight><stageVersion>Adm-835<\\/stageVersion><promptData><slots>{Question={\\\"interpretationList\\\":[]}}<\\/slots><replyType/><defaultErrorExpression>Sorry, I had a problem handling your request.<\\/defaultErrorExpression><promptID>Error.SpeechletEngine<\\/promptID><namespace>Platform<\\/namespace><overrideId>QAIntent<\\/overrideId><prosodyPreRenderHook/><expectations/><\\/promptData><\\/promptMetadata><\\/metadata><\\/speak>\",\"ttsServiceVersion\":\"unknown\",\"asrText\":\"\",\"ttsRequestId\":\"unknown\"}","description":null,"feedbackAttributes":null,"id":"eyJyZWdpc3RlcmVkVXNlcklkIjoiQTJGMDdOOFRESUFLNVUiLCJlbnRyeUlkIjoiMTUyNjQ3NzcwMjQ4NyNBQjcyQzY0Qzg2QVcyI0IwRjAwNzEyNTE4NDAwV04jMTUyNjQ3NzcwMjQ4OS0yIn0","itemType":"TTS","registeredUserId":"A2F07N8TDIAK5U","sourceDevice":"{\"deviceType\":\"AB72C64C86AW2\",\"deviceSerialNumber\":\"B0F00712518400WN\"}","timestamp":1526477702489,"utteranceId":"AB72C64C86AW2:1.0/2018/05/16/13/B0F00712518400WN/34:58::TNIH_2V.4ebe6e51-a847-40d1-a8e0-d519e71873dfZXV/0","version":1}]}