{"activityDialogItems":[{"activityItemData":"{\"ttsText\":\"\",\"utteranceId\":\"AB72C64C86AW2:1.0/2018/05/17/08/B0F00712518400WN/22:08::TNIH_2V.072f16a3-5c46-45db-99e7-967463fe9020ZXV/0\",\"endOfSpeechTimeInMillis\":1526545328869,\"isFalseWakeWord\":false,\"asrText\":\"alexa\"}","description":null,"feedbackAttributes":null,"id":"eyJyZWdpc3RlcmVkVXNlcklkIjoiQTJGMDdOOFRESUFLNVUiLCJlbnRyeUlkIjoiMTUyNjU0NTMyOTIyOSNBQjcyQzY0Qzg2QVcyI0IwRjAwNzEyNTE4NDAwV04jMTUyNjU0NTMyODg2OS0wIn0","itemType":"ASR","registeredUserId":"A2F07N8TDIAK5U","sourceDevice":"{\"deviceType\":\"AB72C64C86AW2\",\"deviceSerialNumber\":\"B0F00712518400WN\"}","timestamp":1526545328869,"utteranceId":"AB72C64C86AW2:1.0/2018/05/17/08/B0F00712518400WN/22:08::TNIH_2V.072f16a3-5c46-45db-99e7-967463fe9020ZXV","version":1},{"activityItemData":"{\"ttsText\":\"\",\"intentType\":\"WakeWordIntent\",\"slots\":[],\"confidenceValue\":\"1.0\",\"domainType\":\"System\",\"nbestIntentIndex\":0,\"asrText\":\"\"}","description":null,"feedbackAttributes":null,"id":"eyJyZWdpc3RlcmVkVXNlcklkIjoiQTJGMDdOOFRESUFLNVUiLCJlbnRyeUlkIjoiMTUyNjU0NTMyOTIyOSNBQjcyQzY0Qzg2QVcyI0IwRjAwNzEyNTE4NDAwV04jMTUyNjU0NTMyOTIzMC0xIn0","itemType":"NLU","registeredUserId":"A2F07N8TDIAK5U","sourceDevice":"{\"deviceType\":\"AB72C64C86AW2\",\"deviceSerialNumber\":\"B0F00712518400WN\"}","timestamp":1526545329230,"utteranceId":"AB72C64C86AW2:1.0/2018/05/17/08/B0F00712518400WN/22:08::TNIH_2V.072f16a3-5c46-45db-99e7-967463fe9020ZXV","version":1}]}