{"activityDialogItems":[{"activityItemData":"{\"ttsText\":\"\",\"utteranceId\":\"AB72C64C86AW2:1.0/2018/05/15/13/B0F00712518400WN/07:28::TNIH_2V.0e3693f7-962b-45e3-9842-d897b692c9d7ZXV/1\",\"endOfSpeechTimeInMillis\":1526389650770,\"isFalseWakeWord\":false,\"asrText\":\"did you have another story\"}","description":null,"feedbackAttributes":null,"id":"eyJyZWdpc3RlcmVkVXNlcklkIjoiQTJGMDdOOFRESUFLNVUiLCJlbnRyeUlkIjoiMTUyNjM4OTY1MTM4OCNBQjcyQzY0Qzg2QVcyI0IwRjAwNzEyNTE4NDAwV04jMTUyNjM4OTY1MDc3MC0wIn0","itemType":"ASR","registeredUserId":"A2F07N8TDIAK5U","sourceDevice":"{\"deviceType\":\"AB72C64C86AW2\",\"deviceSerialNumber\":\"B0F00712518400WN\"}","timestamp":1526389650770,"utteranceId":"AB72C64C86AW2:1.0/2018/05/15/13/B0F00712518400WN/07:28::TNIH_2V.0e3693f7-962b-45e3-9842-d897b692c9d7ZXV","version":1},{"activityItemData":"{\"ttsText\":\"\",\"intentType\":\"QAIntent\",\"slots\":[{\"name\":\"Answer\",\"value\":null},{\"name\":\"AnaphorListFromEvi\",\"value\":null},{\"name\":\"Anaphor\",\"value\":null},{\"name\":\"ApplicationDataSlot\",\"value\":null},{\"name\":\"Question\",\"value\":\"{\\\"interpretationList\\\":[]}\"},{\"name\":\"ResolvedAnaphorList\",\"value\":null}],\"confidenceValue\":\"0.4694437892902463\",\"domainType\":\"Knowledge\",\"nbestIntentIndex\":0,\"asrText\":\"\"}","description":null,"feedbackAttributes":null,"id":"eyJyZWdpc3RlcmVkVXNlcklkIjoiQTJGMDdOOFRESUFLNVUiLCJlbnRyeUlkIjoiMTUyNjM4OTY1MTM4OCNBQjcyQzY0Qzg2QVcyI0IwRjAwNzEyNTE4NDAwV04jMTUyNjM4OTY1MTM4OS0xIn0","itemType":"NLU","registeredUserId":"A2F07N8TDIAK5U","sourceDevice":"{\"deviceType\":\"AB72C64C86AW2\",\"deviceSerialNumber\":\"B0F00712518400WN\"}","timestamp":1526389651389,"utteranceId":"AB72C64C86AW2:1.0/2018/05/15/13/B0F00712518400WN/07:28::TNIH_2V.0e3693f7-962b-45e3-9842-d897b692c9d7ZXV","version":1},{"activityItemData":"{\"ttsText\":\"Sorry, I don't know that one.\",\"voiceName\":\"en_us_nina\",\"ssml\":\"<speak><prosody volume=\\\"x-loud\\\">Sorry, I don&apos;t know that one.<\\/prosody><metadata><promptMetadata><promptId>NotUnderstood<\\/promptId><namespace>SmartDJ.MusicQA<\\/namespace><locale>en_US<\\/locale><overrideId>default<\\/overrideId><variant>2017_Variant 2<\\/variant><condition/><weight>1<\\/weight><stageVersion>Adm-20170421_205241-113<\\/stageVersion><promptData><replyType/><promptID>NotUnderstood<\\/promptID><namespace>SmartDJ.MusicQA<\\/namespace><overrideId/><prosodyPreRenderHook/><expectations/><\\/promptData><\\/promptMetadata><\\/metadata><\\/speak>\",\"ttsServiceVersion\":\"unknown\",\"asrText\":\"\",\"ttsRequestId\":\"unknown\"}","description":null,"feedbackAttributes":null,"id":"eyJyZWdpc3RlcmVkVXNlcklkIjoiQTJGMDdOOFRESUFLNVUiLCJlbnRyeUlkIjoiMTUyNjM4OTY1MTM4OCNBQjcyQzY0Qzg2QVcyI0IwRjAwNzEyNTE4NDAwV04jMTUyNjM4OTY1MTM5MC0yIn0","itemType":"TTS","registeredUserId":"A2F07N8TDIAK5U","sourceDevice":"{\"deviceType\":\"AB72C64C86AW2\",\"deviceSerialNumber\":\"B0F00712518400WN\"}","timestamp":1526389651390,"utteranceId":"AB72C64C86AW2:1.0/2018/05/15/13/B0F00712518400WN/07:28::TNIH_2V.0e3693f7-962b-45e3-9842-d897b692c9d7ZXV","version":1}]}