{"activityDialogItems":[{"activityItemData":"{\"ttsText\":\"\",\"utteranceId\":\"AB72C64C86AW2:1.0/2018/05/15/13/B0F00712518400WN/06:03::TNIH_2V.e59c1388-41bb-4e9f-aedd-1bc8eb9c666dZXV/0\",\"endOfSpeechTimeInMillis\":1526389565529,\"isFalseWakeWord\":false,\"asrText\":\"alexa how are you\"}","description":null,"feedbackAttributes":null,"id":"eyJyZWdpc3RlcmVkVXNlcklkIjoiQTJGMDdOOFRESUFLNVUiLCJlbnRyeUlkIjoiMTUyNjM4OTU2NjE1NCNBQjcyQzY0Qzg2QVcyI0IwRjAwNzEyNTE4NDAwV04jMTUyNjM4OTU2NTUyOS0wIn0","itemType":"ASR","registeredUserId":"A2F07N8TDIAK5U","sourceDevice":"{\"deviceType\":\"AB72C64C86AW2\",\"deviceSerialNumber\":\"B0F00712518400WN\"}","timestamp":1526389565529,"utteranceId":"AB72C64C86AW2:1.0/2018/05/15/13/B0F00712518400WN/06:03::TNIH_2V.e59c1388-41bb-4e9f-aedd-1bc8eb9c666dZXV","version":1},{"activityItemData":"{\"ttsText\":\"\",\"intentType\":\"PhaticIntent\",\"slots\":[{\"name\":\"InterpretationFromEvi\",\"value\":\"[{\\\"templateId\\\":null,\\\"interpretationId\\\":\\\"a34f8238-36ba-4f7d-b52c-b468ebb8af66\\\",\\\"templateScore\\\":0.0,\\\"matchedQuestion\\\":\\\"How are you\\\",\\\"domains\\\":[\\\"[editorial response]\\\",\\\"[phatic domain]\\\",\\\"[background-color: #F15B00]\\\"],\\\"interpretedQuery\\\":{\\\"queryString\\\":\\\"query x | x [is a editorial service response match to] [\\\\\\\"how are you\\\\\\\"]\\\",\\\"anaphoricEntities\\\":null,\\\"queryMappings\\\":[],\\\"queryContext\\\":[],\\\"environment\\\":{\\\"environmentName\\\":null,\\\"tenantName\\\":\\\"Doppler\\\",\\\"deviceType\\\":\\\"AB72C64C86AW2\\\",\\\"deviceId\\\":\\\"B0F00712518400WN\\\",\\\"customerId\\\":\\\"A2F07N8TDIAK5U\\\",\\\"knowledgeStore\\\":null,\\\"eviInternalTenantName\\\":null,\\\"locale\\\":\\\"en-US\\\",\\\"countryOfResidence\\\":\\\"US\\\",\\\"marketplaceId\\\":\\\"ATVPDKIKX0DER\\\",\\\"overrideCache\\\":false,\\\"acefversion\\\":null},\\\"matchedQuestion\\\":\\\"how are you\\\",\\\"metadata\\\":{\\\"tenantName\\\":\\\"Doppler\\\",\\\"deviceType\\\":\\\"AB72C64C86AW2\\\",\\\"deviceId\\\":\\\"B0F00712518400WN\\\",\\\"customerId\\\":\\\"A2F07N8TDIAK5U\\\",\\\"referenceTime\\\":\\\"2018-05-15T15:06:06.163+02:00\\\",\\\"locale\\\":\\\"en-US\\\",\\\"countryOfResidence\\\":\\\"US\\\",\\\"marketplaceId\\\":\\\"ATVPDKIKX0DER\\\",\\\"customerRenderingPreferences\\\":null,\\\"understandSource\\\":null,\\\"answerSource\\\":null},\\\"overrides\\\":{\\\"environmentName\\\":null,\\\"knowledgeStore\\\":null,\\\"eviInternalTenantName\\\":null,\\\"maxInterpretations\\\":0,\\\"overrideCache\\\":false,\\\"betaCustomer\\\":false,\\\"acefversion\\\":null,\\\"nlgstrategy\\\":null},\\\"queryId\\\":null},\\\"provisionalAnswer\\\":{\\\"answerText\\\":\\\"All systems go!\\\",\\\"answerSSML\\\":\\\"<?xml version=\\\\\\\"1.0\\\\\\\" encoding=\\\\\\\"UTF-8\\\\\\\" standalone=\\\\\\\"no\\\\\\\" ?><speak xmlns=\\\\\\\"http://www.w3.org/2001/10/synthesis\\\\\\\" version=\\\\\\\"1.1\\\\\\\" xml:lang=\\\\\\\"en-US\\\\\\\" xmlns:xsi=\\\\\\\"http://www.w3.org/2001/XMLSchema-instance\\\\\\\" xsi:schemaLocation=\\\\\\\"http://www.w3.org/2001/10/synthesis http://www.w3.org/TR/speech-synthesis11/synthesis.xsd\\\\\\\"><p xmlns:ivona=\\\\\\\"http://www.ivona.com/2009/12/ssml\\\\\\\" xmlns:amazon=\\\\\\\"https://amazon.com/ssml/2017-01-01/\\\\\\\">All systems go!<\\/p><\\/speak>\\\",\\\"answerEntities\\\":[{\\\"id\\\":\\\"[fake editorial entity]\\\",\\\"usage\\\":null,\\\"type\\\":null,\\\"properties\\\":[{\\\"key\\\":\\\"background-color\\\",\\\"value\\\":\\\"#F15B00\\\",\\\"source\\\":null,\\\"sourceUrl\\\":null,\\\"tkid\\\":null},{\\\"key\\\":\\\"suppress-card\\\",\\\"value\\\":\\\"false\\\",\\\"source\\\":null,\\\"sourceUrl\\\":null,\\\"tkid\\\":null}]}]},\\\"confidence\\\":{\\\"bin\\\":\\\"HIGH\\\",\\\"value\\\":1.0},\\\"layer\\\":\\\"EDITORIAL\\\",\\\"anaphora\\\":null,\\\"metadata\\\":{\\\"tenantName\\\":\\\"Doppler\\\",\\\"deviceType\\\":\\\"AB72C64C86AW2\\\",\\\"deviceId\\\":\\\"B0F00712518400WN\\\",\\\"customerId\\\":\\\"A2F07N8TDIAK5U\\\",\\\"referenceTime\\\":\\\"2018-05-15T15:06:06.163+02:00\\\",\\\"locale\\\":\\\"en-US\\\",\\\"countryOfResidence\\\":\\\"US\\\",\\\"marketplaceId\\\":\\\"ATVPDKIKX0DER\\\",\\\"customerRenderingPreferences\\\":null,\\\"understandSource\\\":\\\"highPriorityEditorial\\\",\\\"answerSource\\\":null}}]\"},{\"name\":\"ApplicationDataSlot\",\"value\":null},{\"name\":\"Question\",\"value\":null}],\"confidenceValue\":\"1.0\",\"domainType\":\"Phatic\",\"nbestIntentIndex\":0,\"asrText\":\"\"}","description":null,"feedbackAttributes":null,"id":"eyJyZWdpc3RlcmVkVXNlcklkIjoiQTJGMDdOOFRESUFLNVUiLCJlbnRyeUlkIjoiMTUyNjM4OTU2NjE1NCNBQjcyQzY0Qzg2QVcyI0IwRjAwNzEyNTE4NDAwV04jMTUyNjM4OTU2NjE1NS0xIn0","itemType":"NLU","registeredUserId":"A2F07N8TDIAK5U","sourceDevice":"{\"deviceType\":\"AB72C64C86AW2\",\"deviceSerialNumber\":\"B0F00712518400WN\"}","timestamp":1526389566155,"utteranceId":"AB72C64C86AW2:1.0/2018/05/15/13/B0F00712518400WN/06:03::TNIH_2V.e59c1388-41bb-4e9f-aedd-1bc8eb9c666dZXV","version":1},{"activityItemData":"{\"ttsText\":\"All systems go!\",\"voiceName\":\"en_us_nina\",\"ssml\":\"<speak><prosody volume=\\\"x-loud\\\"><p xmlns:ivona=\\\"http://www.ivona.com/2009/12/ssml\\\" xmlns:amazon=\\\"https://amazon.com/ssml/2017-01-01/\\\">All systems go!<\\/p><\\/prosody><metadata><promptMetadata><promptId>AnswerSsml<\\/promptId><namespace>SmartDJ.MusicQA<\\/namespace><locale>en_US<\\/locale><overrideId>default<\\/overrideId><variant>809dfcd2-2807-4eaf-93e9-1130c2db01fa<\\/variant><condition/><weight>1<\\/weight><stageVersion>Adm-20141203_202706-183<\\/stageVersion><promptData><replyType/><answer>&lt;p xmlns:ivona=\\\"http://www.ivona.com/2009/12/ssml\\\" xmlns:amazon=\\\"https://amazon.com/ssml/2017-01-01/\\\"&gt;All systems go!&lt;/p&gt;<\\/answer><promptID>AnswerSsml<\\/promptID><namespace>SmartDJ.MusicQA<\\/namespace><overrideId/><prosodyPreRenderHook/><expectations/><\\/promptData><\\/promptMetadata><\\/metadata><\\/speak>\",\"ttsServiceVersion\":\"unknown\",\"asrText\":\"\",\"ttsRequestId\":\"unknown\"}","description":null,"feedbackAttributes":null,"id":"eyJyZWdpc3RlcmVkVXNlcklkIjoiQTJGMDdOOFRESUFLNVUiLCJlbnRyeUlkIjoiMTUyNjM4OTU2NjE1NCNBQjcyQzY0Qzg2QVcyI0IwRjAwNzEyNTE4NDAwV04jMTUyNjM4OTU2NjE1Ni0yIn0","itemType":"TTS","registeredUserId":"A2F07N8TDIAK5U","sourceDevice":"{\"deviceType\":\"AB72C64C86AW2\",\"deviceSerialNumber\":\"B0F00712518400WN\"}","timestamp":1526389566156,"utteranceId":"AB72C64C86AW2:1.0/2018/05/15/13/B0F00712518400WN/06:03::TNIH_2V.e59c1388-41bb-4e9f-aedd-1bc8eb9c666dZXV","version":1}]}