{"activityDialogItems":[{"activityItemData":"{\"ttsText\":\"\",\"utteranceId\":\"AB72C64C86AW2:1.0/2018/05/17/08/B0F00712518400WN/22:24::TNIH_2V.9f80b65c-455f-4c91-ae96-f1758bcc6230ZXV\",\"endOfSpeechTimeInMillis\":0,\"isFalseWakeWord\":false,\"asrText\":\"\"}","description":null,"feedbackAttributes":null,"id":"eyJyZWdpc3RlcmVkVXNlcklkIjoiQTJGMDdOOFRESUFLNVUiLCJlbnRyeUlkIjoiMTUyNjU0NTM0NTQzOSNBQjcyQzY0Qzg2QVcyI0IwRjAwNzEyNTE4NDAwV04jMC0wIn0","itemType":"ASR","registeredUserId":"A2F07N8TDIAK5U","sourceDevice":"{\"deviceSerialNumber\":\"B0F00712518400WN\",\"deviceType\":\"AB72C64C86AW2\"}","timestamp":0,"utteranceId":"AB72C64C86AW2:1.0/2018/05/17/08/B0F00712518400WN/22:24::TNIH_2V.9f80b65c-455f-4c91-ae96-f1758bcc6230ZXV","version":1},{"activityItemData":"{\"ttsText\":\"\",\"intentType\":\"Unknown\",\"slots\":null,\"confidenceValue\":null,\"domainType\":\"Unknown\",\"nbestIntentIndex\":0,\"asrText\":\"\"}","description":null,"feedbackAttributes":null,"id":"eyJyZWdpc3RlcmVkVXNlcklkIjoiQTJGMDdOOFRESUFLNVUiLCJlbnRyeUlkIjoiMTUyNjU0NTM0NTQzOSNBQjcyQzY0Qzg2QVcyI0IwRjAwNzEyNTE4NDAwV04jMTUyNjU0NTM0NTQ0MC0xIn0","itemType":"NLU","registeredUserId":"A2F07N8TDIAK5U","sourceDevice":"{\"deviceSerialNumber\":\"B0F00712518400WN\",\"deviceType\":\"AB72C64C86AW2\"}","timestamp":1526545345440,"utteranceId":"AB72C64C86AW2:1.0/2018/05/17/08/B0F00712518400WN/22:24::TNIH_2V.9f80b65c-455f-4c91-ae96-f1758bcc6230ZXV","version":1}]}