{"activityDialogItems":[{"activityItemData":"{\"ttsText\":\"\",\"utteranceId\":\"AB72C64C86AW2:1.0/2018/05/15/13/B0F00712518400WN/06:47::TNIH_2V.a1ba6bee-35f3-4781-a64e-80c704c42cd6ZXV/2\",\"endOfSpeechTimeInMillis\":1526389609499,\"isFalseWakeWord\":false,\"asrText\":\"what's up\"}","description":null,"feedbackAttributes":null,"id":"eyJyZWdpc3RlcmVkVXNlcklkIjoiQTJGMDdOOFRESUFLNVUiLCJlbnRyeUlkIjoiMTUyNjM4OTYxMDU0MSNBQjcyQzY0Qzg2QVcyI0IwRjAwNzEyNTE4NDAwV04jMTUyNjM4OTYwOTQ5OS0wIn0","itemType":"ASR","registeredUserId":"A2F07N8TDIAK5U","sourceDevice":"{\"deviceSerialNumber\":\"B0F00712518400WN\",\"deviceType\":\"AB72C64C86AW2\"}","timestamp":1526389609499,"utteranceId":"AB72C64C86AW2:1.0/2018/05/15/13/B0F00712518400WN/06:47::TNIH_2V.a1ba6bee-35f3-4781-a64e-80c704c42cd6ZXV","version":1},{"activityItemData":"{\"ttsText\":\"\",\"intentType\":\"GetLatestReportIntent\",\"slots\":[{\"name\":\"ApplicationDataSlot\",\"value\":null},{\"name\":\"VisualModeTrigger\",\"value\":null}],\"confidenceValue\":\"1.0\",\"domainType\":\"DailyBriefing\",\"nbestIntentIndex\":0,\"asrText\":\"\"}","description":null,"feedbackAttributes":null,"id":"eyJyZWdpc3RlcmVkVXNlcklkIjoiQTJGMDdOOFRESUFLNVUiLCJlbnRyeUlkIjoiMTUyNjM4OTYxMDU0MSNBQjcyQzY0Qzg2QVcyI0IwRjAwNzEyNTE4NDAwV04jMTUyNjM4OTYxMDU0Mi0xIn0","itemType":"NLU","registeredUserId":"A2F07N8TDIAK5U","sourceDevice":"{\"deviceSerialNumber\":\"B0F00712518400WN\",\"deviceType\":\"AB72C64C86AW2\"}","timestamp":1526389610542,"utteranceId":"AB72C64C86AW2:1.0/2018/05/15/13/B0F00712518400WN/06:47::TNIH_2V.a1ba6bee-35f3-4781-a64e-80c704c42cd6ZXV","version":1},{"activityItemData":"{\"ttsText\":\"Good afternoon,\",\"voiceName\":\"en_us_nina\",\"ssml\":\"<speak><prosody volume=\\\"x-loud\\\">Good afternoon,<\\/prosody><metadata><promptMetadata><promptId>WhatsUp.Preamble.Greeting.Afternoon<\\/promptId><namespace>Zeitgeist<\\/namespace><locale>en_US<\\/locale><overrideId>default<\\/overrideId><variant>withTimeOfDay<\\/variant><condition/><weight>1<\\/weight><stageVersion>Adm-20170210_005013-11<\\/stageVersion><promptData><replyType/><promptID>WhatsUp.Preamble.Greeting.Afternoon<\\/promptID><namespace>Zeitgeist<\\/namespace><overrideId/><prosodyPreRenderHook/><expectations/><\\/promptData><\\/promptMetadata><\\/metadata><\\/speak>\",\"ttsServiceVersion\":\"unknown\",\"asrText\":\"\",\"ttsRequestId\":\"unknown\"}","description":null,"feedbackAttributes":null,"id":"eyJyZWdpc3RlcmVkVXNlcklkIjoiQTJGMDdOOFRESUFLNVUiLCJlbnRyeUlkIjoiMTUyNjM4OTYxMDU0MSNBQjcyQzY0Qzg2QVcyI0IwRjAwNzEyNTE4NDAwV04jMTUyNjM4OTYxMDU0My0yIn0","itemType":"TTS","registeredUserId":"A2F07N8TDIAK5U","sourceDevice":"{\"deviceSerialNumber\":\"B0F00712518400WN\",\"deviceType\":\"AB72C64C86AW2\"}","timestamp":1526389610543,"utteranceId":"AB72C64C86AW2:1.0/2018/05/15/13/B0F00712518400WN/06:47::TNIH_2V.a1ba6bee-35f3-4781-a64e-80c704c42cd6ZXV","version":1},{"activityItemData":"{\"ttsText\":\"It's 3:06 PM.\",\"voiceName\":\"en_us_nina\",\"ssml\":\"<speak><prosody volume=\\\"x-loud\\\">It&apos;s 3:06 PM.<\\/prosody><metadata><promptMetadata><promptId>WhatsUp.Preamble.Time<\\/promptId><namespace>Zeitgeist<\\/namespace><locale>en_US<\\/locale><overrideId>default<\\/overrideId><variant>simple1<\\/variant><condition/><weight>1<\\/weight><stageVersion>Adm-20170203_103934-34<\\/stageVersion><promptData><replyType/><promptID>WhatsUp.Preamble.Time<\\/promptID><namespace>Zeitgeist<\\/namespace><overrideId/><prosodyPreRenderHook/><time>3:06 PM<\\/time><expectations/><\\/promptData><\\/promptMetadata><\\/metadata><\\/speak>\",\"ttsServiceVersion\":\"unknown\",\"asrText\":\"\",\"ttsRequestId\":\"unknown\"}","description":null,"feedbackAttributes":null,"id":"eyJyZWdpc3RlcmVkVXNlcklkIjoiQTJGMDdOOFRESUFLNVUiLCJlbnRyeUlkIjoiMTUyNjM4OTYxMDU0MSNBQjcyQzY0Qzg2QVcyI0IwRjAwNzEyNTE4NDAwV04jMTUyNjM4OTYxMDU0NC0zIn0","itemType":"TTS","registeredUserId":"A2F07N8TDIAK5U","sourceDevice":"{\"deviceSerialNumber\":\"B0F00712518400WN\",\"deviceType\":\"AB72C64C86AW2\"}","timestamp":1526389610544,"utteranceId":"AB72C64C86AW2:1.0/2018/05/15/13/B0F00712518400WN/06:47::TNIH_2V.a1ba6bee-35f3-4781-a64e-80c704c42cd6ZXV","version":1},{"activityItemData":"{\"ttsText\":\"Here's what's up.\",\"voiceName\":\"en_us_nina\",\"ssml\":\"<speak><prosody volume=\\\"x-loud\\\">Here&apos;s what&apos;s up.<break time=\\\"250ms\\\"/><\\/prosody><metadata><promptMetadata><promptId>WhatsUp.Preamble.Transition<\\/promptId><namespace>Zeitgeist<\\/namespace><locale>en_US<\\/locale><overrideId>default<\\/overrideId><variant>simple2<\\/variant><condition/><weight>1<\\/weight><stageVersion>Adm-20170202_204020-31<\\/stageVersion><promptData><replyType/><promptID>WhatsUp.Preamble.Transition<\\/promptID><namespace>Zeitgeist<\\/namespace><overrideId/><pauseAtEndMilliseconds>250<\\/pauseAtEndMilliseconds><prosodyPreRenderHook/><expectations/><\\/promptData><\\/promptMetadata><\\/metadata><\\/speak>\",\"ttsServiceVersion\":\"unknown\",\"asrText\":\"\",\"ttsRequestId\":\"unknown\"}","description":null,"feedbackAttributes":null,"id":"eyJyZWdpc3RlcmVkVXNlcklkIjoiQTJGMDdOOFRESUFLNVUiLCJlbnRyeUlkIjoiMTUyNjM4OTYxMDU0MSNBQjcyQzY0Qzg2QVcyI0IwRjAwNzEyNTE4NDAwV04jMTUyNjM4OTYxMDU0NS00In0","itemType":"TTS","registeredUserId":"A2F07N8TDIAK5U","sourceDevice":"{\"deviceSerialNumber\":\"B0F00712518400WN\",\"deviceType\":\"AB72C64C86AW2\"}","timestamp":1526389610545,"utteranceId":"AB72C64C86AW2:1.0/2018/05/15/13/B0F00712518400WN/06:47::TNIH_2V.a1ba6bee-35f3-4781-a64e-80c704c42cd6ZXV","version":1},{"activityItemData":"{\"ttsText\":\"By the way, I just read an interesting story. Canadian actress Margot Kidder, famous for playing Lois Lane, is dead at 69.. Do you want to hear more about that?\",\"voiceName\":\"en_us_nina\",\"ssml\":\"<speak><prosody volume=\\\"x-loud\\\">By the way, I just read an interesting story. Canadian actress Margot Kidder, famous for playing Lois Lane, is dead at 69.. Do you want to hear more about that?<\\/prosody><metadata><promptMetadata><promptId>Question.WithHeadlineTrendingStory<\\/promptId><namespace>Zeitgeist<\\/namespace><locale>en_US<\\/locale><overrideId>default<\\/overrideId><variant>58f562a2-faee-4625-b7ee-cb14b67634a2<\\/variant><condition/><weight>1<\\/weight><stageVersion>Adm-20171202_003656-11<\\/stageVersion><promptData><trendingStoryShortHeadline>Canadian actress Margot Kidder, famous for playing Lois Lane, is dead at 69.<\\/trendingStoryShortHeadline><replyType/><promptID>Question.WithHeadlineTrendingStory<\\/promptID><namespace>Zeitgeist<\\/namespace><overrideId/><prosodyPreRenderHook/><expectations/><\\/promptData><\\/promptMetadata><\\/metadata><\\/speak>\",\"ttsServiceVersion\":\"unknown\",\"asrText\":\"\",\"ttsRequestId\":\"unknown\"}","description":null,"feedbackAttributes":null,"id":"eyJyZWdpc3RlcmVkVXNlcklkIjoiQTJGMDdOOFRESUFLNVUiLCJlbnRyeUlkIjoiMTUyNjM4OTYxMDU0MSNBQjcyQzY0Qzg2QVcyI0IwRjAwNzEyNTE4NDAwV04jMTUyNjM4OTYxMDU0Ni01In0","itemType":"TTS","registeredUserId":"A2F07N8TDIAK5U","sourceDevice":"{\"deviceSerialNumber\":\"B0F00712518400WN\",\"deviceType\":\"AB72C64C86AW2\"}","timestamp":1526389610546,"utteranceId":"AB72C64C86AW2:1.0/2018/05/15/13/B0F00712518400WN/06:47::TNIH_2V.a1ba6bee-35f3-4781-a64e-80c704c42cd6ZXV","version":1},{"activityItemData":"{\"ttsText\":\"\",\"utteranceId\":\"AB72C64C86AW2:1.0/2018/05/15/13/B0F00712518400WN/07:07::TNIH_2V.4dc31285-e272-416a-b2e6-2276fc0f0c38ZXV/0\",\"endOfSpeechTimeInMillis\":1526389628267,\"isFalseWakeWord\":false,\"asrText\":\"yes\"}","description":null,"feedbackAttributes":null,"id":"eyJyZWdpc3RlcmVkVXNlcklkIjoiQTJGMDdOOFRESUFLNVUiLCJlbnRyeUlkIjoiMTUyNjM4OTYxMDU0MSNBQjcyQzY0Qzg2QVcyI0IwRjAwNzEyNTE4NDAwV04jMTUyNjM4OTYyODI2Ny0wIn0","itemType":"ASR","registeredUserId":"A2F07N8TDIAK5U","sourceDevice":"{\"deviceSerialNumber\":\"B0F00712518400WN\",\"deviceType\":\"AB72C64C86AW2\"}","timestamp":1526389628267,"utteranceId":"AB72C64C86AW2:1.0/2018/05/15/13/B0F00712518400WN/07:07::TNIH_2V.4dc31285-e272-416a-b2e6-2276fc0f0c38ZXV","version":1},{"activityItemData":"{\"ttsText\":\"\",\"intentType\":\"GetLatestReportIntent\",\"slots\":[{\"name\":\"ApplicationDataSlot\",\"value\":null},{\"name\":\"VisualModeTrigger\",\"value\":null}],\"confidenceValue\":\"1.0\",\"domainType\":\"DailyBriefing\",\"nbestIntentIndex\":0,\"asrText\":\"\"}","description":null,"feedbackAttributes":null,"id":"eyJyZWdpc3RlcmVkVXNlcklkIjoiQTJGMDdOOFRESUFLNVUiLCJlbnRyeUlkIjoiMTUyNjM4OTYxMDU0MSNBQjcyQzY0Qzg2QVcyI0IwRjAwNzEyNTE4NDAwV04jMTUyNjM4OTYyODc5NS0xIn0","itemType":"NLU","registeredUserId":"A2F07N8TDIAK5U","sourceDevice":"{\"deviceSerialNumber\":\"B0F00712518400WN\",\"deviceType\":\"AB72C64C86AW2\"}","timestamp":1526389628795,"utteranceId":"AB72C64C86AW2:1.0/2018/05/15/13/B0F00712518400WN/07:07::TNIH_2V.4dc31285-e272-416a-b2e6-2276fc0f0c38ZXV","version":1},{"activityItemData":"{\"ttsText\":\"Canadian actress Margot Kidder, famous for playing Lois Lane alongside Christopher Reeve's Superman, has passed away. She was 69..\",\"voiceName\":\"en_us_nina\",\"ssml\":\"<speak><prosody volume=\\\"x-loud\\\">Canadian actress Margot Kidder, famous for playing Lois Lane alongside Christopher Reeve&apos;s Superman, has passed away. She was 69..<\\/prosody><metadata><promptMetadata><promptId>Question.WithHeadlineTrendingStory.Answer<\\/promptId><namespace>Zeitgeist<\\/namespace><locale>en_US<\\/locale><overrideId>default<\\/overrideId><variant>e92e460a-556f-4289-abc1-84bfb411216f<\\/variant><condition/><weight>1<\\/weight><stageVersion>Adm-20171122_235438-5<\\/stageVersion><promptData><trendingStoryText>Canadian actress Margot Kidder, famous for playing Lois Lane alongside Christopher Reeve's Superman, has passed away. She was 69.<\\/trendingStoryText><replyType/><promptID>Question.WithHeadlineTrendingStory.Answer<\\/promptID><namespace>Zeitgeist<\\/namespace><overrideId/><prosodyPreRenderHook/><expectations/><\\/promptData><\\/promptMetadata><\\/metadata><\\/speak>\",\"ttsServiceVersion\":\"unknown\",\"asrText\":\"\",\"ttsRequestId\":\"unknown\"}","description":null,"feedbackAttributes":null,"id":"eyJyZWdpc3RlcmVkVXNlcklkIjoiQTJGMDdOOFRESUFLNVUiLCJlbnRyeUlkIjoiMTUyNjM4OTYxMDU0MSNBQjcyQzY0Qzg2QVcyI0IwRjAwNzEyNTE4NDAwV04jMTUyNjM4OTYyODc5Ni0yIn0","itemType":"TTS","registeredUserId":"A2F07N8TDIAK5U","sourceDevice":"{\"deviceSerialNumber\":\"B0F00712518400WN\",\"deviceType\":\"AB72C64C86AW2\"}","timestamp":1526389628796,"utteranceId":"AB72C64C86AW2:1.0/2018/05/15/13/B0F00712518400WN/07:07::TNIH_2V.4dc31285-e272-416a-b2e6-2276fc0f0c38ZXV","version":1}]}