{"activityDialogItems":[{"activityItemData":"{\"ttsText\":\"\",\"utteranceId\":\"AB72C64C86AW2:1.0/2018/05/15/13/B0F00712518400WN/06:28::TNIH_2V.865aaa86-2b46-4ded-868a-8c8b0db9a14cZXV\",\"endOfSpeechTimeInMillis\":0,\"isFalseWakeWord\":false,\"asrText\":\"\"}","description":null,"feedbackAttributes":null,"id":"eyJyZWdpc3RlcmVkVXNlcklkIjoiQTJGMDdOOFRESUFLNVUiLCJlbnRyeUlkIjoiMTUyNjM4OTU4OTY4MSNBQjcyQzY0Qzg2QVcyI0IwRjAwNzEyNTE4NDAwV04jMC0wIn0","itemType":"ASR","registeredUserId":"A2F07N8TDIAK5U","sourceDevice":"{\"deviceSerialNumber\":\"B0F00712518400WN\",\"deviceType\":\"AB72C64C86AW2\"}","timestamp":0,"utteranceId":"AB72C64C86AW2:1.0/2018/05/15/13/B0F00712518400WN/06:28::TNIH_2V.865aaa86-2b46-4ded-868a-8c8b0db9a14cZXV","version":1},{"activityItemData":"{\"ttsText\":\"\",\"intentType\":\"Unknown\",\"slots\":null,\"confidenceValue\":null,\"domainType\":\"Unknown\",\"nbestIntentIndex\":0,\"asrText\":\"\"}","description":null,"feedbackAttributes":null,"id":"eyJyZWdpc3RlcmVkVXNlcklkIjoiQTJGMDdOOFRESUFLNVUiLCJlbnRyeUlkIjoiMTUyNjM4OTU4OTY4MSNBQjcyQzY0Qzg2QVcyI0IwRjAwNzEyNTE4NDAwV04jMTUyNjM4OTU4OTY4Mi0xIn0","itemType":"NLU","registeredUserId":"A2F07N8TDIAK5U","sourceDevice":"{\"deviceSerialNumber\":\"B0F00712518400WN\",\"deviceType\":\"AB72C64C86AW2\"}","timestamp":1526389589682,"utteranceId":"AB72C64C86AW2:1.0/2018/05/15/13/B0F00712518400WN/06:28::TNIH_2V.865aaa86-2b46-4ded-868a-8c8b0db9a14cZXV","version":1}]}