{"activityDialogItems":[{"activityItemData":"{\"ttsText\":\"\",\"utteranceId\":\"AB72C64C86AW2:1.0/2018/05/15/09/B0F00712518400WN/29:07::TNIH_2V.f30a33ab-961b-447d-8a96-577942cf3d8eZXV\",\"endOfSpeechTimeInMillis\":1526376552264,\"isFalseWakeWord\":false,\"asrText\":\"\"}","description":null,"feedbackAttributes":null,"id":"eyJyZWdpc3RlcmVkVXNlcklkIjoiQTJGMDdOOFRESUFLNVUiLCJlbnRyeUlkIjoiMTUyNjM3NjU1MjI2NCNBQjcyQzY0Qzg2QVcyI0IwRjAwNzEyNTE4NDAwV04jMTUyNjM3NjU1MjI2NC0wIn0","itemType":"ASR","registeredUserId":"A2F07N8TDIAK5U","sourceDevice":"{\"deviceSerialNumber\":\"B0F00712518400WN\",\"deviceType\":\"AB72C64C86AW2\"}","timestamp":1526376552264,"utteranceId":"AB72C64C86AW2:1.0/2018/05/15/09/B0F00712518400WN/29:07::TNIH_2V.f30a33ab-961b-447d-8a96-577942cf3d8eZXV","version":1},{"activityItemData":"{\"ttsText\":\"\",\"intentType\":\"Unknown\",\"slots\":null,\"confidenceValue\":null,\"domainType\":\"Echo.SDK\",\"nbestIntentIndex\":0,\"asrText\":\"\"}","description":null,"feedbackAttributes":null,"id":"eyJyZWdpc3RlcmVkVXNlcklkIjoiQTJGMDdOOFRESUFLNVUiLCJlbnRyeUlkIjoiMTUyNjM3NjU1MjI2NCNBQjcyQzY0Qzg2QVcyI0IwRjAwNzEyNTE4NDAwV04jMTUyNjM3NjU1MjI2NS0xIn0","itemType":"NLU","registeredUserId":"A2F07N8TDIAK5U","sourceDevice":"{\"deviceSerialNumber\":\"B0F00712518400WN\",\"deviceType\":\"AB72C64C86AW2\"}","timestamp":1526376552265,"utteranceId":"AB72C64C86AW2:1.0/2018/05/15/09/B0F00712518400WN/29:07::TNIH_2V.f30a33ab-961b-447d-8a96-577942cf3d8eZXV","version":1}]}