{"activities":[{"_disambiguationId":null,"activityStatus":"DISCARDED_NON_DEVICE_DIRECTED_INTENT","creationTimestamp":1527671401989,"description":"{\"summary\":\"\",\"firstUtteranceId\":\"AB72C64C86AW2:1.0/2018/05/30/09/B0F00712518400WN/09:58::TNIH_2V.24f8b8e7-0783-48c9-bd96-aaeb3e1d4caaZXV\",\"firstStreamId\":\"AB72C64C86AW2:1.0/2018/05/30/09/B0F00712518400WN/09:58::TNIH_2V.24f8b8e7-0783-48c9-bd96-aaeb3e1d4caaZXV\"}","domainAttributes":null,"domainType":null,"feedbackAttributes":null,"id":"A2F07N8TDIAK5U#1527671401989#AB72C64C86AW2#B0F00712518400WN","intentType":null,"providerInfoDescription":null,"registeredCustomerId":"A2F07N8TDIAK5U","sourceActiveUsers":null,"sourceDeviceIds":[{"deviceAccountId":null,"deviceType":"AB72C64C86AW2","serialNumber":"B0F00712518400WN"}],"utteranceId":"AB72C64C86AW2:1.0/2018/05/30/09/B0F00712518400WN/09:58::TNIH_2V.24f8b8e7-0783-48c9-bd96-aaeb3e1d4caaZXV","version":1},{"_disambiguationId":null,"activityStatus":"DISCARDED_NON_DEVICE_DIRECTED_INTENT","creationTimestamp":1526545345439,"description":"{\"summary\":\"\",\"firstUtteranceId\":\"AB72C64C86AW2:1.0/2018/05/17/08/B0F00712518400WN/22:24::TNIH_2V.9f80b65c-455f-4c91-ae96-f1758bcc6230ZXV\",\"firstStreamId\":\"AB72C64C86AW2:1.0/2018/05/17/08/B0F00712518400WN/22:24::TNIH_2V.9f80b65c-455f-4c91-ae96-f1758bcc6230ZXV\"}","domainAttributes":null,"domainType":null,"feedbackAttributes":null,"id":"A2F07N8TDIAK5U#1526545345439#AB72C64C86AW2#B0F00712518400WN","intentType":null,"providerInfoDescription":null,"registeredCustomerId":"A2F07N8TDIAK5U","sourceActiveUsers":null,"sourceDeviceIds":[{"deviceAccountId":null,"deviceType":"AB72C64C86AW2","serialNumber":"B0F00712518400WN"}],"utteranceId":"AB72C64C86AW2:1.0/2018/05/17/08/B0F00712518400WN/22:24::TNIH_2V.9f80b65c-455f-4c91-ae96-f1758bcc6230ZXV","version":1},{"_disambiguationId":null,"activityStatus":"SUCCESS","creationTimestamp":1526545340718,"description":"{\"summary\":\"yes\",\"firstUtteranceId\":\"AB72C64C86AW2:1.0/2018/05/17/08/B0F00712518400WN/22:18::TNIH_2V.2a142d91-50a8-406d-85f8-5cdac2868f08ZXV/0\",\"firstStreamId\":null}","domainAttributes":"{\"allowAnalysis\":true,\"applicationMetadata\":{\"applicationId\":\"amzn1.ask.skill.8ccabd3a-a2e5-402a-b281-680ee078cb26\",\"applicationName\":\"iSmartAlarm\",\"vendorId\":\"M3LS6B4DZDHJ46\"},\"card\":{\"type\":\"Simple\",\"title\":\"Mode Changed\",\"subtitle\":\"iSmartAlarm\",\"content\":\"Your system will set to Arm in 30 seconds.\",\"applicationId\":null,\"applicationName\":null}}","domainType":null,"feedbackAttributes":null,"id":"A2F07N8TDIAK5U#1526545340718#AB72C64C86AW2#B0F00712518400WN","intentType":null,"providerInfoDescription":"This request was sent to iSmartAlarm","registeredCustomerId":"A2F07N8TDIAK5U","sourceActiveUsers":null,"sourceDeviceIds":[{"deviceAccountId":null,"deviceType":"AB72C64C86AW2","serialNumber":"B0F00712518400WN"}],"utteranceId":"AB72C64C86AW2:1.0/2018/05/17/08/B0F00712518400WN/22:18::TNIH_2V.2a142d91-50a8-406d-85f8-5cdac2868f08ZXV/0","version":1},{"_disambiguationId":null,"activityStatus":"SUCCESS","creationTimestamp":1526545333528,"description":"{\"summary\":\"tell i. smart alarm to arm my system\",\"firstUtteranceId\":\"AB72C64C86AW2:1.0/2018/05/17/08/B0F00712518400WN/22:08::TNIH_2V.072f16a3-5c46-45db-99e7-967463fe9020ZXV/1\",\"firstStreamId\":null}","domainAttributes":"{\"allowAnalysis\":true,\"applicationMetadata\":{\"applicationId\":\"amzn1.ask.skill.8ccabd3a-a2e5-402a-b281-680ee078cb26\",\"applicationName\":\"iSmartAlarm\",\"vendorId\":\"M3LS6B4DZDHJ46\"},\"card\":{\"type\":\"Simple\",\"title\":\"Mode Changed\",\"subtitle\":\"iSmartAlarm\",\"content\":\"Your Door is open, Are you sure you want to arm your system?\",\"applicationId\":null,\"applicationName\":null}}","domainType":null,"feedbackAttributes":null,"id":"A2F07N8TDIAK5U#1526545333528#AB72C64C86AW2#B0F00712518400WN","intentType":null,"providerInfoDescription":"This request was sent to iSmartAlarm","registeredCustomerId":"A2F07N8TDIAK5U","sourceActiveUsers":null,"sourceDeviceIds":[{"deviceAccountId":null,"deviceType":"AB72C64C86AW2","serialNumber":"B0F00712518400WN"}],"utteranceId":"AB72C64C86AW2:1.0/2018/05/17/08/B0F00712518400WN/22:08::TNIH_2V.072f16a3-5c46-45db-99e7-967463fe9020ZXV/1","version":1},{"_disambiguationId":null,"activityStatus":"SUCCESS","creationTimestamp":1526545329229,"description":"{\"summary\":\"alexa\",\"firstUtteranceId\":\"AB72C64C86AW2:1.0/2018/05/17/08/B0F00712518400WN/22:08::TNIH_2V.072f16a3-5c46-45db-99e7-967463fe9020ZXV/0\",\"firstStreamId\":\"AB72C64C86AW2:1.0/2018/05/17/08/B0F00712518400WN/22:08::TNIH_2V.072f16a3-5c46-45db-99e7-967463fe9020ZXV\"}","domainAttributes":null,"domainType":null,"feedbackAttributes":null,"id":"A2F07N8TDIAK5U#1526545329229#AB72C64C86AW2#B0F00712518400WN","intentType":null,"providerInfoDescription":null,"registeredCustomerId":"A2F07N8TDIAK5U","sourceActiveUsers":null,"sourceDeviceIds":[{"deviceAccountId":null,"deviceType":"AB72C64C86AW2","serialNumber":"B0F00712518400WN"}],"utteranceId":"AB72C64C86AW2:1.0/2018/05/17/08/B0F00712518400WN/22:08::TNIH_2V.072f16a3-5c46-45db-99e7-967463fe9020ZXV","version":1},{"_disambiguationId":null,"activityStatus":"SUCCESS","creationTimestamp":1526544980470,"description":"{\"summary\":\"Unknown\",\"firstUtteranceId\":\"AB72C64C86AW2:1.0/2018/05/17/08/B0F00712518400WN/16:15::TNIH_2V.0beae27e-6b90-4e8d-9a2e-689e3f1b3c6eZXV\",\"firstStreamId\":null}","domainAttributes":"","domainType":null,"feedbackAttributes":null,"id":"A2F07N8TDIAK5U#1526544980470#AB72C64C86AW2#B0F00712518400WN","intentType":null,"providerInfoDescription":null,"registeredCustomerId":"A2F07N8TDIAK5U","sourceActiveUsers":null,"sourceDeviceIds":[{"deviceAccountId":null,"deviceType":"AB72C64C86AW2","serialNumber":"B0F00712518400WN"}],"utteranceId":"AB72C64C86AW2:1.0/2018/05/17/08/B0F00712518400WN/16:15::TNIH_2V.0beae27e-6b90-4e8d-9a2e-689e3f1b3c6eZXV","version":1},{"_disambiguationId":null,"activityStatus":"INVALID","creationTimestamp":1526544969456,"description":"{\"summary\":\"alexa play led zeppelin\",\"firstUtteranceId\":\"AB72C64C86AW2:1.0/2018/05/17/08/B0F00712518400WN/16:07::TNIH_2V.d1cb4dd8-937c-4abf-894b-5840404fa0feZXV/0\",\"firstStreamId\":\"AB72C64C86AW2:1.0/2018/05/17/08/B0F00712518400WN/16:07::TNIH_2V.d1cb4dd8-937c-4abf-894b-5840404fa0feZXV\"}","domainAttributes":"{\"disambiguated\":false,\"nBestList\":[{\"entryType\":\"PlayMusic\",\"playQueuePrime\":false,\"completionCode\":\"NO_USER_ACCOUNT_ASSOCIATED\",\"serviceName\":\"SPOTIFY\",\"isPrime\":false}]}","domainType":null,"feedbackAttributes":null,"id":"A2F07N8TDIAK5U#1526544969456#AB72C64C86AW2#B0F00712518400WN","intentType":null,"providerInfoDescription":null,"registeredCustomerId":"A2F07N8TDIAK5U","sourceActiveUsers":null,"sourceDeviceIds":[{"deviceAccountId":null,"deviceType":"AB72C64C86AW2","serialNumber":"B0F00712518400WN"}],"utteranceId":"AB72C64C86AW2:1.0/2018/05/17/08/B0F00712518400WN/16:07::TNIH_2V.d1cb4dd8-937c-4abf-894b-5840404fa0feZXV","version":1},{"_disambiguationId":null,"activityStatus":"DISCARDED_NON_DEVICE_DIRECTED_INTENT","creationTimestamp":1526477772761,"description":"{\"summary\":\"\",\"firstUtteranceId\":\"AB72C64C86AW2:1.0/2018/05/16/13/B0F00712518400WN/36:10::TNIH_2V.4c169b61-ad88-4c44-94d9-56483e880172ZXV\",\"firstStreamId\":\"AB72C64C86AW2:1.0/2018/05/16/13/B0F00712518400WN/36:10::TNIH_2V.4c169b61-ad88-4c44-94d9-56483e880172ZXV\"}","domainAttributes":null,"domainType":null,"feedbackAttributes":null,"id":"A2F07N8TDIAK5U#1526477772761#AB72C64C86AW2#B0F00712518400WN","intentType":null,"providerInfoDescription":null,"registeredCustomerId":"A2F07N8TDIAK5U","sourceActiveUsers":null,"sourceDeviceIds":[{"deviceAccountId":null,"deviceType":"AB72C64C86AW2","serialNumber":"B0F00712518400WN"}],"utteranceId":"AB72C64C86AW2:1.0/2018/05/16/13/B0F00712518400WN/36:10::TNIH_2V.4c169b61-ad88-4c44-94d9-56483e880172ZXV","version":1},{"_disambiguationId":null,"activityStatus":"SUCCESS","creationTimestamp":1526477766598,"description":"{\"summary\":\"what's four and six\",\"firstUtteranceId\":\"AB72C64C86AW2:1.0/2018/05/16/13/B0F00712518400WN/36:00::TNIH_2V.9d77a155-5b7f-4129-9512-5ea08e079c72ZXV/1\",\"firstStreamId\":\"AB72C64C86AW2:1.0/2018/05/16/13/B0F00712518400WN/36:00::TNIH_2V.9d77a155-5b7f-4129-9512-5ea08e079c72ZXV\"}","domainAttributes":"{\"disambiguated\":false,\"nBestList\":[{\"entryType\":\"Knowledge\",\"mainEntity\":{\"tkid\":\"[integer: [\\\"10\\\"]]\",\"commonTranslation\":\"10\",\"properties\":{\"display_hint\":\"[number]\",\"semantic_type\":\"[rational number]\",\"name\":\"10\",\"wikipedia_page\":\"https://en.wikipedia.org/wiki/10\"},\"wikipediaUrl\":\"https://en.wikipedia.org/wiki/10\"},\"answerText\":\"4 + 6 = 10\",\"answered\":true,\"validForGUI\":true,\"domains\":[\"[calculation question and answer domain]\"],\"answerEntities\":[{\"tkid\":\"[integer: [\\\"10\\\"]]\",\"commonTranslation\":\"10\",\"properties\":{\"display_hint\":\"[number]\",\"semantic_type\":\"[rational number]\",\"name\":\"10\",\"wikipedia_page\":\"https://en.wikipedia.org/wiki/10\"},\"wikipediaUrl\":\"https://en.wikipedia.org/wiki/10\"}],\"questionText\":\"What's four and six?\",\"spokenAnswerSsml\":\"<speak><prosody volume=\\\"x-loud\\\"><p>4 plus 6 equals 10.<\\/p><\\/prosody><metadata><promptMetadata><promptId>AnswerSsml<\\/promptId><namespace>SmartDJ.MusicQA<\\/namespace><locale>en_US<\\/locale><overrideId>default<\\/overrideId><variant>809dfcd2-2807-4eaf-93e9-1130c2db01fa<\\/variant><condition/><weight>1<\\/weight><stageVersion>Adm-20141203_202706-183<\\/stageVersion><promptData><replyType/><answer>&lt;p&gt;4 plus 6 equals 10.&lt;/p&gt;<\\/answer><promptID>AnswerSsml<\\/promptID><namespace>SmartDJ.MusicQA<\\/namespace><overrideId/><prosodyPreRenderHook/><expectations/><\\/promptData><\\/promptMetadata><\\/metadata><\\/speak>\",\"searchQueryText\":\"\",\"spokenAnswerText\":\"4 plus 6 equals 10.\",\"understood\":true,\"answerListIntroductionText\":\"4 + 6 = 10\"}]}","domainType":null,"feedbackAttributes":null,"id":"A2F07N8TDIAK5U#1526477766598#AB72C64C86AW2#B0F00712518400WN","intentType":null,"providerInfoDescription":null,"registeredCustomerId":"A2F07N8TDIAK5U","sourceActiveUsers":null,"sourceDeviceIds":[{"deviceAccountId":null,"deviceType":"AB72C64C86AW2","serialNumber":"B0F00712518400WN"}],"utteranceId":"AB72C64C86AW2:1.0/2018/05/16/13/B0F00712518400WN/36:00::TNIH_2V.9d77a155-5b7f-4129-9512-5ea08e079c72ZXV","version":1},{"_disambiguationId":null,"activityStatus":"SUCCESS","creationTimestamp":1526477760557,"description":"{\"summary\":\"alexa\",\"firstUtteranceId\":\"AB72C64C86AW2:1.0/2018/05/16/13/B0F00712518400WN/36:00::TNIH_2V.9d77a155-5b7f-4129-9512-5ea08e079c72ZXV/0\",\"firstStreamId\":\"AB72C64C86AW2:1.0/2018/05/16/13/B0F00712518400WN/36:00::TNIH_2V.9d77a155-5b7f-4129-9512-5ea08e079c72ZXV\"}","domainAttributes":null,"domainType":null,"feedbackAttributes":null,"id":"A2F07N8TDIAK5U#1526477760557#AB72C64C86AW2#B0F00712518400WN","intentType":null,"providerInfoDescription":null,"registeredCustomerId":"A2F07N8TDIAK5U","sourceActiveUsers":null,"sourceDeviceIds":[{"deviceAccountId":null,"deviceType":"AB72C64C86AW2","serialNumber":"B0F00712518400WN"}],"utteranceId":"AB72C64C86AW2:1.0/2018/05/16/13/B0F00712518400WN/36:00::TNIH_2V.9d77a155-5b7f-4129-9512-5ea08e079c72ZXV","version":1},{"_disambiguationId":null,"activityStatus":"DISCARDED_NON_DEVICE_DIRECTED_INTENT","creationTimestamp":1526477731821,"description":"{\"summary\":\"\",\"firstUtteranceId\":\"AB72C64C86AW2:1.0/2018/05/16/13/B0F00712518400WN/35:27::TNIH_2V.fd90f6ff-ff72-44e6-b258-c523b0a2e9d4ZXV\",\"firstStreamId\":\"AB72C64C86AW2:1.0/2018/05/16/13/B0F00712518400WN/35:27::TNIH_2V.fd90f6ff-ff72-44e6-b258-c523b0a2e9d4ZXV\"}","domainAttributes":null,"domainType":null,"feedbackAttributes":null,"id":"A2F07N8TDIAK5U#1526477731821#AB72C64C86AW2#B0F00712518400WN","intentType":null,"providerInfoDescription":null,"registeredCustomerId":"A2F07N8TDIAK5U","sourceActiveUsers":null,"sourceDeviceIds":[{"deviceAccountId":null,"deviceType":"AB72C64C86AW2","serialNumber":"B0F00712518400WN"}],"utteranceId":"AB72C64C86AW2:1.0/2018/05/16/13/B0F00712518400WN/35:27::TNIH_2V.fd90f6ff-ff72-44e6-b258-c523b0a2e9d4ZXV","version":1},{"_disambiguationId":null,"activityStatus":"SUCCESS","creationTimestamp":1526477721505,"description":"{\"summary\":\"what's friendsgiving\",\"firstUtteranceId\":\"AB72C64C86AW2:1.0/2018/05/16/13/B0F00712518400WN/35:18::TNIH_2V.428d7080-bcd8-4cbd-b850-bad5e067cd4dZXV/1\",\"firstStreamId\":\"AB72C64C86AW2:1.0/2018/05/16/13/B0F00712518400WN/35:18::TNIH_2V.428d7080-bcd8-4cbd-b850-bad5e067cd4dZXV\"}","domainAttributes":"{\"disambiguated\":false,\"nBestList\":[{\"entryType\":\"Knowledge\",\"mainEntity\":{\"tkid\":\"[lexeme en: [\\\"a thanksgiving feast held by and for someone's friends.\\\"]]\",\"commonTranslation\":\"[lexeme en: [''a thanksgiving feast held by and for someone's friends.'']]\",\"properties\":{\"display_hint\":\"[object]\",\"semantic_type\":\"[linguistic concept]\",\"name\":\"[lexeme en: [''a thanksgiving feast held by and for someone's friends.'']]\"}},\"answerText\":\"'Friendsgiving' is usually defined as a thanksgiving feast held by and for someone's friends.\",\"answered\":true,\"validForGUI\":true,\"domains\":[\"[lexicography question and answer domain]\"],\"answerEntities\":[{\"tkid\":\"[lexeme en: [\\\"a thanksgiving feast held by and for someone's friends.\\\"]]\",\"commonTranslation\":\"[lexeme en: [''a thanksgiving feast held by and for someone's friends.'']]\",\"properties\":{\"display_hint\":\"[object]\",\"semantic_type\":\"[linguistic concept]\",\"name\":\"[lexeme en: [''a thanksgiving feast held by and for someone's friends.'']]\"}}],\"questionText\":\"What's friendsgiving?\",\"spokenAnswerSsml\":\"<speak><prosody volume=\\\"x-loud\\\"><p>&apos;friendsgiving&apos; is usually defined as a thanksgiving feast held by and for someone&apos;s friends.<\\/p><\\/prosody><metadata><promptMetadata><promptId>AnswerSsml<\\/promptId><namespace>SmartDJ.MusicQA<\\/namespace><locale>en_US<\\/locale><overrideId>default<\\/overrideId><variant>809dfcd2-2807-4eaf-93e9-1130c2db01fa<\\/variant><condition/><weight>1<\\/weight><stageVersion>Adm-20141203_202706-183<\\/stageVersion><promptData><replyType/><answer>&lt;p&gt;&amp;apos;friendsgiving&amp;apos; is usually defined as a thanksgiving feast held by and for someone&amp;apos;s friends.&lt;/p&gt;<\\/answer><promptID>AnswerSsml<\\/promptID><namespace>SmartDJ.MusicQA<\\/namespace><overrideId/><prosodyPreRenderHook/><expectations/><\\/promptData><\\/promptMetadata><\\/metadata><\\/speak>\",\"searchQueryText\":\"\",\"spokenAnswerText\":\"'friendsgiving' is usually defined as a thanksgiving feast held by and for someone's friends.\",\"understood\":true,\"answerListIntroductionText\":\"'Friendsgiving' is usually defined as a thanksgiving feast held by and for someone's friends.\"}]}","domainType":null,"feedbackAttributes":null,"id":"A2F07N8TDIAK5U#1526477721505#AB72C64C86AW2#B0F00712518400WN","intentType":null,"providerInfoDescription":null,"registeredCustomerId":"A2F07N8TDIAK5U","sourceActiveUsers":null,"sourceDeviceIds":[{"deviceAccountId":null,"deviceType":"AB72C64C86AW2","serialNumber":"B0F00712518400WN"}],"utteranceId":"AB72C64C86AW2:1.0/2018/05/16/13/B0F00712518400WN/35:18::TNIH_2V.428d7080-bcd8-4cbd-b850-bad5e067cd4dZXV","version":1},{"_disambiguationId":null,"activityStatus":"SUCCESS","creationTimestamp":1526477718930,"description":"{\"summary\":\"alexa\",\"firstUtteranceId\":\"AB72C64C86AW2:1.0/2018/05/16/13/B0F00712518400WN/35:18::TNIH_2V.428d7080-bcd8-4cbd-b850-bad5e067cd4dZXV/0\",\"firstStreamId\":\"AB72C64C86AW2:1.0/2018/05/16/13/B0F00712518400WN/35:18::TNIH_2V.428d7080-bcd8-4cbd-b850-bad5e067cd4dZXV\"}","domainAttributes":null,"domainType":null,"feedbackAttributes":null,"id":"A2F07N8TDIAK5U#1526477718930#AB72C64C86AW2#B0F00712518400WN","intentType":null,"providerInfoDescription":null,"registeredCustomerId":"A2F07N8TDIAK5U","sourceActiveUsers":null,"sourceDeviceIds":[{"deviceAccountId":null,"deviceType":"AB72C64C86AW2","serialNumber":"B0F00712518400WN"}],"utteranceId":"AB72C64C86AW2:1.0/2018/05/16/13/B0F00712518400WN/35:18::TNIH_2V.428d7080-bcd8-4cbd-b850-bad5e067cd4dZXV","version":1},{"_disambiguationId":null,"activityStatus":"SUCCESS","creationTimestamp":1526477702487,"description":"{\"summary\":\"incredible\",\"firstUtteranceId\":\"AB72C64C86AW2:1.0/2018/05/16/13/B0F00712518400WN/34:58::TNIH_2V.4ebe6e51-a847-40d1-a8e0-d519e71873dfZXV/0\",\"firstStreamId\":null}","domainAttributes":"","domainType":null,"feedbackAttributes":null,"id":"A2F07N8TDIAK5U#1526477702487#AB72C64C86AW2#B0F00712518400WN","intentType":null,"providerInfoDescription":null,"registeredCustomerId":"A2F07N8TDIAK5U","sourceActiveUsers":null,"sourceDeviceIds":[{"deviceAccountId":null,"deviceType":"AB72C64C86AW2","serialNumber":"B0F00712518400WN"}],"utteranceId":"AB72C64C86AW2:1.0/2018/05/16/13/B0F00712518400WN/34:58::TNIH_2V.4ebe6e51-a847-40d1-a8e0-d519e71873dfZXV/0","version":1},{"_disambiguationId":null,"activityStatus":"SUCCESS","creationTimestamp":1526477659228,"description":"{\"summary\":\"what's up\",\"firstUtteranceId\":\"AB72C64C86AW2:1.0/2018/05/16/13/B0F00712518400WN/34:16::TNIH_2V.afa548d0-087c-4c04-a0f2-f55f3beec9f6ZXV/1\",\"firstStreamId\":\"AB72C64C86AW2:1.0/2018/05/16/13/B0F00712518400WN/34:16::TNIH_2V.afa548d0-087c-4c04-a0f2-f55f3beec9f6ZXV\"}","domainAttributes":"","domainType":null,"feedbackAttributes":null,"id":"A2F07N8TDIAK5U#1526477659228#AB72C64C86AW2#B0F00712518400WN","intentType":null,"providerInfoDescription":null,"registeredCustomerId":"A2F07N8TDIAK5U","sourceActiveUsers":null,"sourceDeviceIds":[{"deviceAccountId":null,"deviceType":"AB72C64C86AW2","serialNumber":"B0F00712518400WN"}],"utteranceId":"AB72C64C86AW2:1.0/2018/05/16/13/B0F00712518400WN/34:16::TNIH_2V.afa548d0-087c-4c04-a0f2-f55f3beec9f6ZXV","version":2},{"_disambiguationId":null,"activityStatus":"SUCCESS","creationTimestamp":1526477657369,"description":"{\"summary\":\"alexa\",\"firstUtteranceId\":\"AB72C64C86AW2:1.0/2018/05/16/13/B0F00712518400WN/34:16::TNIH_2V.afa548d0-087c-4c04-a0f2-f55f3beec9f6ZXV/0\",\"firstStreamId\":\"AB72C64C86AW2:1.0/2018/05/16/13/B0F00712518400WN/34:16::TNIH_2V.afa548d0-087c-4c04-a0f2-f55f3beec9f6ZXV\"}","domainAttributes":null,"domainType":null,"feedbackAttributes":null,"id":"A2F07N8TDIAK5U#1526477657369#AB72C64C86AW2#B0F00712518400WN","intentType":null,"providerInfoDescription":null,"registeredCustomerId":"A2F07N8TDIAK5U","sourceActiveUsers":null,"sourceDeviceIds":[{"deviceAccountId":null,"deviceType":"AB72C64C86AW2","serialNumber":"B0F00712518400WN"}],"utteranceId":"AB72C64C86AW2:1.0/2018/05/16/13/B0F00712518400WN/34:16::TNIH_2V.afa548d0-087c-4c04-a0f2-f55f3beec9f6ZXV","version":1},{"_disambiguationId":null,"activityStatus":"SUCCESS","creationTimestamp":1526389670603,"description":"{\"summary\":\"bye\",\"firstUtteranceId\":\"AB72C64C86AW2:1.0/2018/05/15/13/B0F00712518400WN/07:48::TNIH_2V.01f4c36b-3ffe-46c8-8773-0a05a80bf4c1ZXV/1\",\"firstStreamId\":\"AB72C64C86AW2:1.0/2018/05/15/13/B0F00712518400WN/07:48::TNIH_2V.01f4c36b-3ffe-46c8-8773-0a05a80bf4c1ZXV\"}","domainAttributes":"{\"disambiguated\":false,\"nBestList\":[{\"spokenAnswerSsml\":\"<speak><prosody volume=\\\"x-loud\\\"><p xmlns:ivona=\\\"http://www.ivona.com/2009/12/ssml\\\" xmlns:amazon=\\\"https://amazon.com/ssml/2017-01-01/\\\">Goodbye.<\\/p><\\/prosody><metadata><promptMetadata><promptId>AnswerSsml<\\/promptId><namespace>SmartDJ.MusicQA<\\/namespace><locale>en_US<\\/locale><overrideId>default<\\/overrideId><variant>809dfcd2-2807-4eaf-93e9-1130c2db01fa<\\/variant><condition/><weight>1<\\/weight><stageVersion>Adm-20141203_202706-183<\\/stageVersion><promptData><replyType/><answer>&lt;p xmlns:ivona=\\\"http://www.ivona.com/2009/12/ssml\\\" xmlns:amazon=\\\"https://amazon.com/ssml/2017-01-01/\\\"&gt;Goodbye.&lt;/p&gt;<\\/answer><promptID>AnswerSsml<\\/promptID><namespace>SmartDJ.MusicQA<\\/namespace><overrideId/><prosodyPreRenderHook/><expectations/><\\/promptData><\\/promptMetadata><\\/metadata><\\/speak>\",\"entryType\":\"Knowledge\",\"mainEntity\":{\"tkid\":\"[fake editorial entity]\",\"properties\":{\"background-color\":\"#F15B00\",\"suppress-card\":\"false\"}},\"answerText\":\"Goodbye.\",\"answered\":true,\"validForGUI\":true,\"searchQueryText\":\"\",\"domains\":[\"[editorial response]\",\"[phatic domain]\",\"[background-color: #F15B00]\"],\"answerEntities\":[{\"tkid\":\"[fake editorial entity]\",\"properties\":{\"background-color\":\"#F15B00\",\"suppress-card\":\"false\"}}],\"spokenAnswerText\":\"Goodbye.\",\"understood\":true,\"questionText\":\"Bye\"}]}","domainType":null,"feedbackAttributes":null,"id":"A2F07N8TDIAK5U#1526389670603#AB72C64C86AW2#B0F00712518400WN","intentType":null,"providerInfoDescription":null,"registeredCustomerId":"A2F07N8TDIAK5U","sourceActiveUsers":null,"sourceDeviceIds":[{"deviceAccountId":null,"deviceType":"AB72C64C86AW2","serialNumber":"B0F00712518400WN"}],"utteranceId":"AB72C64C86AW2:1.0/2018/05/15/13/B0F00712518400WN/07:48::TNIH_2V.01f4c36b-3ffe-46c8-8773-0a05a80bf4c1ZXV","version":1},{"_disambiguationId":null,"activityStatus":"SUCCESS","creationTimestamp":1526389669248,"description":"{\"summary\":\"alexa\",\"firstUtteranceId\":\"AB72C64C86AW2:1.0/2018/05/15/13/B0F00712518400WN/07:48::TNIH_2V.01f4c36b-3ffe-46c8-8773-0a05a80bf4c1ZXV/0\",\"firstStreamId\":\"AB72C64C86AW2:1.0/2018/05/15/13/B0F00712518400WN/07:48::TNIH_2V.01f4c36b-3ffe-46c8-8773-0a05a80bf4c1ZXV\"}","domainAttributes":null,"domainType":null,"feedbackAttributes":null,"id":"A2F07N8TDIAK5U#1526389669248#AB72C64C86AW2#B0F00712518400WN","intentType":null,"providerInfoDescription":null,"registeredCustomerId":"A2F07N8TDIAK5U","sourceActiveUsers":null,"sourceDeviceIds":[{"deviceAccountId":null,"deviceType":"AB72C64C86AW2","serialNumber":"B0F00712518400WN"}],"utteranceId":"AB72C64C86AW2:1.0/2018/05/15/13/B0F00712518400WN/07:48::TNIH_2V.01f4c36b-3ffe-46c8-8773-0a05a80bf4c1ZXV","version":1},{"_disambiguationId":null,"activityStatus":"SUCCESS","creationTimestamp":1526389663789,"description":"{\"summary\":\"well i see you soon\",\"firstUtteranceId\":\"AB72C64C86AW2:1.0/2018/05/15/13/B0F00712518400WN/07:41::TNIH_2V.e11a98f6-cd12-46de-9cd3-e9175e9d27a4ZXV/1\",\"firstStreamId\":\"AB72C64C86AW2:1.0/2018/05/15/13/B0F00712518400WN/07:41::TNIH_2V.e11a98f6-cd12-46de-9cd3-e9175e9d27a4ZXV\"}","domainAttributes":null,"domainType":null,"feedbackAttributes":null,"id":"A2F07N8TDIAK5U#1526389663789#AB72C64C86AW2#B0F00712518400WN","intentType":null,"providerInfoDescription":null,"registeredCustomerId":"A2F07N8TDIAK5U","sourceActiveUsers":null,"sourceDeviceIds":[{"deviceAccountId":null,"deviceType":"AB72C64C86AW2","serialNumber":"B0F00712518400WN"}],"utteranceId":"AB72C64C86AW2:1.0/2018/05/15/13/B0F00712518400WN/07:41::TNIH_2V.e11a98f6-cd12-46de-9cd3-e9175e9d27a4ZXV","version":1},{"_disambiguationId":null,"activityStatus":"SUCCESS","creationTimestamp":1526389661753,"description":"{\"summary\":\"alexa\",\"firstUtteranceId\":\"AB72C64C86AW2:1.0/2018/05/15/13/B0F00712518400WN/07:41::TNIH_2V.e11a98f6-cd12-46de-9cd3-e9175e9d27a4ZXV/0\",\"firstStreamId\":\"AB72C64C86AW2:1.0/2018/05/15/13/B0F00712518400WN/07:41::TNIH_2V.e11a98f6-cd12-46de-9cd3-e9175e9d27a4ZXV\"}","domainAttributes":null,"domainType":null,"feedbackAttributes":null,"id":"A2F07N8TDIAK5U#1526389661753#AB72C64C86AW2#B0F00712518400WN","intentType":null,"providerInfoDescription":null,"registeredCustomerId":"A2F07N8TDIAK5U","sourceActiveUsers":null,"sourceDeviceIds":[{"deviceAccountId":null,"deviceType":"AB72C64C86AW2","serialNumber":"B0F00712518400WN"}],"utteranceId":"AB72C64C86AW2:1.0/2018/05/15/13/B0F00712518400WN/07:41::TNIH_2V.e11a98f6-cd12-46de-9cd3-e9175e9d27a4ZXV","version":1},{"_disambiguationId":null,"activityStatus":"DISCARDED_NON_DEVICE_DIRECTED_INTENT","creationTimestamp":1526389656174,"description":"{\"summary\":\"\",\"firstUtteranceId\":\"AB72C64C86AW2:1.0/2018/05/15/13/B0F00712518400WN/07:34::TNIH_2V.0447e3ca-7189-4f37-b914-fc611a10d637ZXV\",\"firstStreamId\":\"AB72C64C86AW2:1.0/2018/05/15/13/B0F00712518400WN/07:34::TNIH_2V.0447e3ca-7189-4f37-b914-fc611a10d637ZXV\"}","domainAttributes":null,"domainType":null,"feedbackAttributes":null,"id":"A2F07N8TDIAK5U#1526389656174#AB72C64C86AW2#B0F00712518400WN","intentType":null,"providerInfoDescription":null,"registeredCustomerId":"A2F07N8TDIAK5U","sourceActiveUsers":null,"sourceDeviceIds":[{"deviceAccountId":null,"deviceType":"AB72C64C86AW2","serialNumber":"B0F00712518400WN"}],"utteranceId":"AB72C64C86AW2:1.0/2018/05/15/13/B0F00712518400WN/07:34::TNIH_2V.0447e3ca-7189-4f37-b914-fc611a10d637ZXV","version":1},{"_disambiguationId":null,"activityStatus":"SUCCESS","creationTimestamp":1526389651388,"description":"{\"summary\":\"did you have another story\",\"firstUtteranceId\":\"AB72C64C86AW2:1.0/2018/05/15/13/B0F00712518400WN/07:28::TNIH_2V.0e3693f7-962b-45e3-9842-d897b692c9d7ZXV/1\",\"firstStreamId\":\"AB72C64C86AW2:1.0/2018/05/15/13/B0F00712518400WN/07:28::TNIH_2V.0e3693f7-962b-45e3-9842-d897b692c9d7ZXV\"}","domainAttributes":null,"domainType":null,"feedbackAttributes":null,"id":"A2F07N8TDIAK5U#1526389651388#AB72C64C86AW2#B0F00712518400WN","intentType":null,"providerInfoDescription":null,"registeredCustomerId":"A2F07N8TDIAK5U","sourceActiveUsers":null,"sourceDeviceIds":[{"deviceAccountId":null,"deviceType":"AB72C64C86AW2","serialNumber":"B0F00712518400WN"}],"utteranceId":"AB72C64C86AW2:1.0/2018/05/15/13/B0F00712518400WN/07:28::TNIH_2V.0e3693f7-962b-45e3-9842-d897b692c9d7ZXV","version":1},{"_disambiguationId":null,"activityStatus":"SUCCESS","creationTimestamp":1526389649457,"description":"{\"summary\":\"alexa\",\"firstUtteranceId\":\"AB72C64C86AW2:1.0/2018/05/15/13/B0F00712518400WN/07:28::TNIH_2V.0e3693f7-962b-45e3-9842-d897b692c9d7ZXV/0\",\"firstStreamId\":\"AB72C64C86AW2:1.0/2018/05/15/13/B0F00712518400WN/07:28::TNIH_2V.0e3693f7-962b-45e3-9842-d897b692c9d7ZXV\"}","domainAttributes":null,"domainType":null,"feedbackAttributes":null,"id":"A2F07N8TDIAK5U#1526389649457#AB72C64C86AW2#B0F00712518400WN","intentType":null,"providerInfoDescription":null,"registeredCustomerId":"A2F07N8TDIAK5U","sourceActiveUsers":null,"sourceDeviceIds":[{"deviceAccountId":null,"deviceType":"AB72C64C86AW2","serialNumber":"B0F00712518400WN"}],"utteranceId":"AB72C64C86AW2:1.0/2018/05/15/13/B0F00712518400WN/07:28::TNIH_2V.0e3693f7-962b-45e3-9842-d897b692c9d7ZXV","version":1},{"_disambiguationId":null,"activityStatus":"DISCARDED_NON_DEVICE_DIRECTED_INTENT","creationTimestamp":1526389645106,"description":"{\"summary\":\"\",\"firstUtteranceId\":\"AB72C64C86AW2:1.0/2018/05/15/13/B0F00712518400WN/07:18::TNIH_2V.5f36e530-da6b-42dc-a0f5-5e3a10c8872cZXV\",\"firstStreamId\":\"AB72C64C86AW2:1.0/2018/05/15/13/B0F00712518400WN/07:18::TNIH_2V.5f36e530-da6b-42dc-a0f5-5e3a10c8872cZXV\"}","domainAttributes":null,"domainType":null,"feedbackAttributes":null,"id":"A2F07N8TDIAK5U#1526389645106#AB72C64C86AW2#B0F00712518400WN","intentType":null,"providerInfoDescription":null,"registeredCustomerId":"A2F07N8TDIAK5U","sourceActiveUsers":null,"sourceDeviceIds":[{"deviceAccountId":null,"deviceType":"AB72C64C86AW2","serialNumber":"B0F00712518400WN"}],"utteranceId":"AB72C64C86AW2:1.0/2018/05/15/13/B0F00712518400WN/07:18::TNIH_2V.5f36e530-da6b-42dc-a0f5-5e3a10c8872cZXV","version":1},{"_disambiguationId":null,"activityStatus":"SUCCESS","creationTimestamp":1526389610541,"description":"{\"summary\":\"what's up\",\"firstUtteranceId\":\"AB72C64C86AW2:1.0/2018/05/15/13/B0F00712518400WN/06:47::TNIH_2V.a1ba6bee-35f3-4781-a64e-80c704c42cd6ZXV/2\",\"firstStreamId\":\"AB72C64C86AW2:1.0/2018/05/15/13/B0F00712518400WN/06:47::TNIH_2V.a1ba6bee-35f3-4781-a64e-80c704c42cd6ZXV\"}","domainAttributes":"","domainType":null,"feedbackAttributes":null,"id":"A2F07N8TDIAK5U#1526389610541#AB72C64C86AW2#B0F00712518400WN","intentType":null,"providerInfoDescription":null,"registeredCustomerId":"A2F07N8TDIAK5U","sourceActiveUsers":null,"sourceDeviceIds":[{"deviceAccountId":null,"deviceType":"AB72C64C86AW2","serialNumber":"B0F00712518400WN"}],"utteranceId":"AB72C64C86AW2:1.0/2018/05/15/13/B0F00712518400WN/06:47::TNIH_2V.a1ba6bee-35f3-4781-a64e-80c704c42cd6ZXV","version":2},{"_disambiguationId":null,"activityStatus":"DISCARDED_NON_DEVICE_DIRECTED_INTENT","creationTimestamp":1526389609196,"description":"{\"summary\":\"\",\"firstUtteranceId\":\"AB72C64C86AW2:1.0/2018/05/15/13/B0F00712518400WN/06:47::TNIH_2V.a1ba6bee-35f3-4781-a64e-80c704c42cd6ZXV/1\",\"firstStreamId\":\"AB72C64C86AW2:1.0/2018/05/15/13/B0F00712518400WN/06:47::TNIH_2V.a1ba6bee-35f3-4781-a64e-80c704c42cd6ZXV\"}","domainAttributes":null,"domainType":null,"feedbackAttributes":null,"id":"A2F07N8TDIAK5U#1526389609196#AB72C64C86AW2#B0F00712518400WN","intentType":null,"providerInfoDescription":null,"registeredCustomerId":"A2F07N8TDIAK5U","sourceActiveUsers":null,"sourceDeviceIds":[{"deviceAccountId":null,"deviceType":"AB72C64C86AW2","serialNumber":"B0F00712518400WN"}],"utteranceId":"AB72C64C86AW2:1.0/2018/05/15/13/B0F00712518400WN/06:47::TNIH_2V.a1ba6bee-35f3-4781-a64e-80c704c42cd6ZXV","version":1},{"_disambiguationId":null,"activityStatus":"SUCCESS","creationTimestamp":1526389607853,"description":"{\"summary\":\"alexa\",\"firstUtteranceId\":\"AB72C64C86AW2:1.0/2018/05/15/13/B0F00712518400WN/06:47::TNIH_2V.a1ba6bee-35f3-4781-a64e-80c704c42cd6ZXV/0\",\"firstStreamId\":\"AB72C64C86AW2:1.0/2018/05/15/13/B0F00712518400WN/06:47::TNIH_2V.a1ba6bee-35f3-4781-a64e-80c704c42cd6ZXV\"}","domainAttributes":null,"domainType":null,"feedbackAttributes":null,"id":"A2F07N8TDIAK5U#1526389607853#AB72C64C86AW2#B0F00712518400WN","intentType":null,"providerInfoDescription":null,"registeredCustomerId":"A2F07N8TDIAK5U","sourceActiveUsers":null,"sourceDeviceIds":[{"deviceAccountId":null,"deviceType":"AB72C64C86AW2","serialNumber":"B0F00712518400WN"}],"utteranceId":"AB72C64C86AW2:1.0/2018/05/15/13/B0F00712518400WN/06:47::TNIH_2V.a1ba6bee-35f3-4781-a64e-80c704c42cd6ZXV","version":1},{"_disambiguationId":null,"activityStatus":"DISCARDED_NON_DEVICE_DIRECTED_INTENT","creationTimestamp":1526389589681,"description":"{\"summary\":\"\",\"firstUtteranceId\":\"AB72C64C86AW2:1.0/2018/05/15/13/B0F00712518400WN/06:28::TNIH_2V.865aaa86-2b46-4ded-868a-8c8b0db9a14cZXV\",\"firstStreamId\":\"AB72C64C86AW2:1.0/2018/05/15/13/B0F00712518400WN/06:28::TNIH_2V.865aaa86-2b46-4ded-868a-8c8b0db9a14cZXV\"}","domainAttributes":null,"domainType":null,"feedbackAttributes":null,"id":"A2F07N8TDIAK5U#1526389589681#AB72C64C86AW2#B0F00712518400WN","intentType":null,"providerInfoDescription":null,"registeredCustomerId":"A2F07N8TDIAK5U","sourceActiveUsers":null,"sourceDeviceIds":[{"deviceAccountId":null,"deviceType":"AB72C64C86AW2","serialNumber":"B0F00712518400WN"}],"utteranceId":"AB72C64C86AW2:1.0/2018/05/15/13/B0F00712518400WN/06:28::TNIH_2V.865aaa86-2b46-4ded-868a-8c8b0db9a14cZXV","version":1},{"_disambiguationId":null,"activityStatus":"SUCCESS","creationTimestamp":1526389575122,"description":"{\"summary\":\"what's the weather for today\",\"firstUtteranceId\":\"AB72C64C86AW2:1.0/2018/05/15/13/B0F00712518400WN/06:12::TNIH_2V.09c4df90-bf20-4f1e-b559-0e73ab62add0ZXV/1\",\"firstStreamId\":\"AB72C64C86AW2:1.0/2018/05/15/13/B0F00712518400WN/06:12::TNIH_2V.09c4df90-bf20-4f1e-b559-0e73ab62add0ZXV\"}","domainAttributes":"{\"disambiguated\":false,\"nBestList\":[{\"entryType\":\"Weather\",\"alertAttributes\":[],\"startIndex\":0,\"endIndex\":1,\"conditionsAttributes\":{\"precipitation\":{\"scale\":\"mm\",\"value\":0},\"uvText\":\"Low\",\"weatherIcon\":6,\"weatherSummary\":\"Mostly cloudy\",\"link\":\"http://www.accuweather.com/en/ch/le-pigeon/316102/current-weather/316102?lang=en-us\",\"relativeHumidity\":70,\"temperature\":{\"scale\":\"C\",\"value\":16},\"uvIndex\":2,\"realFeelTemperature\":{\"scale\":\"C\",\"value\":18},\"mobileLink\":\"http://m.accuweather.com/en/ch/le-pigeon/316102/current-weather/316102?lang=en-us\",\"wind\":{\"windSpeedDegrees\":270,\"windSpeedScale\":\"km/h\",\"windSpeedValue\":8.3,\"windSpeedDirection\":\"W\"}},\"forecastAttributes\":[{\"maxTemperature\":{\"scale\":\"C\",\"value\":17},\"minTemperature\":{\"scale\":\"C\",\"value\":9},\"minRealFeelTemperature\":{\"scale\":\"C\",\"value\":6},\"night\":{\"weatherShortPhrase\":\"A shower and t-storm around\",\"rain\":{\"scale\":\"mm\",\"value\":5},\"precipitationProbability\":60,\"weatherLongPhrase\":\"Mostly cloudy with a couple of showers and a thunderstorm\",\"weatherIcon\":15,\"snow\":{\"scale\":\"cm\",\"value\":0},\"snowProbability\":0,\"weatherText\":\"Thunderstorms\",\"wind\":{\"windSpeedDegrees\":139,\"windSpeedScale\":\"km/h\",\"windSpeedValue\":7.4,\"windSpeedDirection\":\"SE\"},\"rainProbability\":60},\"link\":\"http://www.accuweather.com/en/ch/le-pigeon/316102/daily-weather-forecast/316102?day=1&unit=c&lang=en-us\",\"mobileLink\":\"http://m.accuweather.com/en/ch/le-pigeon/316102/daily-weather-forecast/316102?day=1&unit=c&lang=en-us\",\"day\":{\"weatherShortPhrase\":\"A shower or t-storm in spots\",\"rain\":{\"scale\":\"mm\",\"value\":2},\"precipitationProbability\":42,\"weatherLongPhrase\":\"Variable cloudiness with a shower or thunderstorm in the area\",\"weatherIcon\":16,\"snow\":{\"scale\":\"cm\",\"value\":0},\"snowProbability\":0,\"weatherText\":\"Mostly cloudy w/ t-storms\",\"wind\":{\"windSpeedDegrees\":301,\"windSpeedScale\":\"km/h\",\"windSpeedValue\":9.3,\"windSpeedDirection\":\"WNW\"},\"rainProbability\":42},\"maxRealFeelTemperature\":{\"scale\":\"C\",\"value\":19},\"forecastDate\":\"2018-05-15T07:00:00+02:00\"},{\"maxTemperature\":{\"scale\":\"C\",\"value\":18},\"minTemperature\":{\"scale\":\"C\",\"value\":8},\"minRealFeelTemperature\":{\"scale\":\"C\",\"value\":7},\"night\":{\"weatherShortPhrase\":\"A thunderstorm in spots early\",\"rain\":{\"scale\":\"mm\",\"value\":1},\"precipitationProbability\":40,\"weatherLongPhrase\":\"A shower or thunderstorm in spots in the evening; otherwise, mostly cloudy\",\"weatherIcon\":15,\"snow\":{\"scale\":\"cm\",\"value\":0},\"snowProbability\":0,\"weatherText\":\"Thunderstorms\",\"wind\":{\"windSpeedDegrees\":83,\"windSpeedScale\":\"km/h\",\"windSpeedValue\":9.3,\"windSpeedDirection\":\"E\"},\"rainProbability\":40},\"link\":\"http://www.accuweather.com/en/ch/le-pigeon/316102/daily-weather-forecast/316102?day=2&unit=c&lang=en-us\",\"mobileLink\":\"http://m.accuweather.com/en/ch/le-pigeon/316102/daily-weather-forecast/316102?day=2&unit=c&lang=en-us\",\"day\":{\"weatherShortPhrase\":\"Variable clouds, a t-storm\",\"rain\":{\"scale\":\"mm\",\"value\":4},\"precipitationProbability\":55,\"weatherLongPhrase\":\"Variable clouds with a shower or thunderstorm around\",\"weatherIcon\":16,\"snow\":{\"scale\":\"cm\",\"value\":0},\"snowProbability\":0,\"weatherText\":\"Mostly cloudy w/ t-storms\",\"wind\":{\"windSpeedDegrees\":16,\"windSpeedScale\":\"km/h\",\"windSpeedValue\":9.3,\"windSpeedDirection\":\"NNE\"},\"rainProbability\":55},\"maxRealFeelTemperature\":{\"scale\":\"C\",\"value\":19},\"forecastDate\":\"2018-05-16T07:00:00+02:00\"},{\"maxTemperature\":{\"scale\":\"C\",\"value\":21},\"minTemperature\":{\"scale\":\"C\",\"value\":8},\"minRealFeelTemperature\":{\"scale\":\"C\",\"value\":7},\"night\":{\"weatherShortPhrase\":\"Partly cloudy\",\"rain\":{\"scale\":\"mm\",\"value\":0},\"precipitationProbability\":14,\"weatherLongPhrase\":\"Partly cloudy\",\"weatherIcon\":35,\"snow\":{\"scale\":\"cm\",\"value\":0},\"snowProbability\":0,\"weatherText\":\"Partly cloudy\",\"wind\":{\"windSpeedDegrees\":79,\"windSpeedScale\":\"km/h\",\"windSpeedValue\":9.3,\"windSpeedDirection\":\"E\"},\"rainProbability\":14},\"link\":\"http://www.accuweather.com/en/ch/le-pigeon/316102/daily-weather-forecast/316102?day=3&unit=c&lang=en-us\",\"mobileLink\":\"http://m.accuweather.com/en/ch/le-pigeon/316102/daily-weather-forecast/316102?day=3&unit=c&lang=en-us\",\"day\":{\"weatherShortPhrase\":\"Clouds and sun with a t-storm\",\"rain\":{\"scale\":\"mm\",\"value\":4},\"precipitationProbability\":57,\"weatherLongPhrase\":\"Intervals of clouds and sun with a shower or thunderstorm around\",\"weatherIcon\":17,\"snow\":{\"scale\":\"cm\",\"value\":0},\"snowProbability\":0,\"weatherText\":\"Partly sunny w/ t-storms\",\"wind\":{\"windSpeedDegrees\":24,\"windSpeedScale\":\"km/h\",\"windSpeedValue\":14.8,\"windSpeedDirection\":\"NNE\"},\"rainProbability\":57},\"maxRealFeelTemperature\":{\"scale\":\"C\",\"value\":23},\"forecastDate\":\"2018-05-17T07:00:00+02:00\"},{\"maxTemperature\":{\"scale\":\"C\",\"value\":22},\"minTemperature\":{\"scale\":\"C\",\"value\":9},\"minRealFeelTemperature\":{\"scale\":\"C\",\"value\":9},\"night\":{\"weatherShortPhrase\":\"Mostly clear\",\"rain\":{\"scale\":\"mm\",\"value\":0},\"precipitationProbability\":25,\"weatherLongPhrase\":\"Mostly clear\",\"weatherIcon\":34,\"snow\":{\"scale\":\"cm\",\"value\":0},\"snowProbability\":0,\"weatherText\":\"Mostly clear\",\"wind\":{\"windSpeedDegrees\":82,\"windSpeedScale\":\"km/h\",\"windSpeedValue\":7.4,\"windSpeedDirection\":\"E\"},\"rainProbability\":24},\"link\":\"http://www.accuweather.com/en/ch/le-pigeon/316102/daily-weather-forecast/316102?day=4&unit=c&lang=en-us\",\"mobileLink\":\"http://m.accuweather.com/en/ch/le-pigeon/316102/daily-weather-forecast/316102?day=4&unit=c&lang=en-us\",\"day\":{\"weatherShortPhrase\":\"A shower and t-storm around\",\"rain\":{\"scale\":\"mm\",\"value\":5},\"precipitationProbability\":61,\"weatherLongPhrase\":\"Intervals of clouds and sunshine with a couple of showers and a thunderstorm\",\"weatherIcon\":17,\"snow\":{\"scale\":\"cm\",\"value\":0},\"snowProbability\":0,\"weatherText\":\"Partly sunny w/ t-storms\",\"wind\":{\"windSpeedDegrees\":357,\"windSpeedScale\":\"km/h\",\"windSpeedValue\":9.3,\"windSpeedDirection\":\"N\"},\"rainProbability\":61},\"maxRealFeelTemperature\":{\"scale\":\"C\",\"value\":24},\"forecastDate\":\"2018-05-18T07:00:00+02:00\"},{\"maxTemperature\":{\"scale\":\"C\",\"value\":21},\"minTemperature\":{\"scale\":\"C\",\"value\":10},\"minRealFeelTemperature\":{\"scale\":\"C\",\"value\":10},\"night\":{\"weatherShortPhrase\":\"Patchy clouds\",\"rain\":{\"scale\":\"mm\",\"value\":0},\"precipitationProbability\":25,\"weatherLongPhrase\":\"Patchy clouds\",\"weatherIcon\":35,\"snow\":{\"scale\":\"cm\",\"value\":0},\"snowProbability\":0,\"weatherText\":\"Partly cloudy\",\"wind\":{\"windSpeedDegrees\":90,\"windSpeedScale\":\"km/h\",\"windSpeedValue\":7.4,\"windSpeedDirection\":\"E\"},\"rainProbability\":24},\"link\":\"http://www.accuweather.com/en/ch/le-pigeon/316102/daily-weather-forecast/316102?day=5&unit=c&lang=en-us\",\"mobileLink\":\"http://m.accuweather.com/en/ch/le-pigeon/316102/daily-weather-forecast/316102?day=5&unit=c&lang=en-us\",\"day\":{\"weatherShortPhrase\":\"A thunderstorm in spots\",\"rain\":{\"scale\":\"mm\",\"value\":1},\"precipitationProbability\":45,\"weatherLongPhrase\":\"Intervals of clouds and sunshine with a shower or thunderstorm in spots in the afternoon\",\"weatherIcon\":4,\"snow\":{\"scale\":\"cm\",\"value\":0},\"snowProbability\":0,\"weatherText\":\"Intermittent clouds\",\"wind\":{\"windSpeedDegrees\":341,\"windSpeedScale\":\"km/h\",\"windSpeedValue\":11.1,\"windSpeedDirection\":\"NNW\"},\"rainProbability\":45},\"maxRealFeelTemperature\":{\"scale\":\"C\",\"value\":24},\"forecastDate\":\"2018-05-19T07:00:00+02:00\"},{\"maxTemperature\":{\"scale\":\"C\",\"value\":19},\"minTemperature\":{\"scale\":\"C\",\"value\":10},\"minRealFeelTemperature\":{\"scale\":\"C\",\"value\":10},\"night\":{\"weatherShortPhrase\":\"Variable cloudiness\",\"rain\":{\"scale\":\"mm\",\"value\":0},\"precipitationProbability\":25,\"weatherLongPhrase\":\"Variable cloudiness\",\"weatherIcon\":35,\"snow\":{\"scale\":\"cm\",\"value\":0},\"snowProbability\":0,\"weatherText\":\"Partly cloudy\",\"wind\":{\"windSpeedDegrees\":150,\"windSpeedScale\":\"km/h\",\"windSpeedValue\":7.4,\"windSpeedDirection\":\"SSE\"},\"rainProbability\":24},\"link\":\"http://www.accuweather.com/en/ch/le-pigeon/316102/daily-weather-forecast/316102?day=6&unit=c&lang=en-us\",\"mobileLink\":\"http://m.accuweather.com/en/ch/le-pigeon/316102/daily-weather-forecast/316102?day=6&unit=c&lang=en-us\",\"day\":{\"weatherShortPhrase\":\"Variable clouds, a t-storm\",\"rain\":{\"scale\":\"mm\",\"value\":3},\"precipitationProbability\":55,\"weatherLongPhrase\":\"Variable clouds with a shower or thunderstorm around\",\"weatherIcon\":6,\"snow\":{\"scale\":\"cm\",\"value\":0},\"snowProbability\":0,\"weatherText\":\"Mostly cloudy\",\"wind\":{\"windSpeedDegrees\":316,\"windSpeedScale\":\"km/h\",\"windSpeedValue\":7.4,\"windSpeedDirection\":\"NW\"},\"rainProbability\":55},\"maxRealFeelTemperature\":{\"scale\":\"C\",\"value\":24},\"forecastDate\":\"2018-05-20T07:00:00+02:00\"},{\"maxTemperature\":{\"scale\":\"C\",\"value\":20},\"minTemperature\":{\"scale\":\"C\",\"value\":11},\"minRealFeelTemperature\":{\"scale\":\"C\",\"value\":10},\"night\":{\"weatherShortPhrase\":\"Mostly cloudy\",\"rain\":{\"scale\":\"mm\",\"value\":0},\"precipitationProbability\":25,\"weatherLongPhrase\":\"Mostly cloudy\",\"weatherIcon\":38,\"snow\":{\"scale\":\"cm\",\"value\":0},\"snowProbability\":0,\"weatherText\":\"Mostly cloudy\",\"wind\":{\"windSpeedDegrees\":148,\"windSpeedScale\":\"km/h\",\"windSpeedValue\":7.4,\"windSpeedDirection\":\"SSE\"},\"rainProbability\":25},\"link\":\"http://www.accuweather.com/en/ch/le-pigeon/316102/daily-weather-forecast/316102?day=7&unit=c&lang=en-us\",\"mobileLink\":\"http://m.accuweather.com/en/ch/le-pigeon/316102/daily-weather-forecast/316102?day=7&unit=c&lang=en-us\",\"day\":{\"weatherShortPhrase\":\"A touch of afternoon rain\",\"rain\":{\"scale\":\"mm\",\"value\":1},\"precipitationProbability\":59,\"weatherLongPhrase\":\"Variable cloudiness with a little rain in the afternoon\",\"weatherIcon\":13,\"snow\":{\"scale\":\"cm\",\"value\":0},\"snowProbability\":0,\"weatherText\":\"Mostly cloudy w/ showers\",\"wind\":{\"windSpeedDegrees\":305,\"windSpeedScale\":\"km/h\",\"windSpeedValue\":9.3,\"windSpeedDirection\":\"NW\"},\"rainProbability\":59},\"maxRealFeelTemperature\":{\"scale\":\"C\",\"value\":23},\"forecastDate\":\"2018-05-21T07:00:00+02:00\"},{\"maxTemperature\":{\"scale\":\"C\",\"value\":22},\"minTemperature\":{\"scale\":\"C\",\"value\":9},\"minRealFeelTemperature\":{\"scale\":\"C\",\"value\":11},\"night\":{\"weatherShortPhrase\":\"Partly cloudy\",\"rain\":{\"scale\":\"mm\",\"value\":0},\"precipitationProbability\":24,\"weatherLongPhrase\":\"Partly cloudy\",\"weatherIcon\":35,\"snow\":{\"scale\":\"cm\",\"value\":0},\"snowProbability\":0,\"weatherText\":\"Partly cloudy\",\"wind\":{\"windSpeedDegrees\":161,\"windSpeedScale\":\"km/h\",\"windSpeedValue\":1.9,\"windSpeedDirection\":\"SSE\"},\"rainProbability\":24},\"link\":\"http://www.accuweather.com/en/ch/le-pigeon/316102/daily-weather-forecast/316102?day=8&unit=c&lang=en-us\",\"mobileLink\":\"http://m.accuweather.com/en/ch/le-pigeon/316102/daily-weather-forecast/316102?day=8&unit=c&lang=en-us\",\"day\":{\"weatherShortPhrase\":\"Times of clouds and sun\",\"rain\":{\"scale\":\"mm\",\"value\":0},\"precipitationProbability\":25,\"weatherLongPhrase\":\"Times of clouds and sun\",\"weatherIcon\":4,\"snow\":{\"scale\":\"cm\",\"value\":0},\"snowProbability\":0,\"weatherText\":\"Intermittent clouds\",\"wind\":{\"windSpeedDegrees\":298,\"windSpeedScale\":\"km/h\",\"windSpeedValue\":5.6,\"windSpeedDirection\":\"WNW\"},\"rainProbability\":25},\"maxRealFeelTemperature\":{\"scale\":\"C\",\"value\":26},\"forecastDate\":\"2018-05-22T07:00:00+02:00\"},{\"maxTemperature\":{\"scale\":\"C\",\"value\":21},\"minTemperature\":{\"scale\":\"C\",\"value\":9},\"minRealFeelTemperature\":{\"scale\":\"C\",\"value\":10},\"night\":{\"weatherShortPhrase\":\"Mostly cloudy\",\"rain\":{\"scale\":\"mm\",\"value\":0},\"precipitationProbability\":25,\"weatherLongPhrase\":\"Mostly cloudy\",\"weatherIcon\":38,\"snow\":{\"scale\":\"cm\",\"value\":0},\"snowProbability\":0,\"weatherText\":\"Mostly cloudy\",\"wind\":{\"windSpeedDegrees\":292,\"windSpeedScale\":\"km/h\",\"windSpeedValue\":1.9,\"windSpeedDirection\":\"WNW\"},\"rainProbability\":24},\"link\":\"http://www.accuweather.com/en/ch/le-pigeon/316102/daily-weather-forecast/316102?day=9&unit=c&lang=en-us\",\"mobileLink\":\"http://m.accuweather.com/en/ch/le-pigeon/316102/daily-weather-forecast/316102?day=9&unit=c&lang=en-us\",\"day\":{\"weatherShortPhrase\":\"Mostly cloudy\",\"rain\":{\"scale\":\"mm\",\"value\":0},\"precipitationProbability\":25,\"weatherLongPhrase\":\"Mostly cloudy\",\"weatherIcon\":6,\"snow\":{\"scale\":\"cm\",\"value\":0},\"snowProbability\":0,\"weatherText\":\"Mostly cloudy\",\"wind\":{\"windSpeedDegrees\":306,\"windSpeedScale\":\"km/h\",\"windSpeedValue\":3.7,\"windSpeedDirection\":\"NW\"},\"rainProbability\":25},\"maxRealFeelTemperature\":{\"scale\":\"C\",\"value\":21},\"forecastDate\":\"2018-05-23T07:00:00+02:00\"},{\"maxTemperature\":{\"scale\":\"C\",\"value\":19},\"minTemperature\":{\"scale\":\"C\",\"value\":8},\"minRealFeelTemperature\":{\"scale\":\"C\",\"value\":7},\"night\":{\"weatherShortPhrase\":\"Periods of rain\",\"rain\":{\"scale\":\"mm\",\"value\":5},\"precipitationProbability\":65,\"weatherLongPhrase\":\"Periods of rain\",\"weatherIcon\":18,\"snow\":{\"scale\":\"cm\",\"value\":0},\"snowProbability\":0,\"weatherText\":\"Rain\",\"wind\":{\"windSpeedDegrees\":32,\"windSpeedScale\":\"km/h\",\"windSpeedValue\":3.7,\"windSpeedDirection\":\"NNE\"},\"rainProbability\":65},\"link\":\"http://www.accuweather.com/en/ch/le-pigeon/316102/daily-weather-forecast/316102?day=10&unit=c&lang=en-us\",\"mobileLink\":\"http://m.accuweather.com/en/ch/le-pigeon/316102/daily-weather-forecast/316102?day=10&unit=c&lang=en-us\",\"day\":{\"weatherShortPhrase\":\"An afternoon shower or two\",\"rain\":{\"scale\":\"mm\",\"value\":2},\"precipitationProbability\":62,\"weatherLongPhrase\":\"Low clouds with a brief shower or two in the afternoon\",\"weatherIcon\":12,\"snow\":{\"scale\":\"cm\",\"value\":0},\"snowProbability\":0,\"weatherText\":\"Showers\",\"wind\":{\"windSpeedDegrees\":345,\"windSpeedScale\":\"km/h\",\"windSpeedValue\":3.7,\"windSpeedDirection\":\"NNW\"},\"rainProbability\":62},\"maxRealFeelTemperature\":{\"scale\":\"C\",\"value\":20},\"forecastDate\":\"2018-05-24T07:00:00+02:00\"}],\"hourlyEndIndex\":7,\"location\":\"Le Pigeon, Switzerland\",\"hourlyStartIndex\":0,\"weatherReportType\":\"CURRENT_CONDITIONS_REPORT\",\"empty\":false}]}","domainType":null,"feedbackAttributes":null,"id":"A2F07N8TDIAK5U#1526389575122#AB72C64C86AW2#B0F00712518400WN","intentType":null,"providerInfoDescription":null,"registeredCustomerId":"A2F07N8TDIAK5U","sourceActiveUsers":null,"sourceDeviceIds":[{"deviceAccountId":null,"deviceType":"AB72C64C86AW2","serialNumber":"B0F00712518400WN"}],"utteranceId":"AB72C64C86AW2:1.0/2018/05/15/13/B0F00712518400WN/06:12::TNIH_2V.09c4df90-bf20-4f1e-b559-0e73ab62add0ZXV","version":1},{"_disambiguationId":null,"activityStatus":"SUCCESS","creationTimestamp":1526389573439,"description":"{\"summary\":\"alexa\",\"firstUtteranceId\":\"AB72C64C86AW2:1.0/2018/05/15/13/B0F00712518400WN/06:12::TNIH_2V.09c4df90-bf20-4f1e-b559-0e73ab62add0ZXV/0\",\"firstStreamId\":\"AB72C64C86AW2:1.0/2018/05/15/13/B0F00712518400WN/06:12::TNIH_2V.09c4df90-bf20-4f1e-b559-0e73ab62add0ZXV\"}","domainAttributes":null,"domainType":null,"feedbackAttributes":null,"id":"A2F07N8TDIAK5U#1526389573439#AB72C64C86AW2#B0F00712518400WN","intentType":null,"providerInfoDescription":null,"registeredCustomerId":"A2F07N8TDIAK5U","sourceActiveUsers":null,"sourceDeviceIds":[{"deviceAccountId":null,"deviceType":"AB72C64C86AW2","serialNumber":"B0F00712518400WN"}],"utteranceId":"AB72C64C86AW2:1.0/2018/05/15/13/B0F00712518400WN/06:12::TNIH_2V.09c4df90-bf20-4f1e-b559-0e73ab62add0ZXV","version":1},{"_disambiguationId":null,"activityStatus":"DISCARDED_NON_DEVICE_DIRECTED_INTENT","creationTimestamp":1526389570358,"description":"{\"summary\":\"\",\"firstUtteranceId\":\"AB72C64C86AW2:1.0/2018/05/15/13/B0F00712518400WN/06:08::TNIH_2V.4b593494-b1a7-430b-83c7-8cb664c5d8b1ZXV\",\"firstStreamId\":\"AB72C64C86AW2:1.0/2018/05/15/13/B0F00712518400WN/06:08::TNIH_2V.4b593494-b1a7-430b-83c7-8cb664c5d8b1ZXV\"}","domainAttributes":null,"domainType":null,"feedbackAttributes":null,"id":"A2F07N8TDIAK5U#1526389570358#AB72C64C86AW2#B0F00712518400WN","intentType":null,"providerInfoDescription":null,"registeredCustomerId":"A2F07N8TDIAK5U","sourceActiveUsers":null,"sourceDeviceIds":[{"deviceAccountId":null,"deviceType":"AB72C64C86AW2","serialNumber":"B0F00712518400WN"}],"utteranceId":"AB72C64C86AW2:1.0/2018/05/15/13/B0F00712518400WN/06:08::TNIH_2V.4b593494-b1a7-430b-83c7-8cb664c5d8b1ZXV","version":1},{"_disambiguationId":null,"activityStatus":"SUCCESS","creationTimestamp":1526389566154,"description":"{\"summary\":\"alexa how are you\",\"firstUtteranceId\":\"AB72C64C86AW2:1.0/2018/05/15/13/B0F00712518400WN/06:03::TNIH_2V.e59c1388-41bb-4e9f-aedd-1bc8eb9c666dZXV/0\",\"firstStreamId\":\"AB72C64C86AW2:1.0/2018/05/15/13/B0F00712518400WN/06:03::TNIH_2V.e59c1388-41bb-4e9f-aedd-1bc8eb9c666dZXV\"}","domainAttributes":"{\"disambiguated\":false,\"nBestList\":[{\"spokenAnswerSsml\":\"<speak><prosody volume=\\\"x-loud\\\"><p xmlns:ivona=\\\"http://www.ivona.com/2009/12/ssml\\\" xmlns:amazon=\\\"https://amazon.com/ssml/2017-01-01/\\\">All systems go!<\\/p><\\/prosody><metadata><promptMetadata><promptId>AnswerSsml<\\/promptId><namespace>SmartDJ.MusicQA<\\/namespace><locale>en_US<\\/locale><overrideId>default<\\/overrideId><variant>809dfcd2-2807-4eaf-93e9-1130c2db01fa<\\/variant><condition/><weight>1<\\/weight><stageVersion>Adm-20141203_202706-183<\\/stageVersion><promptData><replyType/><answer>&lt;p xmlns:ivona=\\\"http://www.ivona.com/2009/12/ssml\\\" xmlns:amazon=\\\"https://amazon.com/ssml/2017-01-01/\\\"&gt;All systems go!&lt;/p&gt;<\\/answer><promptID>AnswerSsml<\\/promptID><namespace>SmartDJ.MusicQA<\\/namespace><overrideId/><prosodyPreRenderHook/><expectations/><\\/promptData><\\/promptMetadata><\\/metadata><\\/speak>\",\"entryType\":\"Knowledge\",\"mainEntity\":{\"tkid\":\"[fake editorial entity]\",\"properties\":{\"background-color\":\"#F15B00\",\"suppress-card\":\"false\"}},\"answerText\":\"All systems go!\",\"answered\":true,\"validForGUI\":true,\"searchQueryText\":\"\",\"domains\":[\"[editorial response]\",\"[phatic domain]\",\"[background-color: #F15B00]\"],\"answerEntities\":[{\"tkid\":\"[fake editorial entity]\",\"properties\":{\"background-color\":\"#F15B00\",\"suppress-card\":\"false\"}}],\"spokenAnswerText\":\"All systems go!\",\"understood\":true,\"questionText\":\"How are you?\"}]}","domainType":null,"feedbackAttributes":null,"id":"A2F07N8TDIAK5U#1526389566154#AB72C64C86AW2#B0F00712518400WN","intentType":null,"providerInfoDescription":null,"registeredCustomerId":"A2F07N8TDIAK5U","sourceActiveUsers":null,"sourceDeviceIds":[{"deviceAccountId":null,"deviceType":"AB72C64C86AW2","serialNumber":"B0F00712518400WN"}],"utteranceId":"AB72C64C86AW2:1.0/2018/05/15/13/B0F00712518400WN/06:03::TNIH_2V.e59c1388-41bb-4e9f-aedd-1bc8eb9c666dZXV","version":1},{"_disambiguationId":null,"activityStatus":"SUCCESS","creationTimestamp":1526389561194,"description":"{\"summary\":\"alexa say hello\",\"firstUtteranceId\":\"AB72C64C86AW2:1.0/2018/05/15/13/B0F00712518400WN/05:54::TNIH_2V.d9e382ee-4be6-4125-9fb2-293c8fe36ce7ZXV/0\",\"firstStreamId\":\"AB72C64C86AW2:1.0/2018/05/15/13/B0F00712518400WN/05:54::TNIH_2V.d9e382ee-4be6-4125-9fb2-293c8fe36ce7ZXV\"}","domainAttributes":"{\"disambiguated\":false,\"nBestList\":[{\"spokenAnswerSsml\":\"<speak><prosody volume=\\\"x-loud\\\"><p xmlns:ivona=\\\"http://www.ivona.com/2009/12/ssml\\\" xmlns:amazon=\\\"https://amazon.com/ssml/2017-01-01/\\\">Hi!<\\/p><\\/prosody><metadata><promptMetadata><promptId>AnswerSsml<\\/promptId><namespace>SmartDJ.MusicQA<\\/namespace><locale>en_US<\\/locale><overrideId>default<\\/overrideId><variant>809dfcd2-2807-4eaf-93e9-1130c2db01fa<\\/variant><condition/><weight>1<\\/weight><stageVersion>Adm-20141203_202706-183<\\/stageVersion><promptData><replyType/><answer>&lt;p xmlns:ivona=\\\"http://www.ivona.com/2009/12/ssml\\\" xmlns:amazon=\\\"https://amazon.com/ssml/2017-01-01/\\\"&gt;Hi!&lt;/p&gt;<\\/answer><promptID>AnswerSsml<\\/promptID><namespace>SmartDJ.MusicQA<\\/namespace><overrideId/><prosodyPreRenderHook/><expectations/><\\/promptData><\\/promptMetadata><\\/metadata><\\/speak>\",\"entryType\":\"Knowledge\",\"mainEntity\":{\"tkid\":\"[fake editorial entity]\",\"properties\":{\"suppress-card\":\"false\"}},\"answerText\":\"Hi!\",\"answered\":true,\"validForGUI\":true,\"searchQueryText\":\"\",\"domains\":[\"[editorial response]\",\"[phatic domain]\"],\"answerEntities\":[{\"tkid\":\"[fake editorial entity]\",\"properties\":{\"suppress-card\":\"false\"}}],\"spokenAnswerText\":\"Hi!\",\"understood\":true,\"questionText\":\"Say hello\"}]}","domainType":null,"feedbackAttributes":null,"id":"A2F07N8TDIAK5U#1526389561194#AB72C64C86AW2#B0F00712518400WN","intentType":null,"providerInfoDescription":null,"registeredCustomerId":"A2F07N8TDIAK5U","sourceActiveUsers":null,"sourceDeviceIds":[{"deviceAccountId":null,"deviceType":"AB72C64C86AW2","serialNumber":"B0F00712518400WN"}],"utteranceId":"AB72C64C86AW2:1.0/2018/05/15/13/B0F00712518400WN/05:54::TNIH_2V.d9e382ee-4be6-4125-9fb2-293c8fe36ce7ZXV","version":1},{"_disambiguationId":null,"activityStatus":"SUCCESS","creationTimestamp":1526389550980,"description":"{\"summary\":\"what time is it\",\"firstUtteranceId\":\"AB72C64C86AW2:1.0/2018/05/15/13/B0F00712518400WN/05:43::TNIH_2V.1c3c78aa-5535-464c-82a4-af1b8b60454bZXV/2\",\"firstStreamId\":\"AB72C64C86AW2:1.0/2018/05/15/13/B0F00712518400WN/05:43::TNIH_2V.1c3c78aa-5535-464c-82a4-af1b8b60454bZXV\"}","domainAttributes":null,"domainType":null,"feedbackAttributes":null,"id":"A2F07N8TDIAK5U#1526389550980#AB72C64C86AW2#B0F00712518400WN","intentType":null,"providerInfoDescription":null,"registeredCustomerId":"A2F07N8TDIAK5U","sourceActiveUsers":null,"sourceDeviceIds":[{"deviceAccountId":null,"deviceType":"AB72C64C86AW2","serialNumber":"B0F00712518400WN"}],"utteranceId":"AB72C64C86AW2:1.0/2018/05/15/13/B0F00712518400WN/05:43::TNIH_2V.1c3c78aa-5535-464c-82a4-af1b8b60454bZXV","version":1},{"_disambiguationId":null,"activityStatus":"SUCCESS","creationTimestamp":1526389547552,"description":"{\"summary\":\"alexa\",\"firstUtteranceId\":\"AB72C64C86AW2:1.0/2018/05/15/13/B0F00712518400WN/05:43::TNIH_2V.1c3c78aa-5535-464c-82a4-af1b8b60454bZXV/1\",\"firstStreamId\":\"AB72C64C86AW2:1.0/2018/05/15/13/B0F00712518400WN/05:43::TNIH_2V.1c3c78aa-5535-464c-82a4-af1b8b60454bZXV\"}","domainAttributes":null,"domainType":null,"feedbackAttributes":null,"id":"A2F07N8TDIAK5U#1526389547552#AB72C64C86AW2#B0F00712518400WN","intentType":null,"providerInfoDescription":null,"registeredCustomerId":"A2F07N8TDIAK5U","sourceActiveUsers":null,"sourceDeviceIds":[{"deviceAccountId":null,"deviceType":"AB72C64C86AW2","serialNumber":"B0F00712518400WN"}],"utteranceId":"AB72C64C86AW2:1.0/2018/05/15/13/B0F00712518400WN/05:43::TNIH_2V.1c3c78aa-5535-464c-82a4-af1b8b60454bZXV","version":1},{"_disambiguationId":null,"activityStatus":"SUCCESS","creationTimestamp":1526389544382,"description":"{\"summary\":\"alexa\",\"firstUtteranceId\":\"AB72C64C86AW2:1.0/2018/05/15/13/B0F00712518400WN/05:43::TNIH_2V.1c3c78aa-5535-464c-82a4-af1b8b60454bZXV/0\",\"firstStreamId\":\"AB72C64C86AW2:1.0/2018/05/15/13/B0F00712518400WN/05:43::TNIH_2V.1c3c78aa-5535-464c-82a4-af1b8b60454bZXV\"}","domainAttributes":null,"domainType":null,"feedbackAttributes":null,"id":"A2F07N8TDIAK5U#1526389544382#AB72C64C86AW2#B0F00712518400WN","intentType":null,"providerInfoDescription":null,"registeredCustomerId":"A2F07N8TDIAK5U","sourceActiveUsers":null,"sourceDeviceIds":[{"deviceAccountId":null,"deviceType":"AB72C64C86AW2","serialNumber":"B0F00712518400WN"}],"utteranceId":"AB72C64C86AW2:1.0/2018/05/15/13/B0F00712518400WN/05:43::TNIH_2V.1c3c78aa-5535-464c-82a4-af1b8b60454bZXV","version":1},{"_disambiguationId":null,"activityStatus":"SUCCESS","creationTimestamp":1526384326440,"description":"{\"summary\":\"Device first run on Alexa\"}","domainAttributes":"{\"nBestList\":[{\"deviceAccountName\":\"This Device\"}]}","domainType":null,"feedbackAttributes":null,"id":"A2F07N8TDIAK5U#1526384326440#A2TF17PFR55MTB#515cefc2f44e41dc9b6a4f7d54820900","intentType":null,"providerInfoDescription":null,"registeredCustomerId":"A2F07N8TDIAK5U","sourceActiveUsers":null,"sourceDeviceIds":[{"deviceAccountId":null,"deviceType":"A2TF17PFR55MTB","serialNumber":"515cefc2f44e41dc9b6a4f7d54820900"}],"utteranceId":null,"version":2},{"_disambiguationId":null,"activityStatus":"SUCCESS","creationTimestamp":1526376552264,"description":"{\"summary\":\"\",\"firstUtteranceId\":\"AB72C64C86AW2:1.0/2018/05/15/09/B0F00712518400WN/29:07::TNIH_2V.f30a33ab-961b-447d-8a96-577942cf3d8eZXV\",\"firstStreamId\":null}","domainAttributes":"{\"allowAnalysis\":true,\"applicationMetadata\":null,\"card\":null}","domainType":null,"feedbackAttributes":null,"id":"A2F07N8TDIAK5U#1526376552264#AB72C64C86AW2#B0F00712518400WN","intentType":null,"providerInfoDescription":null,"registeredCustomerId":"A2F07N8TDIAK5U","sourceActiveUsers":null,"sourceDeviceIds":[{"deviceAccountId":null,"deviceType":"AB72C64C86AW2","serialNumber":"B0F00712518400WN"}],"utteranceId":"AB72C64C86AW2:1.0/2018/05/15/09/B0F00712518400WN/29:07::TNIH_2V.f30a33ab-961b-447d-8a96-577942cf3d8eZXV","version":1},{"_disambiguationId":null,"activityStatus":"SUCCESS","creationTimestamp":1526376544981,"description":"{\"summary\":\"no\",\"firstUtteranceId\":\"AB72C64C86AW2:1.0/2018/05/15/09/B0F00712518400WN/29:03::TNIH_2V.92e194f5-07d0-4702-aeb0-3a224a1c0252ZXV/0\",\"firstStreamId\":null}","domainAttributes":"{\"allowAnalysis\":true,\"applicationMetadata\":{\"applicationId\":\"amzn1.ask.skill.8ccabd3a-a2e5-402a-b281-680ee078cb26\",\"applicationName\":\"iSmartAlarm\",\"vendorId\":\"M3LS6B4DZDHJ46\"},\"card\":null}","domainType":null,"feedbackAttributes":null,"id":"A2F07N8TDIAK5U#1526376544981#AB72C64C86AW2#B0F00712518400WN","intentType":null,"providerInfoDescription":"This request was sent to iSmartAlarm","registeredCustomerId":"A2F07N8TDIAK5U","sourceActiveUsers":null,"sourceDeviceIds":[{"deviceAccountId":null,"deviceType":"AB72C64C86AW2","serialNumber":"B0F00712518400WN"}],"utteranceId":"AB72C64C86AW2:1.0/2018/05/15/09/B0F00712518400WN/29:03::TNIH_2V.92e194f5-07d0-4702-aeb0-3a224a1c0252ZXV/0","version":1},{"_disambiguationId":null,"activityStatus":"SUCCESS","creationTimestamp":1526376538125,"description":"{\"summary\":\"tell i. smart alarm to arm my system\",\"firstUtteranceId\":\"AB72C64C86AW2:1.0/2018/05/15/09/B0F00712518400WN/28:54::TNIH_2V.cd527bb3-9528-4a38-b233-3f8c4f601eddZXV/1\",\"firstStreamId\":null}","domainAttributes":"{\"allowAnalysis\":true,\"applicationMetadata\":{\"applicationId\":\"amzn1.ask.skill.8ccabd3a-a2e5-402a-b281-680ee078cb26\",\"applicationName\":\"iSmartAlarm\",\"vendorId\":\"M3LS6B4DZDHJ46\"},\"card\":{\"type\":\"Simple\",\"title\":\"Mode Changed\",\"subtitle\":\"iSmartAlarm\",\"content\":\"Your Door is open, Are you sure you want to arm your system?\",\"applicationId\":null,\"applicationName\":null}}","domainType":null,"feedbackAttributes":null,"id":"A2F07N8TDIAK5U#1526376538125#AB72C64C86AW2#B0F00712518400WN","intentType":null,"providerInfoDescription":"This request was sent to iSmartAlarm","registeredCustomerId":"A2F07N8TDIAK5U","sourceActiveUsers":null,"sourceDeviceIds":[{"deviceAccountId":null,"deviceType":"AB72C64C86AW2","serialNumber":"B0F00712518400WN"}],"utteranceId":"AB72C64C86AW2:1.0/2018/05/15/09/B0F00712518400WN/28:54::TNIH_2V.cd527bb3-9528-4a38-b233-3f8c4f601eddZXV/1","version":1},{"_disambiguationId":null,"activityStatus":"SUCCESS","creationTimestamp":1526376534632,"description":"{\"summary\":\"alexa\",\"firstUtteranceId\":\"AB72C64C86AW2:1.0/2018/05/15/09/B0F00712518400WN/28:54::TNIH_2V.cd527bb3-9528-4a38-b233-3f8c4f601eddZXV/0\",\"firstStreamId\":\"AB72C64C86AW2:1.0/2018/05/15/09/B0F00712518400WN/28:54::TNIH_2V.cd527bb3-9528-4a38-b233-3f8c4f601eddZXV\"}","domainAttributes":null,"domainType":null,"feedbackAttributes":null,"id":"A2F07N8TDIAK5U#1526376534632#AB72C64C86AW2#B0F00712518400WN","intentType":null,"providerInfoDescription":null,"registeredCustomerId":"A2F07N8TDIAK5U","sourceActiveUsers":null,"sourceDeviceIds":[{"deviceAccountId":null,"deviceType":"AB72C64C86AW2","serialNumber":"B0F00712518400WN"}],"utteranceId":"AB72C64C86AW2:1.0/2018/05/15/09/B0F00712518400WN/28:54::TNIH_2V.cd527bb3-9528-4a38-b233-3f8c4f601eddZXV","version":1},{"_disambiguationId":null,"activityStatus":"SUCCESS","creationTimestamp":1526376437142,"description":"{\"summary\":\"\",\"firstUtteranceId\":\"AB72C64C86AW2:1.0/2018/05/15/09/B0F00712518400WN/27:12::TNIH_2V.d04c837c-defa-48b6-8fc4-cd1fed46b5acZXV\",\"firstStreamId\":null}","domainAttributes":"{\"allowAnalysis\":true,\"applicationMetadata\":null,\"card\":null}","domainType":null,"feedbackAttributes":null,"id":"A2F07N8TDIAK5U#1526376437142#AB72C64C86AW2#B0F00712518400WN","intentType":null,"providerInfoDescription":null,"registeredCustomerId":"A2F07N8TDIAK5U","sourceActiveUsers":null,"sourceDeviceIds":[{"deviceAccountId":null,"deviceType":"AB72C64C86AW2","serialNumber":"B0F00712518400WN"}],"utteranceId":"AB72C64C86AW2:1.0/2018/05/15/09/B0F00712518400WN/27:12::TNIH_2V.d04c837c-defa-48b6-8fc4-cd1fed46b5acZXV","version":1},{"_disambiguationId":null,"activityStatus":"SUCCESS","creationTimestamp":1526376428891,"description":"{\"summary\":\"alexa tell i smart alarm to arm my system\",\"firstUtteranceId\":\"AB72C64C86AW2:1.0/2018/05/15/09/B0F00712518400WN/27:05::TNIH_2V.efef303c-ab18-4810-90a0-dde5472685d8ZXV/0\",\"firstStreamId\":null}","domainAttributes":"{\"allowAnalysis\":true,\"applicationMetadata\":{\"applicationId\":\"amzn1.ask.skill.8ccabd3a-a2e5-402a-b281-680ee078cb26\",\"applicationName\":\"iSmartAlarm\",\"vendorId\":\"M3LS6B4DZDHJ46\"},\"card\":null}","domainType":null,"feedbackAttributes":null,"id":"A2F07N8TDIAK5U#1526376428891#AB72C64C86AW2#B0F00712518400WN","intentType":null,"providerInfoDescription":"This request was sent to iSmartAlarm","registeredCustomerId":"A2F07N8TDIAK5U","sourceActiveUsers":null,"sourceDeviceIds":[{"deviceAccountId":null,"deviceType":"AB72C64C86AW2","serialNumber":"B0F00712518400WN"}],"utteranceId":"AB72C64C86AW2:1.0/2018/05/15/09/B0F00712518400WN/27:05::TNIH_2V.efef303c-ab18-4810-90a0-dde5472685d8ZXV/0","version":1},{"_disambiguationId":null,"activityStatus":"SUCCESS","creationTimestamp":1522054193802,"description":"{\"summary\":\"Device first run on Alexa\"}","domainAttributes":"","domainType":null,"feedbackAttributes":null,"id":"A2F07N8TDIAK5U#1522054193802#AB72C64C86AW2#B0F00712518400WN","intentType":null,"providerInfoDescription":null,"registeredCustomerId":"A2F07N8TDIAK5U","sourceActiveUsers":null,"sourceDeviceIds":[{"deviceAccountId":null,"deviceType":"AB72C64C86AW2","serialNumber":"B0F00712518400WN"}],"utteranceId":null,"version":3},{"_disambiguationId":null,"activityStatus":"SUCCESS","creationTimestamp":1522003507295,"description":"{\"summary\":\"Device first run on Alexa\"}","domainAttributes":"","domainType":null,"feedbackAttributes":null,"id":"A2F07N8TDIAK5U#1522003507295#A1MPSLFC7L5AFK#6eb18f2fca814f8797c4d970557e435d","intentType":null,"providerInfoDescription":null,"registeredCustomerId":"A2F07N8TDIAK5U","sourceActiveUsers":null,"sourceDeviceIds":[{"deviceAccountId":null,"deviceType":"A1MPSLFC7L5AFK","serialNumber":"6eb18f2fca814f8797c4d970557e435d"}],"utteranceId":null,"version":3}],"endDate":1527671401989,"startDate":1522003507295}