{"activityDialogItems":[{"activityItemData":"{\"ttsText\":\"\",\"utteranceId\":\"AB72C64C86AW2:1.0/2018/05/16/13/B0F00712518400WN/35:18::TNIH_2V.428d7080-bcd8-4cbd-b850-bad5e067cd4dZXV/1\",\"endOfSpeechTimeInMillis\":1526477720133,\"isFalseWakeWord\":false,\"asrText\":\"what's friendsgiving\"}","description":null,"feedbackAttributes":null,"id":"eyJyZWdpc3RlcmVkVXNlcklkIjoiQTJGMDdOOFRESUFLNVUiLCJlbnRyeUlkIjoiMTUyNjQ3NzcyMTUwNSNBQjcyQzY0Qzg2QVcyI0IwRjAwNzEyNTE4NDAwV04jMTUyNjQ3NzcyMDEzMy0wIn0","itemType":"ASR","registeredUserId":"A2F07N8TDIAK5U","sourceDevice":"{\"deviceType\":\"AB72C64C86AW2\",\"deviceSerialNumber\":\"B0F00712518400WN\"}","timestamp":1526477720133,"utteranceId":"AB72C64C86AW2:1.0/2018/05/16/13/B0F00712518400WN/35:18::TNIH_2V.428d7080-bcd8-4cbd-b850-bad5e067cd4dZXV","version":1},{"activityItemData":"{\"ttsText\":\"\",\"intentType\":\"QAIntent\",\"slots\":[{\"name\":\"Answer\",\"value\":null},{\"name\":\"AnaphorListFromEvi\",\"value\":null},{\"name\":\"Anaphor\",\"value\":null},{\"name\":\"ApplicationDataSlot\",\"value\":null},{\"name\":\"Question\",\"value\":\"{\\\"interpretationList\\\":[{\\\"anaphora\\\":null,\\\"provisionalAnswer\\\":null,\\\"layer\\\":\\\"SEMANTIC\\\",\\\"confidence\\\":{\\\"value\\\":1.0,\\\"bin\\\":\\\"HIGH\\\"},\\\"interpretationId\\\":\\\"27e7180a-1190-4341-bc91-4f5ac8dac80f\\\",\\\"interpretedQuery\\\":{\\\"queryMappings\\\":[],\\\"queryId\\\":null,\\\"queryContext\\\":[{\\\"left\\\":\\\"[current location]\\\",\\\"right\\\":\\\"[group: [latitude: [north]; [angle: [real number: [\\\\\\\"46.5337\\\\\\\"]]; [degree]]]; [longitude: [east]; [angle: [real number: [\\\\\\\"6.74948\\\\\\\"]]; [degree]]]]\\\",\\\"relation\\\":\\\"[applies to]\\\",\\\"negative\\\":false,\\\"id\\\":\\\"[fact: [\\\\\\\"symbolic.1@trueknowledge.com\\\\\\\"]]\\\"},{\\\"left\\\":\\\"[current utc offset]\\\",\\\"right\\\":\\\"[time zone differential: [length of time: [\\\\\\\"0/0/0/2/0\\\\\\\"]]]\\\",\\\"relation\\\":\\\"[applies to]\\\",\\\"negative\\\":false,\\\"id\\\":\\\"[fact: [\\\\\\\"symbolic.5001@trueknowledge.com\\\\\\\"]]\\\"},{\\\"left\\\":\\\"[current evi tenant]\\\",\\\"right\\\":\\\"[\\\\\\\"Doppler\\\\\\\"]\\\",\\\"relation\\\":\\\"[applies to]\\\",\\\"negative\\\":false,\\\"id\\\":\\\"[fact: [\\\\\\\"symbolic.6000@trueknowledge.com\\\\\\\"]]\\\"},{\\\"left\\\":\\\"[current device type string]\\\",\\\"right\\\":\\\"[\\\\\\\"AB72C64C86AW2\\\\\\\"]\\\",\\\"relation\\\":\\\"[applies to]\\\",\\\"negative\\\":false,\\\"id\\\":\\\"[fact: [\\\\\\\"symbolic.6001@trueknowledge.com\\\\\\\"]]\\\"},{\\\"left\\\":\\\"[current user internet country code]\\\",\\\"right\\\":\\\"[internet country code: [\\\\\\\"US\\\\\\\"]]\\\",\\\"relation\\\":\\\"[applies to]\\\",\\\"negative\\\":false,\\\"id\\\":\\\"[fact: [\\\\\\\"symbolic.6002@trueknowledge.com\\\\\\\"]]\\\"},{\\\"left\\\":\\\"[current user amazon customer identifier]\\\",\\\"right\\\":\\\"[\\\\\\\"A2F07N8TDIAK5U\\\\\\\"]\\\",\\\"relation\\\":\\\"[applies to]\\\",\\\"negative\\\":false,\\\"id\\\":\\\"[fact: [\\\\\\\"symbolic.6003@trueknowledge.com\\\\\\\"]]\\\"}],\\\"metadata\\\":{\\\"deviceType\\\":\\\"AB72C64C86AW2\\\",\\\"locale\\\":\\\"en-US\\\",\\\"understandSource\\\":null,\\\"marketplaceId\\\":\\\"ATVPDKIKX0DER\\\",\\\"answerSource\\\":null,\\\"customerId\\\":\\\"A2F07N8TDIAK5U\\\",\\\"customerRenderingPreferences\\\":null,\\\"tenantName\\\":\\\"Doppler\\\",\\\"deviceId\\\":\\\"B0F00712518400WN\\\",\\\"referenceTime\\\":\\\"2018-05-16T15:35:21.506+02:00\\\",\\\"countryOfResidence\\\":\\\"US\\\"},\\\"matchedQuestion\\\":\\\"what's friendsgiving\\\",\\\"anaphoricEntities\\\":null,\\\"environment\\\":{\\\"environmentName\\\":null,\\\"tenantName\\\":\\\"Doppler\\\",\\\"countryOfResidence\\\":\\\"US\\\",\\\"overrideCache\\\":false,\\\"customerId\\\":\\\"A2F07N8TDIAK5U\\\",\\\"knowledgeStore\\\":null,\\\"deviceType\\\":\\\"AB72C64C86AW2\\\",\\\"eviInternalTenantName\\\":null,\\\"locale\\\":\\\"en-US\\\",\\\"deviceId\\\":\\\"B0F00712518400WN\\\",\\\"marketplaceId\\\":\\\"ATVPDKIKX0DER\\\",\\\"acefversion\\\":null},\\\"queryString\\\":\\\"query x|x [is a definition of the string] [\\\\\\\"friendsgiving\\\\\\\"]\\\",\\\"overrides\\\":{\\\"overrideCache\\\":false,\\\"environmentName\\\":null,\\\"eviInternalTenantName\\\":null,\\\"maxInterpretations\\\":0,\\\"knowledgeStore\\\":null,\\\"betaCustomer\\\":false,\\\"nlgstrategy\\\":null,\\\"acefversion\\\":null}},\\\"templateScore\\\":1.0,\\\"matchedQuestion\\\":\\\"what's friendsgiving\\\",\\\"domains\\\":[\\\"[lexicography question and answer domain]\\\"],\\\"metadata\\\":{\\\"deviceType\\\":\\\"AB72C64C86AW2\\\",\\\"locale\\\":\\\"en-US\\\",\\\"understandSource\\\":\\\"semantic\\\",\\\"marketplaceId\\\":\\\"ATVPDKIKX0DER\\\",\\\"answerSource\\\":null,\\\"customerId\\\":\\\"A2F07N8TDIAK5U\\\",\\\"customerRenderingPreferences\\\":null,\\\"tenantName\\\":\\\"Doppler\\\",\\\"deviceId\\\":\\\"B0F00712518400WN\\\",\\\"referenceTime\\\":\\\"2018-05-16T15:35:21.506+02:00\\\",\\\"countryOfResidence\\\":\\\"US\\\"},\\\"templateId\\\":\\\"definition_of_the_string\\\"}]}\"},{\"name\":\"ResolvedAnaphorList\",\"value\":null}],\"confidenceValue\":\"1.0\",\"domainType\":\"Knowledge\",\"nbestIntentIndex\":0,\"asrText\":\"\"}","description":null,"feedbackAttributes":null,"id":"eyJyZWdpc3RlcmVkVXNlcklkIjoiQTJGMDdOOFRESUFLNVUiLCJlbnRyeUlkIjoiMTUyNjQ3NzcyMTUwNSNBQjcyQzY0Qzg2QVcyI0IwRjAwNzEyNTE4NDAwV04jMTUyNjQ3NzcyMTUwNi0xIn0","itemType":"NLU","registeredUserId":"A2F07N8TDIAK5U","sourceDevice":"{\"deviceType\":\"AB72C64C86AW2\",\"deviceSerialNumber\":\"B0F00712518400WN\"}","timestamp":1526477721506,"utteranceId":"AB72C64C86AW2:1.0/2018/05/16/13/B0F00712518400WN/35:18::TNIH_2V.428d7080-bcd8-4cbd-b850-bad5e067cd4dZXV","version":1},{"activityItemData":"{\"ttsText\":\"'friendsgiving' is usually defined as a thanksgiving feast held by and for someone's friends.\",\"voiceName\":\"en_us_nina\",\"ssml\":\"<speak><prosody volume=\\\"x-loud\\\"><p>&apos;friendsgiving&apos; is usually defined as a thanksgiving feast held by and for someone&apos;s friends.<\\/p><\\/prosody><metadata><promptMetadata><promptId>AnswerSsml<\\/promptId><namespace>SmartDJ.MusicQA<\\/namespace><locale>en_US<\\/locale><overrideId>default<\\/overrideId><variant>809dfcd2-2807-4eaf-93e9-1130c2db01fa<\\/variant><condition/><weight>1<\\/weight><stageVersion>Adm-20141203_202706-183<\\/stageVersion><promptData><replyType/><answer>&lt;p&gt;&amp;apos;friendsgiving&amp;apos; is usually defined as a thanksgiving feast held by and for someone&amp;apos;s friends.&lt;/p&gt;<\\/answer><promptID>AnswerSsml<\\/promptID><namespace>SmartDJ.MusicQA<\\/namespace><overrideId/><prosodyPreRenderHook/><expectations/><\\/promptData><\\/promptMetadata><\\/metadata><\\/speak>\",\"ttsServiceVersion\":\"unknown\",\"asrText\":\"\",\"ttsRequestId\":\"unknown\"}","description":null,"feedbackAttributes":null,"id":"eyJyZWdpc3RlcmVkVXNlcklkIjoiQTJGMDdOOFRESUFLNVUiLCJlbnRyeUlkIjoiMTUyNjQ3NzcyMTUwNSNBQjcyQzY0Qzg2QVcyI0IwRjAwNzEyNTE4NDAwV04jMTUyNjQ3NzcyMTUwNy0yIn0","itemType":"TTS","registeredUserId":"A2F07N8TDIAK5U","sourceDevice":"{\"deviceType\":\"AB72C64C86AW2\",\"deviceSerialNumber\":\"B0F00712518400WN\"}","timestamp":1526477721507,"utteranceId":"AB72C64C86AW2:1.0/2018/05/16/13/B0F00712518400WN/35:18::TNIH_2V.428d7080-bcd8-4cbd-b850-bad5e067cd4dZXV","version":1}]}