{"activityDialogItems":[{"activityItemData":"{\"ttsText\":\"\",\"utteranceId\":\"AB72C64C86AW2:1.0/2018/05/15/13/B0F00712518400WN/07:48::TNIH_2V.01f4c36b-3ffe-46c8-8773-0a05a80bf4c1ZXV/0\",\"endOfSpeechTimeInMillis\":1526389668861,\"isFalseWakeWord\":false,\"asrText\":\"alexa\"}","description":null,"feedbackAttributes":null,"id":"eyJyZWdpc3RlcmVkVXNlcklkIjoiQTJGMDdOOFRESUFLNVUiLCJlbnRyeUlkIjoiMTUyNjM4OTY2OTI0OCNBQjcyQzY0Qzg2QVcyI0IwRjAwNzEyNTE4NDAwV04jMTUyNjM4OTY2ODg2MS0wIn0","itemType":"ASR","registeredUserId":"A2F07N8TDIAK5U","sourceDevice":"{\"deviceSerialNumber\":\"B0F00712518400WN\",\"deviceType\":\"AB72C64C86AW2\"}","timestamp":1526389668861,"utteranceId":"AB72C64C86AW2:1.0/2018/05/15/13/B0F00712518400WN/07:48::TNIH_2V.01f4c36b-3ffe-46c8-8773-0a05a80bf4c1ZXV","version":1},{"activityItemData":"{\"ttsText\":\"\",\"intentType\":\"WakeWordIntent\",\"slots\":[],\"confidenceValue\":\"1.0\",\"domainType\":\"System\",\"nbestIntentIndex\":0,\"asrText\":\"\"}","description":null,"feedbackAttributes":null,"id":"eyJyZWdpc3RlcmVkVXNlcklkIjoiQTJGMDdOOFRESUFLNVUiLCJlbnRyeUlkIjoiMTUyNjM4OTY2OTI0OCNBQjcyQzY0Qzg2QVcyI0IwRjAwNzEyNTE4NDAwV04jMTUyNjM4OTY2OTI0OS0xIn0","itemType":"NLU","registeredUserId":"A2F07N8TDIAK5U","sourceDevice":"{\"deviceSerialNumber\":\"B0F00712518400WN\",\"deviceType\":\"AB72C64C86AW2\"}","timestamp":1526389669249,"utteranceId":"AB72C64C86AW2:1.0/2018/05/15/13/B0F00712518400WN/07:48::TNIH_2V.01f4c36b-3ffe-46c8-8773-0a05a80bf4c1ZXV","version":1}]}