{"activityDialogItems":[{"activityItemData":"{\"ttsText\":\"\",\"utteranceId\":\"AB72C64C86AW2:1.0/2018/05/15/09/B0F00712518400WN/27:05::TNIH_2V.efef303c-ab18-4810-90a0-dde5472685d8ZXV/0\",\"endOfSpeechTimeInMillis\":1526376427576,\"isFalseWakeWord\":false,\"asrText\":\"alexa tell i smart alarm to arm my system\"}","description":null,"feedbackAttributes":null,"id":"eyJyZWdpc3RlcmVkVXNlcklkIjoiQTJGMDdOOFRESUFLNVUiLCJlbnRyeUlkIjoiMTUyNjM3NjQyODg5MSNBQjcyQzY0Qzg2QVcyI0IwRjAwNzEyNTE4NDAwV04jMTUyNjM3NjQyNzU3Ni0wIn0","itemType":"ASR","registeredUserId":"A2F07N8TDIAK5U","sourceDevice":"{\"deviceSerialNumber\":\"B0F00712518400WN\",\"deviceType\":\"AB72C64C86AW2\"}","timestamp":1526376427576,"utteranceId":"AB72C64C86AW2:1.0/2018/05/15/09/B0F00712518400WN/27:05::TNIH_2V.efef303c-ab18-4810-90a0-dde5472685d8ZXV/0","version":1},{"activityItemData":"{\"ttsText\":\"\",\"intentType\":\"ChangeMode\",\"slots\":null,\"confidenceValue\":null,\"domainType\":\"Echo.SDK\",\"nbestIntentIndex\":0,\"asrText\":\"\"}","description":null,"feedbackAttributes":null,"id":"eyJyZWdpc3RlcmVkVXNlcklkIjoiQTJGMDdOOFRESUFLNVUiLCJlbnRyeUlkIjoiMTUyNjM3NjQyODg5MSNBQjcyQzY0Qzg2QVcyI0IwRjAwNzEyNTE4NDAwV04jMTUyNjM3NjQyODg5Mi0xIn0","itemType":"NLU","registeredUserId":"A2F07N8TDIAK5U","sourceDevice":"{\"deviceSerialNumber\":\"B0F00712518400WN\",\"deviceType\":\"AB72C64C86AW2\"}","timestamp":1526376428892,"utteranceId":"AB72C64C86AW2:1.0/2018/05/15/09/B0F00712518400WN/27:05::TNIH_2V.efef303c-ab18-4810-90a0-dde5472685d8ZXV/0","version":1},{"activityItemData":"{\"ttsText\":\"your home info error please relink.\",\"voiceName\":\"en_us_nina\",\"ssml\":\"<speak><prosody volume=\\\"x-loud\\\">your home info error please relink.<\\/prosody><metadata><promptMetadata><promptId>OutputSpeech.PlainText.Message<\\/promptId><namespace>Echo.SDK<\\/namespace><locale>en_US<\\/locale><overrideId>default<\\/overrideId><variant>af5bd34b-fd58-4bca-b96d-c68a6b620e77<\\/variant><condition/><weight>1<\\/weight><stageVersion>Adm-20150212_205320-4<\\/stageVersion><promptData><replyType/><promptID>OutputSpeech.PlainText.Message<\\/promptID><namespace>Echo.SDK<\\/namespace><overrideId/><prosodyPreRenderHook/><expectations/><message>your home info error please relink.<\\/message><\\/promptData><\\/promptMetadata><\\/metadata><\\/speak>\",\"ttsServiceVersion\":\"unknown\",\"asrText\":\"\",\"ttsRequestId\":\"unknown\"}","description":null,"feedbackAttributes":null,"id":"eyJyZWdpc3RlcmVkVXNlcklkIjoiQTJGMDdOOFRESUFLNVUiLCJlbnRyeUlkIjoiMTUyNjM3NjQyODg5MSNBQjcyQzY0Qzg2QVcyI0IwRjAwNzEyNTE4NDAwV04jMTUyNjM3NjQyODg5My0yIn0","itemType":"TTS","registeredUserId":"A2F07N8TDIAK5U","sourceDevice":"{\"deviceSerialNumber\":\"B0F00712518400WN\",\"deviceType\":\"AB72C64C86AW2\"}","timestamp":1526376428893,"utteranceId":"AB72C64C86AW2:1.0/2018/05/15/09/B0F00712518400WN/27:05::TNIH_2V.efef303c-ab18-4810-90a0-dde5472685d8ZXV/0","version":1}]}