{"activityDialogItems":[{"activityItemData":"{\"ttsText\":\"\",\"utteranceId\":\"AB72C64C86AW2:1.0/2018/05/16/13/B0F00712518400WN/35:27::TNIH_2V.fd90f6ff-ff72-44e6-b258-c523b0a2e9d4ZXV\",\"endOfSpeechTimeInMillis\":0,\"isFalseWakeWord\":false,\"asrText\":\"\"}","description":null,"feedbackAttributes":null,"id":"eyJyZWdpc3RlcmVkVXNlcklkIjoiQTJGMDdOOFRESUFLNVUiLCJlbnRyeUlkIjoiMTUyNjQ3NzczMTgyMSNBQjcyQzY0Qzg2QVcyI0IwRjAwNzEyNTE4NDAwV04jMC0wIn0","itemType":"ASR","registeredUserId":"A2F07N8TDIAK5U","sourceDevice":"{\"deviceSerialNumber\":\"B0F00712518400WN\",\"deviceType\":\"AB72C64C86AW2\"}","timestamp":0,"utteranceId":"AB72C64C86AW2:1.0/2018/05/16/13/B0F00712518400WN/35:27::TNIH_2V.fd90f6ff-ff72-44e6-b258-c523b0a2e9d4ZXV","version":1},{"activityItemData":"{\"ttsText\":\"\",\"intentType\":\"Unknown\",\"slots\":null,\"confidenceValue\":null,\"domainType\":\"Unknown\",\"nbestIntentIndex\":0,\"asrText\":\"\"}","description":null,"feedbackAttributes":null,"id":"eyJyZWdpc3RlcmVkVXNlcklkIjoiQTJGMDdOOFRESUFLNVUiLCJlbnRyeUlkIjoiMTUyNjQ3NzczMTgyMSNBQjcyQzY0Qzg2QVcyI0IwRjAwNzEyNTE4NDAwV04jMTUyNjQ3NzczMTgyMi0xIn0","itemType":"NLU","registeredUserId":"A2F07N8TDIAK5U","sourceDevice":"{\"deviceSerialNumber\":\"B0F00712518400WN\",\"deviceType\":\"AB72C64C86AW2\"}","timestamp":1526477731822,"utteranceId":"AB72C64C86AW2:1.0/2018/05/16/13/B0F00712518400WN/35:27::TNIH_2V.fd90f6ff-ff72-44e6-b258-c523b0a2e9d4ZXV","version":1}]}