[{"block":"metadata"},{"block":"layout","etag":"4kROMHwqEAZ7uHS6mDLwzg==","contents":{"component":"root","title":"My Skills","contents":[{"component":"search-results","id":"a2s-result-items","showEnable":true,"dataSource":"skillsPageData"},{"component":"token","dataSource":"tokenData"},{"component":"vpc-status","dataSource":"vpcData"},{"component":"kst-status","dataSource":"kstData"}]}},{"block":"data","data-priority":"high"},{"block":"data","data-priority":"default","contents":[{"id":"tokenData","contents":{"csrfToken":"A2SwXg2Gs2cIMvHu9wAPyfS72DYxcYj3D"}},{"id":"kstData","contents":{}},{"id":"vpcData","contents":{"vpcStatus":"NOT_SET","vpcLearnMoreUrl":"help/node/202185560"}},{"id":"skillsPageData","etag":"t7PQiBWV1u++WvLlkT60kQ==","contents":[{"usesSpeakerId":false,"vpcRequired":false,"kstRequired":false,"isPrivate":false,"showISPFeedbackIssueType":false,"title":"Arlo","productDetails":{"smallScreenDescription":"Access your Arlo cameras with simple voice commands by using Amazon Alexa","genericKeywords":[],"releaseDate":"1498386992","pamsPartnerId":"Z8g94munDO97aOqTxDjCCt85R","description":"With the Arlo Skill and Alexa, you can now access your Arlo cameras using voice commands. Using the Arlo Skill, you can ask Alexa to view the live feed from one of your cameras via your Echo Show, Echo Spot, Fire TV or Fire tablets (Gen 7 and above). To take full advantage of these features, you need a supported and connected Arlo camera and an Echo Show, Echo Spot or any generation of Fire TV including second generation of Fire TV stick or Fire TV Edition smart TVs or generation seven Fire Tablets.<br /><br />To get started, please make sure that your Arlo product is online and functioning properly.<br /><br />Ask Amazon Alexa to enable the Arlo skill &ndash; &ldquo;Alexa, enable Arlo skill&rdquo; to get instructions in your Alexa app to link your Arlo account with your Alexa account.<br /><br />OR<br /><br />In the Alexa app, search for the Arlo Skill. Select the 'Enable Skill' button to link your Arlo account with your Alexa account.<br />Now, you can start using the Arlo skill. <br /> <br /><br />Some example commands are:<br /><br />&ldquo;Alexa, show the front door camera.&ldquo;<br />&ldquo;Alexa, hide the front door camera.&rdquo;<br />&ldquo;Alexa, go home.&rdquo;<br />&ldquo;Alexa, stop.&rdquo;<br /> <br />More information is available at http://www.arlo.com/alexa<br /><br />Currently the Arlo Skill is supported on the following devices:<br />* Arlo Wire-free (Model VMC3030, VMS3x30)<br />* Arlo Q &amp; Q Plus (Model VMC3040, VMC3040S)<br />* Arlo Pro (Model VMC4030, VMS4x30)<br />* Arlo Pro 2 (Model VMC4030p, VMS4x30p)<br />* Arlo Go (Model VML4030)<br />* Arlo Baby (Model ABC1000)<br /><br />Compatible Amazon Alexa Devices:<br />* Echo Show<br />* Echo Spot<br />* Fire Tablets Generation 7th &amp; above<br />* All generations of Fire TV<br />* Only second generations of Fire TV stick<br />* Fire TV Edition smart TVs","vendorId":"MY7L8IYP83Q84","eula":"https://s3-eu-west-1.amazonaws.com/vzs3-prod-common/tc/v3/tc_en.html","permissionsInfo":[],"consentUnavailable":true,"skillTypes":["SMART_HOME"],"bulletPoints":[],"newInThisVersionBulletPoints":[],"supportsAccountLinking":true},"isInSkillProduct":false,"detailPageUrl":"/gp/product/B01M0VSEAZ","productMetadata":{"skillId":"amzn1.ask.skill.8d4d9359-9124-43f9-bb58-c1bca6b5056b","badge":"","stage":"live","enablementPartnerId":"Z8g94munDO97aOqTxDjCCt85R","status":"PUBLISHED"},"reviews":{"allReviewsUrl":"/product-reviews/B01M0VSEAZ"},"preRenderedIconUrl":"https://s3.amazonaws.com/CAPS-SSE/echo_developer/52b7/f48194b9b4324573b5457ac47213e331/APP_ICON?versionId=uwasSAoYacz1G1pAJi4EFOVglrpqn7ZI&AWSAccessKeyId=AKIAI3X6PUXD7CU5F5BQ&Expires=1530451059&Signature=8%2FrWxGg35wXU8%2FRvOFqofUZoNIg%3D","hasInSkillProducts":false,"hideReviews":false,"utterancesByLocale":{"en-US":{"utterances":"[\"Alexa, show the backyard\",\"Alexa, hide the front door\",\"Alexa, show the garage\"]","openQuote":"\"","refSuffix":"utd_ys_enus","label":"English (US)","closeQuote":"\""}},"entitlementInfo":{"entitlementStatus":"entitled","modelBuildingStatus":"ENABLED","accountLinked":true},"utterances":["Alexa, show the backyard","Alexa, hide the front door","Alexa, show the garage"],"supportsMultipleProfiles":true,"shortDescription":"Access your Arlo cameras with simple voice commands by using Amazon Alexa","productIconUrl":"https://s3.amazonaws.com/CAPS-SSE/echo_developer/52b7/f48194b9b4324573b5457ac47213e331/APP_ICON?versionId=uwasSAoYacz1G1pAJi4EFOVglrpqn7ZI&AWSAccessKeyId=AKIAI3X6PUXD7CU5F5BQ&Expires=1530451059&Signature=8%2FrWxGg35wXU8%2FRvOFqofUZoNIg%3D","asin":"B01M0VSEAZ","developerInfo":{"privacyPolicy":"https://www.netgear.com/about/privacy-policy/"},"refMetadata":{"ref":"skill_dsk_skb_ys_0","disableSkillRef":"skill_dsk_dis_ys","enableSkillRef":"skill_dsk_ena_ys","linkAccountSkillRef":"skill_dsk_las_ys"}},{"usesSpeakerId":false,"vpcRequired":false,"kstRequired":false,"isPrivate":false,"showISPFeedbackIssueType":false,"title":"Nest Camera","productDetails":{"smallScreenDescription":"Stream your Nest camera video to your Echo Show or Fire TV.","genericKeywords":[],"releaseDate":"1498386999","pamsPartnerId":"r2jbgLK8zxtT9iuhLBdRYoTPg","description":"Nest cameras are designed to help you look after your home and family &ndash; even when you&rsquo;re away. Now you can control your Nest camera using Alexa with your Echo Show, Echo Spot, Fire TV, Fire Stick or Fire Tablets (Gen7 &amp; above).<br /><br />To get started, select the 'Enable Skill' button to link your Nest account and discover your Nest cameras. For further assistance, please refer to http://tinyurl.com/alexa-smart-home.<br /><br />After linking your Nest account and discovering your Nest cameras in your Alexa account, you can start streaming live video to your Echo Show, Echo Spot, Fire TV or Fire Tablets (Gen7 &amp; above). To see your Nest camera feed on the device, just say commands* like:<br />  - &quot;Alexa, show the backyard camera&quot;<br />  - &quot;Alexa, show the feed from the front door camera&quot;<br /><br />To stop your Nest camera from streaming video, you can say:<br />  - &quot;Alexa, hide the kids room camera&quot;<br /><br />Learn more about how Alexa works with Nest: https://nest.com/support/article/Learn-how-to-control-your-Nest-products-with-Amazon-Alexa<br /><br />Compatible Nest Cameras:<br />  - Dropcam<br />  - Dropcam Pro<br />  - Nest Cam Indoor<br />  - Nest Cam Outdoor<br />  - Nest Cam IQ<br /><br />Compatible Amazon Alexa Devices:<br />  - Echo Show<br />  - Echo Spot<br />  - All generations of Fire TV<br />  - Second generations of Fire TV stick<br />  - Fire TV Edition smart TVs<br />  - Fire Tablets (generation 7 and above)<br /><br />* When using this Skill, you need to specify the name of the desired camera. The name is equivalent to the location of where the camera was installed and can be found and configured in the Nest app. You can also add Nest cameras to new or existing groups in the Alexa app (http://tinyurl.com/alexa-smart-home-groups).","vendorId":"M258KP8OWYZDVQ","eula":"https://nest.com/legal/terms-of-service","permissionsInfo":[],"consentUnavailable":true,"skillTypes":["SMART_HOME"],"bulletPoints":[],"newInThisVersionBulletPoints":[],"supportsAccountLinking":true},"isInSkillProduct":false,"detailPageUrl":"/gp/product/B072KV8NJ5","productMetadata":{"skillId":"amzn1.ask.skill.381678d7-278a-4ff5-9071-e1a1e756ae82","badge":"","stage":"live","enablementPartnerId":"r2jbgLK8zxtT9iuhLBdRYoTPg","status":"PUBLISHED"},"reviews":{"allReviewsUrl":"/product-reviews/B072KV8NJ5"},"preRenderedIconUrl":"https://s3.amazonaws.com/CAPS-SSE/echo_developer/0e1ecfb478ba47039063234d5e2d2273/APP_ICON?versionId=ZcINHw9LyY_QBp_3ny_hU1El0Zh1kzaJ&AWSAccessKeyId=AKIAI3X6PUXD7CU5F5BQ&Expires=1530451059&Signature=nqFWxZXxnXccY2LIDzpnHMUKOKQ%3D","hasInSkillProducts":false,"hideReviews":false,"utterancesByLocale":{"en-AU":{"utterances":"[\"Alexa, show the front door\",\"Alexa, show the feed from the backyard\",\"Alexa, hide the kids room\"]","openQuote":"‘","refSuffix":"utd_ys_enau","label":"English (AU)","closeQuote":"’"},"en-CA":{"utterances":"[\"Alexa, show the front door\",\"Alexa, show the feed from the backyard\",\"Alexa, hide the kids room\"]","openQuote":"\"","refSuffix":"utd_ys_enca","label":"English (CA)","closeQuote":"\""},"en-US":{"utterances":"[\"Alexa, show the front door\",\"Alexa, show the feed from the backyard\",\"Alexa, hide the kids room\"]","openQuote":"\"","refSuffix":"utd_ys_enus","label":"English (US)","closeQuote":"\""}},"entitlementInfo":{"entitlementStatus":"entitled","modelBuildingStatus":"ENABLED","accountLinked":true},"utterances":["Alexa, show the front door","Alexa, show the feed from the backyard","Alexa, hide the kids room"],"supportsMultipleProfiles":true,"shortDescription":"Stream your Nest camera video to your Echo Show or Fire TV.","productIconUrl":"https://s3.amazonaws.com/CAPS-SSE/echo_developer/0e1ecfb478ba47039063234d5e2d2273/APP_ICON?versionId=ZcINHw9LyY_QBp_3ny_hU1El0Zh1kzaJ&AWSAccessKeyId=AKIAI3X6PUXD7CU5F5BQ&Expires=1530451059&Signature=nqFWxZXxnXccY2LIDzpnHMUKOKQ%3D","asin":"B072KV8NJ5","developerInfo":{"privacyPolicy":"https://nest.com/privacy"},"refMetadata":{"ref":"skill_dsk_skb_ys_1","disableSkillRef":"skill_dsk_dis_ys","enableSkillRef":"skill_dsk_ena_ys","linkAccountSkillRef":"skill_dsk_las_ys"}},{"usesSpeakerId":false,"vpcRequired":false,"kstRequired":false,"isPrivate":false,"showISPFeedbackIssueType":false,"title":"Reuters TV (U.S.)","productDetails":{"smallScreenDescription":"Up-to-date news from Reuters TV.","genericKeywords":[],"releaseDate":"1484262302","description":"Reuters Now is your 5 minute news briefing from Reuters TV. Updated around the clock by editorial teams on four continents, Reuters TV taps into a network of 2,500 journalists reporting from 200 locations worldwide. Straight from the source and made to fit your day.","vendorId":"M10DYU5SYWLUEJ","eula":"https://www.reuters.tv/tos","permissionsInfo":[],"consentUnavailable":true,"skillTypes":["CONTENT"],"bulletPoints":[],"newInThisVersionBulletPoints":[],"supportsAccountLinking":false},"isInSkillProduct":false,"detailPageUrl":"/gp/product/B01N1MTU0I","productMetadata":{"skillId":"amzn1.ask.skill.5ed629bb-1036-415b-986c-5d8e7042f3a2","badge":"","stage":"live","status":"PUBLISHED"},"reviews":{"allReviewsUrl":"/product-reviews/B01N1MTU0I"},"preRenderedIconUrl":"https://s3.amazonaws.com/CAPS-SSE/echo_developer/d26d98ba9fcf4cdab2a965403b64659a/APP_ICON?versionId=gLiBGf2UrhwDYreJRpsA5ka60Xa4qCTT&AWSAccessKeyId=AKIAI3X6PUXD7CU5F5BQ&Expires=1530451059&Signature=0Us3%2BkNK3BaKU8OuSxYPTR3ziDE%3D","hasInSkillProducts":false,"hideReviews":false,"utterancesByLocale":{"en-US":{"utterances":"[\"Alexa, what's my Flash Briefing?\",\"Alexa, what's in the news?\"]","openQuote":"\"","refSuffix":"utd_ys_enus","label":"English (US)","closeQuote":"\""}},"entitlementInfo":{"entitlementStatus":"entitled","modelBuildingStatus":"ENABLED","accountLinked":false},"utterances":["Alexa, what's my Flash Briefing?","Alexa, what's in the news?"],"supportsMultipleProfiles":true,"shortDescription":"Up-to-date news from Reuters TV.","productIconUrl":"https://s3.amazonaws.com/CAPS-SSE/echo_developer/d26d98ba9fcf4cdab2a965403b64659a/APP_ICON?versionId=gLiBGf2UrhwDYreJRpsA5ka60Xa4qCTT&AWSAccessKeyId=AKIAI3X6PUXD7CU5F5BQ&Expires=1530451059&Signature=0Us3%2BkNK3BaKU8OuSxYPTR3ziDE%3D","asin":"B01N1MTU0I","developerInfo":{"privacyPolicy":"https://www.reuters.tv/privacy","name":"Thomson Reuters"},"refMetadata":{"ref":"skill_dsk_skb_ys_2","disableSkillRef":"skill_dsk_dis_ys","enableSkillRef":"skill_dsk_ena_ys","linkAccountSkillRef":"skill_dsk_las_ys"}},{"usesSpeakerId":false,"vpcRequired":false,"kstRequired":false,"isPrivate":false,"showISPFeedbackIssueType":false,"title":"Weather","productDetails":{"smallScreenDescription":"A brief update on today' weather conditions.","genericKeywords":[],"releaseDate":"1470150749","description":"As part of your Flash Briefing, Alexa will provide a brief update on the current weather conditions, and the forecast for the day.<br /><br />Forecast data provided by AccuWeather.","vendorId":"M1JK1NFTW50PO4","permissionsInfo":[],"consentUnavailable":true,"skillTypes":["CONTENT"],"bulletPoints":[],"newInThisVersionBulletPoints":[],"supportsAccountLinking":false},"isInSkillProduct":false,"detailPageUrl":"/gp/product/B01JHLFTJO","productMetadata":{"skillId":"amzn1.ask.skill.c86d0fa8-0307-471b-82af-aa71b816acc4","badge":"","stage":"live","status":"PUBLISHED"},"reviews":{"allReviewsUrl":"/product-reviews/B01JHLFTJO"},"preRenderedIconUrl":"https://s3.amazonaws.com/CAPS-SSE/echo_developer/72c8775e48e24a5686e1a7515dfa2136/APP_ICON?versionId=eZn650gtxtc5kZJCDqmd.c2Ae0AHT6A6&AWSAccessKeyId=AKIAI3X6PUXD7CU5F5BQ&Expires=1530451059&Signature=eI5aUZkqVdmJa%2BVX2tngZPuefE4%3D","hasInSkillProducts":false,"hideReviews":false,"utterancesByLocale":{"en-US":{"utterances":"[\"Alexa, what's my Flash Briefing?\",\"Alexa, what's in the news?\"]","openQuote":"\"","refSuffix":"utd_ys_enus","label":"English (US)","closeQuote":"\""}},"entitlementInfo":{"entitlementStatus":"entitled","modelBuildingStatus":"ENABLED","accountLinked":false},"utterances":["Alexa, what's my Flash Briefing?","Alexa, what's in the news?"],"supportsMultipleProfiles":true,"shortDescription":"A brief update on today' weather conditions.","productIconUrl":"https://s3.amazonaws.com/CAPS-SSE/echo_developer/72c8775e48e24a5686e1a7515dfa2136/APP_ICON?versionId=eZn650gtxtc5kZJCDqmd.c2Ae0AHT6A6&AWSAccessKeyId=AKIAI3X6PUXD7CU5F5BQ&Expires=1530451059&Signature=eI5aUZkqVdmJa%2BVX2tngZPuefE4%3D","asin":"B01JHLFTJO","developerInfo":{},"refMetadata":{"ref":"skill_dsk_skb_ys_3","disableSkillRef":"skill_dsk_dis_ys","enableSkillRef":"skill_dsk_ena_ys","linkAccountSkillRef":"skill_dsk_las_ys"}},{"usesSpeakerId":false,"vpcRequired":false,"kstRequired":false,"isPrivate":false,"showISPFeedbackIssueType":false,"title":"Wink","productDetails":{"smallScreenDescription":"With Amazon Alexa, Wink smart home users can use simple voice commands to control their Wink-compatible lights, locks, and Wink-enabled Nest Thermostats.","genericKeywords":[],"releaseDate":"1461105991","pamsPartnerId":"F431cH5iTzciT1TaoaiAqffqM","description":"Say goodbye to fumbling with the light switch or door lock when you walk into a dark house with your hands full. Alexa makes it easier than ever to control your Wink-compatible lights, outlets, switches, locks, and thermostats. <br /><br />Using Wink with Alexa is a flexible, convenient way to control your smart products. Here are some examples to get started:<br /><br />&ldquo;Alexa, is the front door locked?&rdquo;<br />&ldquo;Alexa, lock the front door.&rdquo;<br />&ldquo;Alexa, turn on the downstairs lamp.&rdquo;<br />&ldquo;Alexa, set living room light to 50%.&rdquo;<br />&quot;Alexa, set bedroom to warm white&quot;<br /><br />You can also use Alexa to control Wink Shortcuts that include only Wink-compatible lighting products. For example, say &ldquo;Alexa, turn on Good Morning&rdquo; and Alexa will turn on all the lights in your bedroom while you&rsquo;re still cozy in bed. <br /><br />Note: In order to use Amazon Alexa with Wink-compatible products, you&rsquo;ll need a Wink account. Some products require the Wink Hub or Wink Hub 2. From there, getting started is easy:<br /><br />1. Connect compatible products in the Wink app and set individual names for each product (bedroom lamp, kitchen light, front door, etc.). <br />2. Then, link your Wink account to Alexa within the Alexa mobile app (Settings &gt; Skills &gt; Type in &amp; search &ldquo;Wink&rdquo; &gt; Select &ldquo;Wink&rdquo; &gt; Select &ldquo;Enable&rdquo;.)<br />3. From there, say &ldquo;Alexa, discover new devices.&rdquo; This can take up to 20 seconds.<br /><br />You can also unlock locks using Wink + Alexa by creating a voice PIN in the Alexa app. Once set up, unlocking your smart lock is as easy as saying a four-digit voice code.<br /><br />Visit http://echo.wink.com/ for a full list of Wink-compatible products that work with Alexa.","vendorId":"M262G9N0W7Y1U5","eula":"http://www.wink.com/legal/","permissionsInfo":[{"defaultValue":true,"consentlessScope":true,"id":"alexa::async_event:write","consented":true}],"consentUnavailable":false,"skillTypes":["SMART_HOME"],"bulletPoints":[],"newInThisVersionBulletPoints":[],"supportsAccountLinking":true},"isInSkillProduct":false,"detailPageUrl":"/gp/product/B01EIQYF3E","productMetadata":{"skillId":"amzn1.ask.skill.013efdab-897c-4dff-9728-ac679242d818","badge":"","stage":"live","enablementPartnerId":"F431cH5iTzciT1TaoaiAqffqM","status":"PUBLISHED"},"reviews":{"allReviewsUrl":"/product-reviews/B01EIQYF3E"},"preRenderedIconUrl":"https://s3.amazonaws.com/CAPS-SSE/echo_developer/dec5297efea84a2ba848b29491b8cfd0/APP_ICON?versionId=_LtT2OxUqBWOjOY.b3qXDORcBiSD6qHq&AWSAccessKeyId=AKIAI3X6PUXD7CU5F5BQ&Expires=1530451059&Signature=rsTsbu731HLJRUc6qSm2taE8bIE%3D","hasInSkillProducts":false,"hideReviews":false,"utterancesByLocale":{"en-CA":{"utterances":"[\"Alexa, turn on the porch light\",\"Alexa, set the living room to 20 degrees\",\"Alexa, lock the front door\"]","openQuote":"\"","refSuffix":"utd_ys_enca","label":"English (CA)","closeQuote":"\""},"en-US":{"utterances":"[\"Alexa, turn on the porch light\",\"Alexa, set the living room to 68 degrees\",\"Alexa, lock the front door\"]","openQuote":"\"","refSuffix":"utd_ys_enus","label":"English (US)","closeQuote":"\""}},"entitlementInfo":{"entitlementStatus":"entitled","modelBuildingStatus":"ENABLED","accountLinked":true},"utterances":["Alexa, turn on the porch light","Alexa, set the living room to 68 degrees","Alexa, lock the front door"],"supportsMultipleProfiles":true,"shortDescription":"With Amazon Alexa, Wink smart home users can use simple voice commands to control their Wink-compatible lights, locks, and Wink-enabled Nest Thermostats.","productIconUrl":"https://s3.amazonaws.com/CAPS-SSE/echo_developer/dec5297efea84a2ba848b29491b8cfd0/APP_ICON?versionId=_LtT2OxUqBWOjOY.b3qXDORcBiSD6qHq&AWSAccessKeyId=AKIAI3X6PUXD7CU5F5BQ&Expires=1530451059&Signature=rsTsbu731HLJRUc6qSm2taE8bIE%3D","asin":"B01EIQYF3E","developerInfo":{"privacyPolicy":"http://www.wink.com/legal/"},"refMetadata":{"ref":"skill_dsk_skb_ys_4","disableSkillRef":"skill_dsk_dis_ys","enableSkillRef":"skill_dsk_ena_ys","linkAccountSkillRef":"skill_dsk_las_ys"}},{"usesSpeakerId":false,"vpcRequired":false,"kstRequired":false,"isPrivate":false,"showISPFeedbackIssueType":false,"title":"iSmartAlarm","productDetails":{"smallScreenDescription":"iSmartAlarm is the leader in DIY smart home security with no fees or contracts. You can control your iSmartAlarm Smart Home Security System with this skill.","genericKeywords":[],"releaseDate":"1495491516","pamsPartnerId":"IWF9yNKb7KEbWtvmLyb7ep4cS","description":"iSmartAlarm is the leader in DIY smart home security.  The iSmartAlarm Home Security System is a self-monitored, self-managed, wireless system with no monthly fees and no contracts. Control and monitor your home with cameras, easy-to-install sensors, and an intuitive app. Visit www.ismartalarm.com to learn more.<br /><br />You can arm and disarm your iSmartAlarm Smart Home Security System with this skill.<br /><br />In order to use this skill, you will need to link your iSmartAlarm account to Alexa and have an iSmartAlarm Home Security System.","vendorId":"M3LS6B4DZDHJ46","permissionsInfo":[],"consentUnavailable":true,"skillTypes":["CUSTOM"],"invocationPhrase":"i. smart alarm","bulletPoints":[],"newInThisVersionBulletPoints":[],"supportsAccountLinking":true},"isInSkillProduct":false,"detailPageUrl":"/gp/product/B01LAFIJBK","productMetadata":{"skillId":"amzn1.ask.skill.8ccabd3a-a2e5-402a-b281-680ee078cb26","badge":"","stage":"live","enablementPartnerId":"IWF9yNKb7KEbWtvmLyb7ep4cS","status":"PUBLISHED"},"reviews":{"allReviewsUrl":"/product-reviews/B01LAFIJBK"},"preRenderedIconUrl":"https://s3.amazonaws.com/CAPS-SSE/echo_developer/d84e87dae4084c62a4ee032eeb369145/APP_ICON?versionId=aGoRapPc5kOEZBbH6hFLpKdJDpya8ix.&AWSAccessKeyId=AKIAI3X6PUXD7CU5F5BQ&Expires=1530451059&Signature=ngKVjsn2yxMfYn2GAbZPKh0fWHo%3D","hasInSkillProducts":false,"hideReviews":false,"utterancesByLocale":{"en-AU":{"utterances":"[\"Alexa, tell iSmartAlarm to arm my system\",\"Alexa, tell iSmartAlarm to disarm my system\",\"Alexa, tell iSmartAlarm to set mode to home\"]","openQuote":"‘","refSuffix":"utd_ys_enau","label":"English (AU)","closeQuote":"’"},"en-CA":{"utterances":"[\"Alexa, tell iSmartAlarm to arm my system\",\"Alexa, tell iSmartAlarm to disarm my system\",\"Alexa, tell iSmartAlarm to set mode to home\"]","openQuote":"\"","refSuffix":"utd_ys_enca","label":"English (CA)","closeQuote":"\""},"en-GB":{"utterances":"[\"Alexa, tell iSmartAlarm to arm my system\",\"Alexa, tell iSmartAlarm to disarm my system\",\"Alexa, tell iSmartAlarm to set mode to home\"]","openQuote":"\"","refSuffix":"utd_ys_engb","label":"English (GB)","closeQuote":"\""},"en-US":{"utterances":"[\"Alexa, tell iSmartAlarm to arm my system\",\"Alexa, tell iSmartAlarm to disarm my system\",\"Alexa, tell iSmartAlarm to set mode to home\"]","openQuote":"\"","refSuffix":"utd_ys_enus","label":"English (US)","closeQuote":"\""}},"entitlementInfo":{"entitlementStatus":"entitled","modelBuildingStatus":"ENABLED","accountLinked":true},"utterances":["Alexa, tell iSmartAlarm to arm my system","Alexa, tell iSmartAlarm to disarm my system","Alexa, tell iSmartAlarm to set mode to home"],"supportsMultipleProfiles":true,"shortDescription":"iSmartAlarm is the leader in DIY smart home security with no fees or contracts. You can control your iSmartAlarm Smart Home Security System with this skill.","productIconUrl":"https://s3.amazonaws.com/CAPS-SSE/echo_developer/d84e87dae4084c62a4ee032eeb369145/APP_ICON?versionId=aGoRapPc5kOEZBbH6hFLpKdJDpya8ix.&AWSAccessKeyId=AKIAI3X6PUXD7CU5F5BQ&Expires=1530451059&Signature=ngKVjsn2yxMfYn2GAbZPKh0fWHo%3D","asin":"B01LAFIJBK","developerInfo":{"privacyPolicy":"https://www.ismartalarm.com/us/info/privacyinfo"},"refMetadata":{"ref":"skill_dsk_skb_ys_5","disableSkillRef":"skill_dsk_dis_ys","enableSkillRef":"skill_dsk_ena_ys","linkAccountSkillRef":"skill_dsk_las_ys"}}]}]}]