{"activityDialogItems":[{"activityItemData":"{\"ttsText\":\"\",\"utteranceId\":\"AB72C64C86AW2:1.0/2018/05/15/13/B0F00712518400WN/07:18::TNIH_2V.5f36e530-da6b-42dc-a0f5-5e3a10c8872cZXV\",\"endOfSpeechTimeInMillis\":0,\"isFalseWakeWord\":false,\"asrText\":\"\"}","description":null,"feedbackAttributes":null,"id":"eyJyZWdpc3RlcmVkVXNlcklkIjoiQTJGMDdOOFRESUFLNVUiLCJlbnRyeUlkIjoiMTUyNjM4OTY0NTEwNiNBQjcyQzY0Qzg2QVcyI0IwRjAwNzEyNTE4NDAwV04jMC0wIn0","itemType":"ASR","registeredUserId":"A2F07N8TDIAK5U","sourceDevice":"{\"deviceSerialNumber\":\"B0F00712518400WN\",\"deviceType\":\"AB72C64C86AW2\"}","timestamp":0,"utteranceId":"AB72C64C86AW2:1.0/2018/05/15/13/B0F00712518400WN/07:18::TNIH_2V.5f36e530-da6b-42dc-a0f5-5e3a10c8872cZXV","version":1},{"activityItemData":"{\"ttsText\":\"\",\"intentType\":\"Unknown\",\"slots\":null,\"confidenceValue\":null,\"domainType\":\"Unknown\",\"nbestIntentIndex\":0,\"asrText\":\"\"}","description":null,"feedbackAttributes":null,"id":"eyJyZWdpc3RlcmVkVXNlcklkIjoiQTJGMDdOOFRESUFLNVUiLCJlbnRyeUlkIjoiMTUyNjM4OTY0NTEwNiNBQjcyQzY0Qzg2QVcyI0IwRjAwNzEyNTE4NDAwV04jMTUyNjM4OTY0NTEwNy0xIn0","itemType":"NLU","registeredUserId":"A2F07N8TDIAK5U","sourceDevice":"{\"deviceSerialNumber\":\"B0F00712518400WN\",\"deviceType\":\"AB72C64C86AW2\"}","timestamp":1526389645107,"utteranceId":"AB72C64C86AW2:1.0/2018/05/15/13/B0F00712518400WN/07:18::TNIH_2V.5f36e530-da6b-42dc-a0f5-5e3a10c8872cZXV","version":1}]}