{"devices":[{"accountName":"This Device","appDeviceList":[{"deviceAccountId":"A0529216353ZKG8WU9M6O","deviceType":"A2TF17PFR55MTB","serialNumber":"515cefc2f44e41dc9b6a4f7d54820900"}],"capabilities":["VOLUME_SETTING"],"charging":null,"clusterMembers":[],"deviceAccountId":"A0529216353ZKG8WU9M6O","deviceFamily":"VOX","deviceOwnerCustomerId":"A2F07N8TDIAK5U","deviceType":"A2TF17PFR55MTB","deviceTypeFriendlyName":null,"essid":null,"language":null,"macAddress":null,"online":true,"parentClusters":[],"postalCode":null,"registrationId":null,"remainingBatteryLevel":null,"serialNumber":"515cefc2f44e41dc9b6a4f7d54820900","softwareVersion":"130050002"},{"accountName":"Jessie's Alexa Apps","appDeviceList":[{"deviceAccountId":"AGQS6C6RFOZF","deviceType":"A1MPSLFC7L5AFK","serialNumber":"6eb18f2fca814f8797c4d970557e435d"}],"capabilities":["VOLUME_SETTING"],"charging":null,"clusterMembers":[],"deviceAccountId":"AGQS6C6RFOZF","deviceFamily":"MSHOP","deviceOwnerCustomerId":"A2F07N8TDIAK5U","deviceType":"A1MPSLFC7L5AFK","deviceTypeFriendlyName":null,"essid":null,"language":null,"macAddress":null,"online":false,"parentClusters":[],"postalCode":null,"registrationId":null,"remainingBatteryLevel":null,"serialNumber":"6eb18f2fca814f8797c4d970557e435d","softwareVersion":"130050002"}]}