{"activityDialogItems":[{"activityItemData":"{\"ttsText\":\"\",\"utteranceId\":\"AB72C64C86AW2:1.0/2018/05/15/13/B0F00712518400WN/05:43::TNIH_2V.1c3c78aa-5535-464c-82a4-af1b8b60454bZXV/2\",\"endOfSpeechTimeInMillis\":1526389550362,\"isFalseWakeWord\":false,\"asrText\":\"what time is it\"}","description":null,"feedbackAttributes":null,"id":"eyJyZWdpc3RlcmVkVXNlcklkIjoiQTJGMDdOOFRESUFLNVUiLCJlbnRyeUlkIjoiMTUyNjM4OTU1MDk4MCNBQjcyQzY0Qzg2QVcyI0IwRjAwNzEyNTE4NDAwV04jMTUyNjM4OTU1MDM2Mi0wIn0","itemType":"ASR","registeredUserId":"A2F07N8TDIAK5U","sourceDevice":"{\"deviceType\":\"AB72C64C86AW2\",\"deviceSerialNumber\":\"B0F00712518400WN\"}","timestamp":1526389550362,"utteranceId":"AB72C64C86AW2:1.0/2018/05/15/13/B0F00712518400WN/05:43::TNIH_2V.1c3c78aa-5535-464c-82a4-af1b8b60454bZXV","version":1},{"activityItemData":"{\"ttsText\":\"\",\"intentType\":\"WhatTimeIntent\",\"slots\":[{\"name\":\"ApplicationDataSlot\",\"value\":null}],\"confidenceValue\":\"1.0\",\"domainType\":\"Global\",\"nbestIntentIndex\":0,\"asrText\":\"\"}","description":null,"feedbackAttributes":null,"id":"eyJyZWdpc3RlcmVkVXNlcklkIjoiQTJGMDdOOFRESUFLNVUiLCJlbnRyeUlkIjoiMTUyNjM4OTU1MDk4MCNBQjcyQzY0Qzg2QVcyI0IwRjAwNzEyNTE4NDAwV04jMTUyNjM4OTU1MDk4MS0xIn0","itemType":"NLU","registeredUserId":"A2F07N8TDIAK5U","sourceDevice":"{\"deviceType\":\"AB72C64C86AW2\",\"deviceSerialNumber\":\"B0F00712518400WN\"}","timestamp":1526389550981,"utteranceId":"AB72C64C86AW2:1.0/2018/05/15/13/B0F00712518400WN/05:43::TNIH_2V.1c3c78aa-5535-464c-82a4-af1b8b60454bZXV","version":1},{"activityItemData":"{\"ttsText\":\"The time is 3:05 PM.\",\"voiceName\":\"en_us_nina\",\"ssml\":\"<speak><prosody volume=\\\"x-loud\\\">The time is 3:05 PM.<\\/prosody><metadata><promptMetadata><promptId>SP_WhatTimePrompt_v2<\\/promptId><namespace>ALARMS<\\/namespace><locale>en_US<\\/locale><overrideId>default<\\/overrideId><variant>4da313e9-ccb4-42e6-b744-92722f2e6817<\\/variant><condition/><weight>1<\\/weight><stageVersion>Adm-20180508_040726-2<\\/stageVersion><promptData><replyType/><timeZone>{fixed=false, uncachedZone={fixed=false, cachable=true, id=Europe/Paris}, id=Europe/Paris}<\\/timeZone><timeIntroText/><timeText>3:05 PM<\\/timeText><promptID>SP_WhatTimePrompt_v2<\\/promptID><namespace>ALARMS<\\/namespace><hourOfDay>15<\\/hourOfDay><overrideId/><periodOfDay/><prosodyPreRenderHook/><expectations/><minuteOfHour>5<\\/minuteOfHour><\\/promptData><\\/promptMetadata><\\/metadata><\\/speak>\",\"ttsServiceVersion\":\"unknown\",\"asrText\":\"\",\"ttsRequestId\":\"unknown\"}","description":null,"feedbackAttributes":null,"id":"eyJyZWdpc3RlcmVkVXNlcklkIjoiQTJGMDdOOFRESUFLNVUiLCJlbnRyeUlkIjoiMTUyNjM4OTU1MDk4MCNBQjcyQzY0Qzg2QVcyI0IwRjAwNzEyNTE4NDAwV04jMTUyNjM4OTU1MDk4Mi0yIn0","itemType":"TTS","registeredUserId":"A2F07N8TDIAK5U","sourceDevice":"{\"deviceType\":\"AB72C64C86AW2\",\"deviceSerialNumber\":\"B0F00712518400WN\"}","timestamp":1526389550982,"utteranceId":"AB72C64C86AW2:1.0/2018/05/15/13/B0F00712518400WN/05:43::TNIH_2V.1c3c78aa-5535-464c-82a4-af1b8b60454bZXV","version":1}]}