{"bluetoothStates":[{"deviceSerialNumber":"515cefc2f44e41dc9b6a4f7d54820900","deviceType":"A2TF17PFR55MTB","friendlyName":null,"gadgetPaired":false,"online":false,"pairedDeviceList":null,"sconeBattery":null,"sconePaired":false,"softwareVersion":"130050002","streamingState":null},{"deviceSerialNumber":"6eb18f2fca814f8797c4d970557e435d","deviceType":"A1MPSLFC7L5AFK","friendlyName":null,"gadgetPaired":false,"online":false,"pairedDeviceList":null,"sconeBattery":null,"sconePaired":false,"softwareVersion":"130050002","streamingState":null}]}