{"activityDialogItems":[{"activityItemData":"{\"ttsText\":\"\",\"utteranceId\":\"AB72C64C86AW2:1.0/2018/05/15/13/B0F00712518400WN/06:12::TNIH_2V.09c4df90-bf20-4f1e-b559-0e73ab62add0ZXV/1\",\"endOfSpeechTimeInMillis\":1526389574525,\"isFalseWakeWord\":false,\"asrText\":\"what's the weather for today\"}","description":null,"feedbackAttributes":null,"id":"eyJyZWdpc3RlcmVkVXNlcklkIjoiQTJGMDdOOFRESUFLNVUiLCJlbnRyeUlkIjoiMTUyNjM4OTU3NTEyMiNBQjcyQzY0Qzg2QVcyI0IwRjAwNzEyNTE4NDAwV04jMTUyNjM4OTU3NDUyNS0wIn0","itemType":"ASR","registeredUserId":"A2F07N8TDIAK5U","sourceDevice":"{\"deviceType\":\"AB72C64C86AW2\",\"deviceSerialNumber\":\"B0F00712518400WN\"}","timestamp":1526389574525,"utteranceId":"AB72C64C86AW2:1.0/2018/05/15/13/B0F00712518400WN/06:12::TNIH_2V.09c4df90-bf20-4f1e-b559-0e73ab62add0ZXV","version":1},{"activityItemData":"{\"ttsText\":\"\",\"intentType\":\"GetWeatherForecastIntent\",\"slots\":[{\"name\":\"ShortWeatherDetail\",\"value\":null},{\"name\":\"WeatherDate\",\"value\":\"2018-05-15\"},{\"name\":\"WeatherLocationCity\",\"value\":null},{\"name\":\"WeatherLocationState\",\"value\":null},{\"name\":\"WeatherDuration\",\"value\":null},{\"name\":\"WeatherLocationCountry\",\"value\":null},{\"name\":\"WeatherTime\",\"value\":null},{\"name\":\"Anaphor\",\"value\":null},{\"name\":\"ApplicationDataSlot\",\"value\":null},{\"name\":\"ForecastType\",\"value\":null},{\"name\":\"VisualModeTrigger\",\"value\":null},{\"name\":\"PrecipitationTimeQuery\",\"value\":null}],\"confidenceValue\":\"1.0\",\"domainType\":\"Weather\",\"nbestIntentIndex\":0,\"asrText\":\"\"}","description":null,"feedbackAttributes":null,"id":"eyJyZWdpc3RlcmVkVXNlcklkIjoiQTJGMDdOOFRESUFLNVUiLCJlbnRyeUlkIjoiMTUyNjM4OTU3NTEyMiNBQjcyQzY0Qzg2QVcyI0IwRjAwNzEyNTE4NDAwV04jMTUyNjM4OTU3NTEyMy0xIn0","itemType":"NLU","registeredUserId":"A2F07N8TDIAK5U","sourceDevice":"{\"deviceType\":\"AB72C64C86AW2\",\"deviceSerialNumber\":\"B0F00712518400WN\"}","timestamp":1526389575123,"utteranceId":"AB72C64C86AW2:1.0/2018/05/15/13/B0F00712518400WN/06:12::TNIH_2V.09c4df90-bf20-4f1e-b559-0e73ab62add0ZXV","version":1},{"activityItemData":"{\"ttsText\":\"Right now in Le Pigeon, it's 16 degrees Celsius with mostly cloudy skies. Today's forecast has lots of clouds and thunderstorms, with a high of 17 degrees and a low of 9 degrees. \",\"voiceName\":\"en_us_nina\",\"ssml\":\"<speak><prosody volume=\\\"x-loud\\\">Right now in <w role=\\\"amazon:city\\\">Le Pigeon<\\/w>, it's 16 degrees Celsius with mostly cloudy skies. Today's forecast has lots of clouds and thunderstorms, with a high of 17 degrees and a low of 9 degrees. <\\/prosody><metadata><promptMetadata><promptId>WeatherSummaryReportLocV2<\\/promptId><namespace>Weather.WeatherQueryIntent<\\/namespace><locale>en_US<\\/locale><overrideId>default<\\/overrideId><variant>1<\\/variant><condition/><weight>1<\\/weight><stageVersion>Adm-20180301_233633-1<\\/stageVersion><promptData><maxTemperature>17<\\/maxTemperature><temperatureWithScale>16 degrees<\\/temperatureWithScale><locationEnglishName>Le Pigeon<\\/locationEnglishName><currentConditionsText>mostly cloudy skies<\\/currentConditionsText><temperatureStringWithScale>16 degrees Celsius<\\/temperatureStringWithScale><minTemperatureWithScale>9 degrees<\\/minTemperatureWithScale><maxTemperatureWithScale>17 degrees<\\/maxTemperatureWithScale><alertEndDate/><alertEndDateTime/><needsPhoneme>false<\\/needsPhoneme><alertDescription/><maxTemperatureString>17 degrees<\\/maxTemperatureString><alertIdToUse>NO_ITEM<\\/alertIdToUse><minTemperature>9<\\/minTemperature><promptID>WeatherSummaryReportLocV2<\\/promptID><temperature>16<\\/temperature><promptIdToUse>DAY_WITHOUT_ALERT<\\/promptIdToUse><prosodyPreRenderHook/><expectations/><day>true<\\/day><alertStartDateTime/><alertStartTime/><replyType/><alertData>false<\\/alertData><promptLocation>Le Pigeon<\\/promptLocation><forecastIcon>16<\\/forecastIcon><alertStartDate/><forecastText>lots of clouds and thunderstorms<\\/forecastText><temperatureString>16 degrees<\\/temperatureString><namespace>Weather.WeatherQueryIntent<\\/namespace><overrideId/><location>Le Pigeon<\\/location><minTemperatureString>9 degrees<\\/minTemperatureString><alertEndTime/><currentConditionsIcon>6<\\/currentConditionsIcon><\\/promptData><\\/promptMetadata><\\/metadata><\\/speak>\",\"ttsServiceVersion\":\"unknown\",\"asrText\":\"\",\"ttsRequestId\":\"unknown\"}","description":null,"feedbackAttributes":null,"id":"eyJyZWdpc3RlcmVkVXNlcklkIjoiQTJGMDdOOFRESUFLNVUiLCJlbnRyeUlkIjoiMTUyNjM4OTU3NTEyMiNBQjcyQzY0Qzg2QVcyI0IwRjAwNzEyNTE4NDAwV04jMTUyNjM4OTU3NTEyNC0yIn0","itemType":"TTS","registeredUserId":"A2F07N8TDIAK5U","sourceDevice":"{\"deviceType\":\"AB72C64C86AW2\",\"deviceSerialNumber\":\"B0F00712518400WN\"}","timestamp":1526389575124,"utteranceId":"AB72C64C86AW2:1.0/2018/05/15/13/B0F00712518400WN/06:12::TNIH_2V.09c4df90-bf20-4f1e-b559-0e73ab62add0ZXV","version":1}]}